Metabolite,"LysoPA(22:5(7Z,10Z,13Z,16Z,19Z)/0:0)",Palmitoylcarnitine,Chenodeoxycholylarginine,Dihomo-alpha-linolenic acid,N-Oleoyl Arginine,Acetolein,8-Amino-7-oxononanoic acid,LysoPC(16:1(9Z)/0:0),GPEtn(16:1/22:5),3-Oxododecanoic acid,Dihydrozeatin-O-glucoside,3-Ketosphingosine,Estradiol cypionate,Macimorelin,L-Asparagine,(+/-)-Pelletierine,Nerolidol,"PE-NMe2(18:2(9Z,12Z)/14:1(9Z))",Glycerylphosphorylcholine,Stearamide,PC(18:1(11Z)/14:1(9Z)),LysoPA(O-18:0/0:0),KAPA,Sebacic Acid,Hexylamine,Sucrose,"7-[(1R,2R,3R,5S)-3,5-Dihydroxy-2-[(3S)-3-hydroxyoctyl]cyclopentyl]heptanoylcarnitine","DG(20:5(7Z,9Z,11E,13E,17Z)-3OH(5,6,15)/0:0/22:0)",Miglitol,GPEtn(16:1/18:0),Fagomine,"PG(18:2(9Z,12Z)/16:0)",Arabinofuranosylcytosine,Latrunculin B,17-AAG,Apstatin,GPCho(18:1/16:0),Ruscogenin,1-Hexadecanol,"N-(4-Methylpentan-2-yl)-N-phenylbenzene-1,4-diamine",N-Undecanoylglycine,Icofungipen,Linoleic acid,Stearidonic acid,Epothilone B,Eriojaposide B,Isoetharine,Amastatin,5-Methyl-1H-Benzotriazole,PC(18:0/0:0),Melamine,Linolenelaidic acid,SM(d18:0/16:1(9Z)),PC(16:0/0:0),"PS(15:0/20:2(11Z,14Z))",GPCho(18:1/16:1),"CL(18:0/18:1(9Z)/22:5(7Z,10Z,13Z,16Z,19Z)/22:5(4Z,7Z,10Z,13Z,16Z))",1-Lyso-2-arachidonoyl-phosphatidate,"PA(20:3(5Z,8Z,11Z)/20:3(5Z,8Z,11Z))",PG(18:1(9Z)/16:1(9Z)),LysoPC(18:1(11Z)/0:0),Crassostrea Secocarotenoid,20-Hydroxy-leukotriene E4,Gonal,Butylisopropylamine,Isopentanol,Floionolic acid,"2,5-Heptadien-1-ol",Venlafaxine,FAPy-adenine,Manoyl oxide,"6-(2,6-Dimethoxypyridin-3-yl)-9-ethoxy-8-methoxy-1,2,3,4,4a,10b-hexahydrophenanthridin-2-ol",Betamethasone 17 Valerate,"N-(1,3-Dimethylbutyl)-N'-phenyl-p-phenylenediamine","7,10,13,16,19-Docosapentaenoic acid","3-Hydroxyocta-2,5-dienoylcarnitine",Pipericine,Dioctyl Phthalate,4-Hydroxyvalproic acid,(S)-(-)-Perillyl alcohol,Isophorone,PC(16:0/18:1(9Z)),"PC(O-16:0/20:4(8Z,11Z,14Z,17Z))","(E)-6,10-Dimethyl-9-methylene-5-undecen-2-one",D-(+)-dihydrocarvone,"(+/-)-1,4-Nonanediol diacetate","(3E,6Z)-3,6-Nonadien-1-ol",Ibuprofen,Salbutamol,PC(14:0/16:0),GPCho(18:4/16:0),Alpha-Eudesmol,Homo-L-arginine,Tobramycin,Cuminaldehyde,"1,2,3,4-Tetrahydronaphthalene","LysoPC(22:6(4Z,7Z,10Z,13Z,16Z,19Z)/0:0)",2-Nonenal,Oleoylethanolamide,"1-(8Z,11Z,14Z-eicosatrienoyl)-glycero-3-phosphate",Galaxolide,"(3S,3'S,5R,5'R,6R)-3,6-Epoxy-5,6-dihydro-3',5,8'-trihydroxy-beta,kappa-caroten-6'-one",3-ketosphinganine,PS(15:0/16:0),Ursolic acid (trans-3-O-hydroxycinnamoyl-),Geranylacetone,1-Nonanol,"3-Hydroxyocta-3,5-dienoylcarnitine",Thromboxane B2,Alpha-Bisabolol oxide A,Astromicin,13(S)-Hydroperoxylinolenic acid,(22R)-Budesonide,Chavicol,Xi-5-Isopropyl-2(5H)-furanone,Histidylprolineamide,Arachidoyl Ethanolamide,"(2xi,4xi)-2,4-Nonadien-1-ol","(R)-1-O-[b-D-Apiofuranosyl-(1->2)-b-D-glucopyranoside]-1,3-octanediol",Tuberculostearic acid,Goshuyic acid,P-Tolualdehyde,Styrene,N-Acetyl-b-glucosaminylamine,2-Amino-6-methoxypurine,Avocadene,Pelargonidin 3-sophoroside,Tricycloekasantalol,Kinetensin 1-3,16-Hydroxyhexadecanoic acid,Gamma-Dodecalactone,Tetrabenazine,Trihexyphenidyl,"N,N-Dimethyldecylamine oxide",1-Hexanol,Calcitroic acid,Procyclidine,"3-Hydroxyocta-2,4-dienoylcarnitine",Jasmolone,Ingenol,2-Azaspiro[4.5]decan-3-one,P-coumaroyltriacetic acid lactone,(3S)-3-hydroxycyclocitral,Dodecanoic acid,"(S)-10,16-Dihydroxyhexadecanoic acid",Deoxycholylarginine,"4-Piperidinone, 1-hydroxy-2,2,6,6-tetramethyl-",4-Vinylcyclohexene,PC(P-16:0/2:0),N-Myristoyl Arginine,N-Lauroyl Arginine,"5-Phenyl-1,3-oxazinane-2,4-dione",Tranexamic Acid,"PS(18:1(12Z)-2OH(9,10)/20:2(11Z,14Z))",Ethylmethylacetic acid,Mexiletine,Leucylleucine,Benzeneacetonitrile,Cystine-glutamate,Indole-3-Carboxaldehyde,"SM(d16:2(4E,8Z)/6 keto-PGF1alpha)",Serotonin,4-Acetamido-2-aminobutanoic acid,Fasoracetam,Vomifoliol,N'-nitrosonornicotine,Glycyl-leucine,Guanidino arginine,5-Hydroxy-L-tryptophan,"1-Tert-Butyl 4-ethyl 3-oxopiperidine-1,4-dicarboxylate","2,3-Dihydroxypropanamide",L-Phenylalanine,Cyclohexenyl,"1,2,5-Trihydroxypyrrole-3-sulfonic acid",Pro-Pro-Pro,Umbelliferone,Guanine,3'-Adenylic Acid,4-(Phosphonomethyl)piperidine-2-carboxylic acid,4-Methylstyrene,Kojic Acid,QUISQUALIC ACID,L-Isoleucine,Vanillylamine,Uracil,Oxidized Glutathione,Xanthine,Hydroxyprolyl-Valine,Histidylleucine,2-Hydroxypurine,Heliotridine,Threonic acid,(+/-)-2-Hydroxy-4-(methylthio)butanoic acid,3-deoxy-D-manno-octulosonate,"Cis,cis-Muconic acid",O-Acetylcarnitine,(S)-Methylmalonic acid semialdehyde,"(3beta,5alpha,9alpha,22E,24R)-3,5,9-Trihydroxy-23-methylergosta-7,22-dien-6-one",Coniferyl Alcohol,Taurine,"(S,S)-Butane-2,3-diol",L-Tyrosine,(R)-Acetoin,5-Aminopentanoic acid,METHACHOLINE,Creatine,Oleamide,4-Trimethylammoniobutanoic Acid,Epsilon-(gamma-Glutamyl)lysine,D-Mannose 1-phosphate,Dihydrojasmone,Methionine Sulfoxide,"4-(2,6,6-Trimethyl-1-cyclohexen-1-yl)-2-butanone",N'-[(4-Oxo-4H-chromen-3-yl)methylene]nicotinohydrazide,"(5S,6R)-Methyl 5,6,7-trihydroxyheptanoate",Choline Phosphate,L-Carnitine,3-Methyl-2-cyclohexen-1-one,L-Glutamic Acid,L-Serine,Spermine,2-Decylfuran,4-Dodecylmorpholine,Choline,"N6,N6,N6-Trimethyl-L-lysine",L-Histidine,Linoleamide,Arctiol,3-Amino-1-hydroxypyrrolidin-2-one,PC(16:0/16:1(9Z)),Benzidine,Didesethylflurazepam,L-Proline,L-Methionine S-oxide,2-Amino-4-[carbamimidoyl(methyl)amino]butanoic acid,"1-(2,3,8,8-Tetramethyl-1,2,3,4,5,6,7,8-octahydronaphthalen-2-yl)ethanone",2-Hydroxycinnamic acid,PC(18:1(9Z)/16:0),"(alpha-D-mannosyl)7-beta-D-mannosyl-diacetylchitobiosyl-L-asparagine, isoform A (protein)",Inosine,Sclareol oxide,(3R)-3-Hydroxy-N-[(3S)-2-oxooxolan-3-yl]butanamide,Indoleacrylic acid,4-Chloro-L-phenylalanine,Dodemorph,Xi-4-Hydroxy-4-methyl-2-cyclohexen-1-one,3-Amino-2-methoxynonadec-5-en-4-ol,Geranylcitronellol,Proline betaine,Vigabatrin,Alpha-Campholonic acid,4-Propylphenol,4-Hydroxynonenal,Histamine,1-Methylhistamine,"PS(22:6(4Z,7Z,10Z,13Z,16Z,19Z)/19:0)","CL(16:0/18:2(9Z,11Z)/18:2(9Z,11Z)/24:0)",Ornithine,N-carbamoylglycine,N1-Acetylspermidine,3-Nitropropanol,Glycyl-glycine,Asparagine-betaxanthin,L-Glutamine,(+/-)-(Z)-2-(5-Tetradecenyl)cyclobutanone,Lucerastat,Cis-Quinceoxepane,"N,N-Dimethylarginine",Pentanamide,2-Cyclohexylidenecyclohexanone,Emtricitabine,Cytosine,2-Amino-2-methyl-1-propanol,L-Valine,Fructose lactate,Humulenol II,Alpha-Ionone,4-Oxo-2-azetidinecarboxylic acid,3-Aminopyrazin-2-ol,N-Acetyl-L-aspartic acid,Niacinamide,N-[(3s)-2-Oxotetrahydrofuran-3-Yl]butanamide,(R)-1-Methylpiperidine-2-carboxylic acid,4-Mercapto-ethyl-pyridine,2-(7'-methylthio)heptylmalate,2-Methylbenzoic acid,L-Aspartic Acid,Creatinine bicarbonate,Cytosine-5-carboxylic acid,L-Threonine,Adenosine,"1-[(2R,5R)-4-Azidooxy-5-(hydroxymethyl)oxolan-2-yl]-5-methylpyrimidine-2,4-dione",9H-Purine-9-ol,Ile Gly,"2,3-Dimethyl-2-cyclohexen-1-one",N-Acetyl-D-tryptophan,Etiracetam,Imidazolone A,XI-Dihydro-2-methyl-3(2H)-thiophenone,Pentaethylene glycol,9-Carboxymethoxymethylguanine,4-Hydroxyquinoline,Caffeine,3-Cyclopentylpropionic acid,Trans-4-Aminocyclohexanecarboxylic acid,DL-p-Chlorophenylalanine methyl ester hydrochloride,Xanthotoxol,Pipecolic Acid,2-Amino-3-cyclohexylpropanoic acid,1-Aminocyclohexanecarboxylic acid,Geranic acid,Ser Val Gln Leu Leu,"(11S,12S,13S)-Epoxy-hydroxyoctadeca-cis-9-cis-15-dien-1-oic acid",Ethyl 3-hydroxydodecanoate,2-(4-Chlorophenoxy)propionic acid,Indolophenanthridine,Levetiracetam,12(S)-HETrE,Pentamidine,RHODAMINE 6G,4-Methyl-1H-Benzotriazole,N6-Methyl-2'-deoxyadenosine,Icariside B8,Pentadecanoic acid,Palmitic acid,Lauramine Oxide,2-Methylhexadecanoic acid,Dioctyl succinate,4-Butylmorpholine,Polyoxyethylene 40 monostearate,Cimifugin,Sphinganine,Dopamine,Beta-Ionone,Aciclovir,Sphingosine,Menthol,Pyrodone,M-Xylene,4a-Carbinolamine tetrahydrobiopterin,"3,7-Dimethyl-1,6-octadien-3-ol",3b-Hydroxy-5-cholenoic acid,Gamma-Linolenic Acid,Butyryl trihexyl citrate,PC(16:0/15:0),Saclofen,N-Acetyl-DL-Methionine,P-Acetaminobenzoic acid,5-Hydroxyindoleacetate,Furanodienone,Suberic Acid,Tezampanel,7-Epi-12-hydroxyjasmonic acid,Decanedioic acid,2-Mercaptobenzothiazole,Biotin sulfoxide,"2,3-dinor Prostaglandin E1",16-alpha-Hydroxyandrosterone,Tetradecanedioic acid,Metyrosine,LysoPI(18:0/0:0),"9,10-Dihydroxystearic acid","PE-NMe(18:0/20:4(5Z,8Z,11Z,14Z))",Prostaglandin A1,LysoPC(17:0/0:0),12-Hydroxydodecanoic acid,10-HDoHE,PE-NMe2(16:1(9Z)/16:0),"4-(3-Hydroxybutyl)-3,3,5-trimethylcyclohexanone",Hepoxilin B3,2-Undecanone,LysoPC(15:0/0:0),PE(16:0/0:0),"LysoPE(18:2(9Z,12Z)/0:0)",Dodecylbenzenesulfonic Acid,Heptadecanoyl carnitine,Dodecyl Hydrogen Sulfate,1-Stearoylglycerophosphoglycerol,"PE(20:4(5Z,8Z,11Z,14Z)/22:4(7Z,10Z,13Z,16Z))","1,2-Dipalmitoyl-sn-Glycero-3-Phosphate",PA(15:0/22:1(13Z)),LysoPE(P-18:0/0:0),"PE-NMe(18:0/22:6(4Z,7Z,10Z,13Z,16Z,19Z))",Phosphatidylinositol(36:4),Demethylphylloquinone,"PI(18:0/20:4(8Z,11Z,14Z,17Z))","PG(16:1(9Z)/18:1(12Z)-2OH(9,10))","PC(18:0/18:2(9Z,12Z))","PE-NMe(18:0/22:4(7Z,10Z,13Z,16Z))",Proscillaridin,D-Mannose 6-Phosphate,LysoPI(0:0/18:0),LysoPA(18:0/0:0),LysoPC(18:0/0:0),1-(11Z-eicosenoyl)-glycero-3-phosphate,Adenine,1-Linoleoyl-sn-Glycero-3-Phosphocholine,"PE-NMe(22:6(4Z,7Z,10Z,13Z,16Z,19Z)/18:0)","PS(15:0/22:2(13Z,16Z))",PE(15:0/20:1(11Z)),PE-NMe2(16:0/16:1(9Z)),"PE-NMe2(15:0/22:4(7Z,10Z,13Z,16Z))",Gamithromycin,"N-[1'-(Aminocarbonyl)-2',2'-dimethylpropyl]-1-(cyclohexylmethyl)-1h-indazole-3-carboxamide",Glaucine,(S)-Isocorydine,Epiafzelechin Trimethyl Ether,"PE(18:0/20:3(8Z,11Z,14Z))","PE(20:3(8Z,11Z,14Z)/16:0)","PE(18:2(9Z,12Z)/16:0)",LysoPG(18:1(9Z)/0:0),Phthalic Acid,"PG(22:6(4Z,7Z,10Z,13Z,16Z,19Z)/18:2(9Z,12Z))",LysoPG(16:0/0:0),"PA(18:0/18:3(6Z,9Z,12Z))",PE(P-18:0/18:2),PE(18:0/0:0),Roxithromycin,Adrenic Acid,Docosahexaenoic Acid,PE(P-16:0/18:1),PE(18:1(9Z)/0:0),"9,10-Dihome",PE(22:6/0:0),2-Hydroxymyristic Acid,Glycocholic acid,PE(16:1/0:0),2-Hydroxy-6-pentadecylbenzoic acid,12-HETE,13(S)-HpODE,Lauric aldehyde,Beta-D-Glucosamine,Capric acid,1-Methoxy-4-(2-propenyl)benzene,13(S)-HpOTrE,2-Decyl-3-Hydroxypentanedioic Acid,Myristic acid,Dinoterb,"PE-NMe(20:2(11Z,14Z)/18:0)","PE-NMe2(16:0/18:2(9Z,12Z))","LysoPC(20:4(5Z,8Z,11Z,14Z)/0:0)",PE(18:2/0:0),"LysoPE(22:6(4Z,7Z,10Z,13Z,16Z,19Z)/0:0)",N-Lauroylsarcosine,13(S)-HODE,5-KETE,"LysoPA(22:4(7Z,10Z,13Z,16Z)/0:0)","3beta-Hydroxypregna-5,16-dien-20-one",L-a-Lysophosphatidylserine,9(S)-HpODE,LysoPI(16:0/0:0),10-Hydroxydecanoic Acid,Ethyl Myristate,Anethole,4-Decan-4-Ylbenzenesulfonic Acid,Senkyunolide N,Uridine,"P-Menthane-3,8-diol",PG(16:0/18:1(11Z)),Diethyl Phthalate,"9,10,13-TriHOME",3-Methylsuberic acid,Brincidofovir,Hippuric Acid,"12R-hydroxy-5Z,8Z,12Z-eicosatrienoic acid",4-Nitrophenol,"PG(18:1(9Z)/22:6(4Z,7Z,10Z,13Z,16Z,19Z))",Acetyl-DL-Leucine,P-Toluenesulfonic Acid,2-(4-Nitrobenzylidene)malononitrile,L-Tryptophan,Aspartyl-Isoleucine,Xanthosine,Gly-Ile,5-(Hydroxyphenyl)-gamma-valerolactone-O-sulphate,Triclofos,Guanosine,5'-Guanylic Acid,Uridine-5'-Monophosphate,N-acetylaspartate,Selumetinib,Trehalose,N-Acetylneuraminic Acid,Sedoheptulose,Azelaic Acid,Tolmetin,Traumatic acid,"1-Hydroxy-2,5-dioxopyrrolidine-3-sulfonic acid",12(R)-HETE,"PE(18:1(9Z)-O(12,13)/22:2(13Z,16Z))",Bardoxolone methyl,Arachidonic acid,PE(16:0/18:1(9Z)),"PG(16:0/18:2(9Z,12Z))",PE(18:1(11Z)/18:0),1-Heneicosanoyl-glycero-3-phosphoserine,P-CHLOROPHENYLALANINE,PE-NMe(16:0/18:1(11Z)),4-Aminophenylphosphorylcholine,Glycerophosphocholine,Ribose 1-phosphate,Hypoxanthine,Oxypurinol,DL-m-Tyrosine,Adenosine 3'-monophosphate
Severe1,5.525,5.944,6.685,5.744,6.325,5.907,3.874,6.272,6.296,4.743,5.521,6.12,6.571,6.293,4.964,5.451,6.118,3.568,6.36,5.644,6.834,5.64,5.856,5.917,7.808,5.035,5.834,6.716,5.77,5.076,4.895,5.268,4.859,6.39,6.28,5.608,7.53,5.698,5.377,6.1,5.713,4.149,5.151,6.326,5.203,5.592,5.053,5.251,4.413,6.75,4.844,6.005,5.688,7.294,6.035,7.369,5.239,5.916,5.787,6.426,5.657,6.385,5.715,6.716,6.606,4.52,6.642,5.336,7.095,6.181,6.006,6.55,5.846,5.509,6.226,5.802,5.063,5.063,5.057,5.574,5.633,8.273,6.409,6.196,5.589,6.763,5.003,5.88,5.935,7.661,7.641,5.055,4.436,6.88,5.134,4.719,6.177,6.332,5.296,5.41,5.358,6.664,5.607,5.972,4.251,5.018,5.305,5.524,5.167,5.031,6.583,5.228,5.448,5.743,5.07,5.036,4.919,5.487,7.327,6.334,5.259,5.916,5.749,5.657,5.602,4.892,6.851,4.452,5.262,6.305,4.839,5.169,4.611,4.457,5.887,6.191,4.815,5.795,5.038,3.274,5.61,4.277,5.712,5.123,5.011,5.77,6.774,5.984,6.035,4.667,4.701,3.234,5.976,6.028,3.332,3.186,6.505,5.737,5.257,4.928,6.916,4.253,4.479,4.732,5.565,3.722,4.559,4.907,4.097,4.418,5.622,7.138,5.04,5.819,5.093,4.525,5.256,5.017,5.414,4.899,4.296,5.778,7.222,5.982,5.473,5.761,5.882,4.026,4.4,6.327,4.934,4.401,4.498,4.993,4.113,5.931,3.894,5.852,5.991,4.468,4.653,4.677,4.704,4.314,5.339,5.136,5.275,4.26,4.475,4.9,6.179,4.207,6.234,5.289,4.927,5.284,5.878,5.675,5.281,4.553,3.633,5.327,7.899,6.754,5.203,5.199,6.676,6.862,4.095,8.852,4.98,4.763,6.13,5.964,6.302,5.823,6.796,8.317,4.335,6.33,8.161,4.564,6.718,5.9,7.763,4.361,5.614,7.955,4.416,4.781,6.329,4.828,6.742,3.726,2.536,6.64,6.982,4.37,4.823,4.49,4.986,4.854,5.248,5.196,8.846,6.467,6.315,4.876,4.805,5.282,5.621,4.326,4.481,6.283,4.644,5.12,5.383,4.762,4.449,3.817,6.093,5.862,4.241,3.942,5.256,4.61,5.199,5.068,4.521,5.43,4.537,4.757,6.493,4.319,5.535,5.699,3.661,5.3,3.915,4.654,5.453,4.313,2.065,5.295,3.702,5.373,3.89,6.049,6.657,3.97,5.31,5.866,4.8,4.416,5.038,4.604,6.748,5.937,3.632,4.505,4.73,6.157,5.934,4.366,7.836,6.612,6.677,8.463,5.05,5.291,5.714,6.506,5.154,4.601,5.916,5.95,5.897,5.346,4.484,5.664,5.992,3.585,7.004,4.467,6.749,5.008,4.78,4.502,3.715,5.307,5.155,5.814,4.24,4.988,5.492,4.7,3.562,5.332,4.96,4.976,5.101,5.452,7.29,5.039,5.653,5.295,5.101,6.747,4.693,4.711,5.6,6.7,6.932,5.322,7.859,5.448,6.277,4.476,7.286,6.63,5.291,6.773,6.447,6.606,6.02,6.815,2.936,6.045,5.889,5.378,5.677,4.635,6.208,5.391,5.324,4.873,5.446,6.022,5.509,7.187,6.183,6.637,6.367,5.277,5.073,5.115,5.593,5.013,7.126,6.499,6.645,5.88,6.875,7.235,6.822,4,6.965,7.227,6.278,5.154,4.291,6.092,5.898,5.879,6.022,6.146,3.974,5.448,5.646,5.396,4.889,5.378,5.518,5.203,4.631,4.888,4.458,5.157,6.347,6.051,5.285,5.347,5.892,3.61,5.127,4.502,5.29,4.795,5.197,5.452,5.531,4.717,5.865,5.148,6.1,4.648,5.759,5.408,8.732,4.449,5.664,4.268,1.77,4.594,5.263,4.701,7.413,4.977,5.019,4.888,5.482,5.022,5.824,4.019,5.664,5.924,4.35,4.953,5.549,4.647,5.731,4.618,5.004,5.73,5.859,4.377,4.879,4.181,5.267,5.055,4.487,7.378,7.038,8.365,6.141,5.879,7.359,8.236,4.274,5.557,5.489,5.144,6.028,5.458,4.823
Severe2,5.721,6.206,6.701,5.929,6.344,5.956,4.36,6.448,6.284,4.854,5.577,6.23,6.463,6.494,4.962,5.448,6.159,2.899,6.16,5.515,7.146,5.478,5.699,5.94,7.834,5.041,5.867,6.459,5.775,5.653,4.868,5.209,4.935,6.395,6.222,5.576,7.708,5.728,5.438,6.121,5.755,4.149,5.234,6.518,4.571,5.532,5.317,5.35,4.415,6.214,4.822,6.208,5.882,7.22,5.856,7.211,5.582,5.862,5.874,6.511,5.818,6.427,5.723,6.845,6.622,4.574,6.674,5.376,7.126,6.206,6.072,6.616,5.883,5.508,6.236,5.842,5.109,4.717,5.16,5.628,5.683,8.115,5.62,6.236,5.634,6.785,5.122,5.958,6.313,7.532,7.493,5.141,4.444,7.029,5.259,4.874,6.36,6.457,5.452,5.547,5.538,6.664,5.635,6.016,3.89,5.116,5.392,5.66,5.243,5.116,6.619,5.472,5.609,5.834,5.15,5.08,4.794,5.526,7.355,6.453,5.292,5.992,5.846,5.699,5.636,5.282,6.785,4.413,5.316,6.552,5.056,5.238,4.69,4.437,5.913,6.206,4.891,5.809,4.992,3.972,5.599,4.365,5.666,5.178,5.08,5.774,6.454,5.675,6.038,4.674,4.781,3.257,5.677,5.987,3.808,3.257,6.51,5.71,5.115,4.848,7.506,4.243,4.495,4.885,5.584,4.075,5.147,5.126,3.696,4.642,5.603,7.15,5.013,5.831,4.971,4.494,5.34,5.2,5.453,4.914,4.416,5.793,7.253,6.01,5.503,6.006,5.798,4.038,4.726,6.155,4.99,3.58,4.489,5.013,3.9,5.989,3.845,5.984,5.983,4.557,4.607,4.652,4.681,4.421,5.339,5.283,5.499,4.288,4.511,4.795,6.242,4.212,6.288,5.038,5.059,5.32,5.87,5.741,5.253,4.517,2.948,5.405,7.897,6.735,5.121,5.152,6.756,6.94,4.061,8.759,4.976,4.908,6.122,5.977,6.295,5.954,6.812,8.199,4.323,6.428,8.221,4.624,6.727,5.866,7.815,4.255,5.694,7.985,4.318,4.756,6.361,4.777,6.78,3.681,3.104,6.643,6.921,4.306,4.789,4.549,4.93,4.826,5.037,5.177,8.881,6.281,6.374,4.839,4.953,5.379,5.681,4.392,4.526,6.273,4.771,5.199,5.501,4.717,4.463,3.896,6.086,5.948,4.254,3.881,5.442,4.618,5.185,5.092,4.471,5.407,4.553,4.88,6.593,4.866,5.54,5.767,4.553,5.271,2.517,4.677,5.486,4.263,3.711,4.89,3.612,5.408,3.812,6.024,6.387,4.11,5.314,5.98,4.874,4.542,4.99,4.839,6.788,5.923,3.791,4.518,4.721,6.159,5.948,4.361,7.947,6.683,6.793,8.502,4.997,5.296,5.567,6.537,5.254,4.692,6.007,5.972,5.86,5.429,4.549,5.753,6.105,4.004,7.184,4.154,6.68,4.956,4.832,3.996,3.529,5.304,5.135,5.921,4.18,5.006,5.487,4.817,3.694,5.414,4.95,4.956,6.354,5.486,7.273,5.172,4.977,5.274,5.296,6.622,4.594,4.602,5.424,6.566,6.988,5.444,7.916,5.277,6.187,6.703,7.304,6.625,4.978,6.654,7.035,6.642,5.911,6.903,2.852,5.707,5.72,4.87,5.607,6.249,5.859,4.672,5.209,4.848,5.634,6.433,5.983,6.96,6.098,6.978,6.352,5.227,4.975,4.968,5.551,5.317,7.154,6.505,6.753,5.794,6.96,7.416,6.793,3.988,6.96,7.256,6.247,5.137,4.279,6.198,5.92,5.99,5.919,6.161,3.754,5.402,5.684,5.375,4.6,5.28,5.463,5.122,4.532,4.766,4.211,5.026,6.347,5.847,5.591,5.465,5.979,3.843,5.254,4.679,5.232,4.902,6.443,5.521,6.491,4.538,5.921,5.132,6.095,4.604,5.826,5.398,8.755,4.499,5.69,4.326,2.775,4.497,5.245,4.763,7.372,5.014,5.034,4.959,5.504,5.037,6.116,4.558,5.63,5.898,4.395,5.134,5.745,4.605,5.707,4.907,5.143,5.632,5.808,4.017,4.869,4.066,5.422,5.113,3.929,7.337,7.023,8.407,5.842,5.974,7.355,8.118,4.175,5.376,5.624,4.946,5.961,5.471,4.976
Severe3,5.688,5.956,6.68,5.857,6.339,5.911,3.419,6.413,6.573,4.808,5.517,6.27,6.266,6.492,5.039,5.523,6.202,3.535,6.213,5.53,7.14,5.366,5.899,5.959,7.82,5.354,5.842,6.422,5.755,5.911,4.897,5.004,5.033,6.416,6.006,5.398,7.781,5.758,5.489,6.092,5.772,4.044,5.291,6.378,5.367,5.329,5.359,5.331,4.425,6.766,4.823,6.122,5.864,7.08,5.88,7.235,5.57,5.928,5.98,6.313,5.654,6.379,5.737,6.879,6.609,4.579,6.674,5.382,7.106,6.181,6.128,6.656,5.759,5.491,6.406,5.816,5.107,4.975,5.142,5.672,5.706,8.202,7.006,6.297,5.688,6.784,5.183,5.676,6.311,7.458,7.452,5.217,4.026,7.042,5.284,4.926,6.369,6.432,5.457,5.598,5.614,6.648,5.715,6.022,3.879,5.161,5.419,5.596,5.232,5.252,6.583,5.072,5.441,5.797,5.118,5.055,5.032,5.517,7.328,6.399,5.342,5.974,5.8,5.652,5.633,4.99,6.953,4.653,5.236,6.279,5.294,5.058,4.772,4.602,5.975,6.168,4.918,5.76,4.976,3.414,5.578,2.871,5.672,5.198,4.999,5.736,6.757,5.965,5.972,4.688,4.817,3.246,5.92,5.839,3.576,3.532,6.498,5.737,4.989,4.725,7.568,4.05,4.413,5.024,5.405,4.076,5.418,5.375,4.06,4.501,5.661,7.034,5.003,5.825,4.851,4.467,5.151,4.955,5.421,4.915,4.392,5.992,7.15,5.901,5.414,5.773,5.667,3.616,5.26,6.033,5.498,2.691,4.455,5.087,3.996,5.944,3.998,5.922,5.981,4.739,4.648,4.646,4.702,4.3,5.46,5.11,5.849,4.438,4.723,4.992,6.288,4.388,6.331,5.14,5.157,5.353,6.013,5.761,5.294,4.632,3.732,5.481,7.902,6.639,5.247,5.157,6.847,6.971,3.824,8.682,4.97,5.097,6.157,5.868,6.233,6.042,6.669,8.162,4.342,6.243,8.263,4.239,6.553,5.946,7.87,4.316,5.627,8.033,4.315,4.765,6.37,4.812,6.772,4.173,3.744,6.726,6.893,4.485,4.84,4.465,4.968,4.877,5.065,5.216,8.92,6.36,6.408,4.873,4.814,5.46,5.732,4.51,4.533,6.337,4.634,5.25,5.568,4.764,4.618,4.166,6.13,5.979,4.258,3.862,5.565,4.51,5.286,5.27,4.605,5.421,4.787,4.547,6.413,4.974,5.52,5.597,5.19,5.262,4.49,4.677,5.503,4.185,3.208,5.274,3.761,5.366,3.902,6.094,6.634,4.067,5.365,4.95,4.854,4.607,4.984,5.129,6.752,5.886,3.671,4.912,4.693,6.109,5.934,4.448,7.958,6.773,6.73,8.499,5.12,5.353,5.749,6.768,5.224,4.946,5.966,6.004,5.606,5.376,4.457,5.682,6.103,3.585,7.088,3.812,6.652,4.98,4.738,4.042,3.731,5.315,5.208,4.958,3.975,5.013,5.403,4.654,3.166,5.374,5.045,4.962,6.072,5.45,7.275,4.713,5.69,5.339,4.569,6.554,4.809,3.709,5.686,6.646,6.911,5.671,7.932,5.411,6.352,6.677,7.266,6.451,5.119,6.743,7.164,6.425,6.047,6.775,2.779,5.982,5.7,5.481,5.758,6.19,6.308,5.302,5.569,4.857,5.646,6.524,6.083,6.97,6.146,7.079,6.223,5.26,4.937,4.977,5.514,5.732,7.383,6.92,6.956,6.261,6.885,7.576,6.637,3.947,7.05,7.128,6.174,4.753,4.237,6.202,5.939,6.134,6.079,6.381,4.241,4.474,5.522,5.373,4.932,5.144,5.5,5.166,4.227,5.004,0.03,5.038,6.403,5.776,5.542,5.491,5.933,4.139,5.174,3.984,5.526,3.977,6.354,5.28,6.397,4.636,5.883,5.086,6.268,4.501,5.688,5.349,8.732,4.54,5.561,4.343,2.894,4.609,5.176,4.721,7.516,4.946,5.045,4.971,5.324,4.913,6.032,4.923,5.629,5.918,3.904,4.881,5.49,4.886,5.696,5.293,5.378,5.696,5.923,4.557,4.749,3.734,5.105,5.057,4.241,7.193,7.496,8.32,5.774,5.856,7.325,8.046,4.39,5.454,5.657,4.88,5.835,5.32,4.655
Severe4,5.508,5.288,6.697,5.816,6.324,5.95,3.036,5.801,6.565,4.812,5.519,6.236,5.335,6.534,4.644,5.514,6.229,1.47,5.752,5.808,7.131,3.757,5.617,5.955,7.83,5.877,5.78,6.489,5.781,5.802,4.848,5.202,4.408,6.386,5.437,4.612,7.71,5.109,5.499,6.083,5.747,4.13,5.275,6.448,5.548,4.639,4.813,4.598,4.451,7.018,4.866,6.196,5.646,6.603,5.907,7.198,5.594,5.916,5.93,6.508,5.054,6.348,5.681,6.905,6.614,4.561,6.677,5.393,7.118,6.193,6.136,6.564,5.863,5.471,6.604,5.808,5.092,4.31,5.149,5.691,5.732,8.214,6.785,6.289,5.703,6.782,5.189,5.103,5.668,7.53,7.424,5.271,3.367,7.098,5.353,5.073,5.588,6.44,5.563,5.373,5.657,6.66,4.883,6.051,4.277,5.206,5.462,5.658,5.215,5.159,6.616,5.256,5.374,5.7,5.054,5.141,5.165,5.582,7.339,6.467,5.347,5.891,5.731,5.688,5.667,4.944,6.262,4.468,5.295,6.22,5.024,5.118,4.781,4.259,5.566,6.222,4.902,5.772,4.84,2.8,5.569,4.373,5.643,4.834,5.089,5.679,6.493,5.706,5.622,4.827,4.779,4.366,5.67,5.859,3.484,3.159,6.507,5.719,5.32,3.901,7.403,2.589,4.188,4.197,5.279,4.129,3.813,4.576,4.625,4.534,5.382,6.689,5.088,5.91,4.311,4.573,5.051,4.681,5.456,4.975,4.366,4.521,6.837,5.629,5.258,3.933,5.377,3.574,3.937,6.604,4.654,4.575,4.136,4.776,4.168,5.801,3.988,4.902,6.027,4.47,4.705,4.363,4.769,3.768,5.183,5.112,5.565,4.452,2.655,4.766,6.306,3.297,6.338,4.431,5.243,4.65,6.033,5.767,4.916,4.386,2.553,5.509,7.94,6.155,5.467,5.05,6.881,7.012,4.196,8.673,4.968,3.746,5.922,5.675,6.146,6.077,6.266,8.152,4.313,6.121,8.299,4.436,5.967,6.032,7.883,4.39,5.679,8.07,4.38,4.764,6.37,4.803,6.779,4.088,3.314,6.625,6.855,2.968,4.346,4.227,4.739,4.49,4.811,4.931,8.935,5.74,6.43,4.601,4.405,5.433,5.392,3.96,4.293,6.08,4.498,5.263,5.591,4.313,4.107,3.684,6.298,5.8,4.242,3.962,3.522,4.176,5.037,3.374,2.431,5.128,4.662,4.582,6.341,3.049,5.551,5.426,2.926,5.437,0.7838,4.723,5.522,3.829,4.084,4.862,3.693,5.394,4.037,5.785,6.479,4.129,5.397,4.992,4.671,4.207,4.974,4.469,6.774,5.938,3.587,4.591,4.737,6.102,5.909,4.15,7.828,6.715,6.764,8.486,5.095,5.262,4.867,6.58,5.185,4.737,5.88,5.116,5.92,5.396,4.428,5.619,6.176,3.715,7.118,4.646,6.719,5.083,4.334,4.185,4.404,5.353,5.182,5.073,4.121,5.006,5.497,4.746,3.947,5.007,5.068,5.018,5.57,5.499,7.296,5.625,5.943,5.476,5.48,6.734,4.726,5.454,5.791,6.141,6.612,5.616,7.859,4.817,6.168,5.914,7.402,6.721,5.147,6.158,7.109,6.617,5.962,6.931,3.391,5.993,5.701,5.664,5.662,5.428,6.44,5.53,5.545,4.861,5.148,6.5,6.124,7.06,6.127,7.024,6.4,5.106,4.927,4.999,5.658,5.89,7.615,6.943,6.917,6.316,6.8,7.559,6.59,5.787,6.585,7.168,5.031,3.663,6.076,6.389,6.096,6.116,6.211,6.333,3.728,4.345,6.191,5.686,5.049,3.557,5.511,5.197,4.662,5.118,4.206,5.091,5.986,6.032,4.688,5.262,5.889,3.596,5.776,4.714,5.65,5.219,5.767,5.825,5.695,4.767,5.951,5.163,6.041,4.578,5.3,5.412,8.754,4.499,5.884,4.165,3.334,4.803,5.277,4.755,7.475,4.934,5,5.024,4.688,4.718,3.088,2.905,5.697,5.99,3.828,4.157,4.822,4.403,5.758,5.963,4.022,5.321,5.878,4.176,4.877,4.282,5.712,4.957,4.957,6.515,7.6,8.505,5.849,5.315,7.375,8.045,4.316,4.956,5.158,5.425,5.496,4.893,4.314
Severe5,5.509,5.371,6.594,5.948,6.257,5.861,3.084,6.072,6.108,4.65,5.486,6.304,5.224,6.436,4.799,5.589,6.282,3.06,5.909,5.394,7.11,3.697,5.631,5.882,7.768,4.768,5.744,6.762,5.695,5.817,4.771,5.004,4.85,6.308,5.466,4.711,7.726,5.458,5.691,6.04,5.673,4.018,5.509,6.536,4.85,4.678,4.771,4.917,4.35,6.535,4.752,6.246,5.9,6.647,5.969,7.293,5.446,5.83,5.901,6.276,5.267,6.267,5.584,7.048,6.538,4.49,6.588,5.324,7.04,6.108,6.219,6.558,5.789,5.421,5.973,5.747,4.439,4.644,5.189,5.761,5.82,8.101,6.444,6.358,5.819,6.704,5.242,4.784,5.664,7.695,7.586,5.414,3.706,7.031,5.292,4.935,5.677,6.524,5.581,5.342,5.816,6.595,5.129,6.027,3.955,5.37,5.611,5.556,5.184,5,6.556,5.342,5.467,5.778,5.065,5.078,5.112,5.627,7.27,6.304,5.432,5.934,5.775,5.623,5.57,4.822,6.389,4.252,5.187,6.383,4.667,5.143,4.987,4.506,5.602,6.134,5.199,5.749,4.97,3.377,5.519,4.11,5.673,4.683,4.956,5.655,6.444,5.661,5.315,4.751,4.716,4.846,5.674,6.064,3.617,3.95,6.45,5.667,5.256,3.605,7.403,3.163,4.11,3.844,4.992,4.056,3.456,4.279,4.42,4.499,5.519,6.632,4.995,5.82,4.487,4.452,5.129,4.899,5.387,4.907,4.388,4.897,6.823,5.612,5.293,4.308,5.625,3.521,2.548,6.336,4.66,3.743,4.289,4.72,4.05,5.647,3.919,5.343,5.966,4.73,4.673,4.531,4.719,3.878,5.006,5.158,5.707,4.183,3.459,4.852,6.392,3.953,6.414,4.736,5.208,4.865,5.827,5.848,5.163,4.595,3.146,5.537,7.908,6.1,5.107,5.013,7.14,7.131,4.12,8.812,4.873,4.363,6.03,5.566,6.119,6.28,6.269,8.158,4.31,5.949,8.413,4.32,5.741,5.92,7.992,4.244,5.563,8.145,4.261,4.794,6.293,4.76,6.708,5.112,4.032,6.598,6.981,3.89,4.596,4.189,4.816,4.587,4.787,5.027,8.99,5.981,6.522,4.77,4.215,5.618,5.367,4.279,4.368,6.068,4.491,5.498,5.737,4.528,4.426,3.438,6.092,5.706,4.252,3.981,3.662,4.116,5.167,3.817,3.393,5.248,4.179,4.727,6.148,1.836,5.439,5.281,2.511,5.307,0.3809,4.678,5.459,4.087,3.589,4.841,3.669,5.297,3.92,5.928,6.425,4.045,5.515,4.833,4.823,4.184,4.957,4.604,6.719,5.851,3.41,4.209,4.635,6.042,5.849,4.151,7.809,6.854,6.629,8.405,5.329,5.403,5.025,6.65,5.185,4.477,5.927,5.264,5.801,5.345,4.532,5.679,6.299,3.871,7.229,3.802,6.675,5.066,3.89,4.072,5.06,5.348,5.233,4.945,4.243,5.044,5.487,4.788,3.853,5.346,5.075,4.955,5.94,5.478,7.276,5.939,5.461,5.383,5.522,6.879,4.908,5.996,5.917,6.358,6.696,5.711,7.926,5.103,6.161,6.766,7.371,6.567,5.056,6.33,7.129,6.44,5.958,6.86,3.469,5.951,6.003,5.148,5.784,6.223,6.093,4.982,5.245,4.876,5.278,6.524,6.179,7.211,6.268,7.244,6.212,5.166,4.998,4.983,5.671,5.752,7.465,6.946,6.833,6.182,7.017,7.561,6.685,6.355,6.656,7.149,5.54,4.231,6.291,6.395,6.309,6.321,6.26,6.561,4.766,5.488,6.577,5.94,5.152,3.574,5.563,5.244,4.846,4.962,4.335,5.114,6.237,6.17,4.756,5.211,5.799,3.681,5.849,4.76,5.272,5.815,6.519,5.926,6.386,4.689,5.869,5.169,6.062,4.694,5.54,5.438,8.778,4.909,5.927,4.318,4.087,4.626,5.271,4.834,7.602,5.069,5.028,5.004,4.523,4.506,4.563,2.512,5.712,5.994,4.135,4.678,5.178,4.139,5.778,4.631,4.763,5.604,5.892,4.795,4.993,4.257,5.848,5.448,5.488,6.852,7.451,8.401,6.224,5.445,7.362,8.226,4.606,5.291,5.276,5.192,5.786,4.987,4.734
Severe6,5.546,5.557,6.638,5.807,6.287,5.905,3.447,6.047,6.365,4.813,5.401,6.147,5.852,6.303,4.922,5.513,6.219,3.72,6.107,5.317,6.983,4.438,5.551,5.922,7.802,4.829,5.853,6.852,5.762,5.617,4.849,5.105,4.955,6.35,5.829,5.138,7.594,5.488,5.591,6.064,5.696,4.152,5.39,6.328,4.999,5.146,5.01,5.058,4.41,6.342,4.8,6.03,6.098,6.871,5.891,7.246,5.513,5.873,5.76,6.275,5.317,6.346,5.736,6.857,6.581,4.51,6.649,5.361,7.075,6.145,6.119,6.563,5.767,5.436,6.227,5.746,4.783,4.717,5.09,5.68,5.725,8.183,6.588,6.288,5.71,6.759,5.2,5.271,5.857,7.691,7.541,5.181,3.318,6.93,5.209,4.785,5.953,6.346,5.417,5.345,5.57,6.614,5.529,5.936,4.365,5.152,5.426,5.488,5.095,5.104,6.562,5.125,5.469,5.717,5.042,5.028,5.089,5.546,7.302,6.439,5.308,5.891,5.708,5.648,5.621,4.853,6.848,4.405,5.21,6.324,5.038,5.066,4.796,4.616,5.8,6.163,5.01,5.778,4.975,2.79,5.573,3.678,5.689,4.858,4.998,5.692,6.424,5.645,5.667,4.717,4.668,4.385,5.604,6.036,3.635,3.149,6.46,5.717,5.215,4.345,7.211,3.718,4.387,4.568,5.185,3.986,3.928,4.562,4.064,4.398,5.547,6.891,5.048,5.84,4.826,4.492,5.144,5.02,5.39,4.938,4.281,5.588,6.995,5.798,5.332,4.719,5.648,3.858,3.452,6.158,4.73,3.805,4.326,4.659,4.033,5.644,3.86,5.6,5.969,4.43,4.675,4.659,4.725,4.112,5.26,4.873,5.494,4.24,3.974,4.763,6.303,4.215,6.327,5.011,5.274,5.069,5.904,5.758,5.19,4.633,3.784,5.455,7.887,6.324,5.12,5.154,6.859,7.003,4.02,8.856,4.922,4.725,6.053,5.759,6.295,6.035,6.538,8.251,4.392,6.043,8.286,4.482,6.32,5.962,7.863,4.374,5.823,8.035,4.391,4.728,6.352,4.788,6.743,3.857,3.794,6.621,6.982,4.447,4.712,4.347,5.006,4.801,5.098,5.133,8.92,6.142,6.424,4.907,4.554,5.443,5.341,4.356,4.451,6.147,4.445,5.291,5.59,4.586,4.501,3.661,6.013,5.667,4.282,4.004,4.773,4.378,5.167,4.853,4.163,5.388,4.689,4.721,6.201,3.147,5.535,5.329,2.909,5.394,2.703,4.735,5.503,4.019,4.13,4.695,3.622,5.318,3.885,5.945,6.394,3.995,5.46,5.194,4.811,4.381,5.026,5.203,6.733,5.895,3.007,4.875,4.732,6.079,5.882,4.26,7.875,6.75,6.776,8.456,5.15,5.419,5.713,6.695,5.169,4.751,5.859,5.817,5.708,5.3,4.448,5.557,6.178,3.859,7.054,4.221,6.734,5.048,4.385,4.114,4.65,5.341,5.207,5.199,4.168,5.019,5.508,4.736,4.022,5.254,5.059,4.957,6.436,5.473,7.255,5.441,5.271,5.384,5.511,6.903,4.811,5.322,5.839,6.517,6.847,5.652,7.876,5.386,6.261,6.246,7.33,6.566,5.244,6.586,6.874,6.521,5.94,6.777,3.202,5.989,6.096,4.978,5.568,5.945,5.935,4.952,5.357,4.856,5.364,6.312,5.945,7.154,6.254,6.868,6.235,5.132,5.1,5.05,5.579,5.612,7.38,6.934,6.811,5.986,7.16,7.259,6.695,4.947,6.916,7.169,5.986,4.754,5.838,6.301,6.136,6.202,6.219,6.405,4.251,5.016,6.237,5.682,5.063,4.477,5.582,5.248,4.706,4.979,4.451,5.167,6.338,6.225,5.076,5.204,5.807,3.987,5.516,4.81,5.125,5.376,6.124,5.613,5.868,4.754,5.846,5.139,6.072,4.704,5.548,5.43,8.779,4.616,5.715,4.216,1.836,4.516,5.3,4.777,7.528,4.939,5.033,5.01,5.131,4.673,5.285,3.285,5.683,5.966,4.158,4.766,5.405,4.383,5.743,4.683,4.99,5.598,5.872,4.585,4.902,4.099,5.634,5.436,4.744,7.036,7.497,8.313,6.202,5.651,7.355,8.3,4.464,5.33,5.244,4.981,5.796,5.235,4.807
Middle1,4.977,4.932,6.647,5.829,6.292,5.888,3.76,5.608,6.508,4.791,5.411,6.214,4.49,6.402,4.752,5.551,6.249,3.328,5.895,5.781,7.094,3.745,5.592,5.923,7.819,4.822,5.79,6.575,5.767,5.982,4.842,5.209,4.463,6.377,5.229,4.201,7.752,4.881,5.59,6.059,5.745,4.124,5.396,6.409,5.207,4.31,4.026,4.356,4.398,6.602,4.845,6.123,5.801,6.414,5.989,7.289,5.578,5.901,5.868,6.318,4.154,6.338,5.678,6.922,6.596,4.542,6.646,5.365,7.09,6.146,6.134,6.576,5.866,5.432,6.409,5.748,4.966,4.643,5.142,5.681,5.768,8.272,6.996,6.324,5.731,6.757,5.187,4.546,5.128,7.52,7.527,5.233,3.813,6.992,5.256,4.904,5.333,6.434,5.505,4.82,5.631,6.623,4.795,5.963,3.828,5.251,5.483,5.555,5.266,5.163,6.567,5.149,5.446,5.721,5.054,5.027,4.861,5.551,7.309,6.392,5.354,5.9,5.741,5.65,5.616,5.025,6.136,4.408,5.276,6.406,5.024,5.131,4.798,4.153,5.445,6.207,5,5.787,4.946,3.32,5.561,3.431,5.805,4.747,5.073,5.682,6.485,5.702,4.74,4.914,4.898,4.334,5.678,6.027,3.608,3.305,6.481,5.721,5.35,3.732,7.419,2.577,4.256,3.894,5.042,3.909,2.448,4.34,4.378,4.508,5.486,6.586,5.06,5.88,4.523,4.49,4.974,4.495,5.427,4.976,4.402,4.479,6.79,5.593,5.214,3.179,5.4,3.432,2.527,6.435,4.684,4.075,4.179,4.761,4.168,5.624,3.945,4.887,6.02,4.515,4.736,4.466,4.774,3.921,4.968,5.213,5.617,4.253,2.744,4.815,6.334,3.577,6.379,4.644,5.183,4.737,5.886,5.787,5.073,4.5,2.752,5.523,7.939,6.137,5.293,4.952,6.931,7.019,4.231,8.716,4.942,4.439,5.972,5.591,6.066,6.102,6.214,8.288,4.293,6.018,8.314,4.453,5.851,5.998,7.916,4.356,5.766,8.093,4.387,4.724,6.347,4.794,6.746,3.906,3.474,6.698,6.972,3.333,4.322,4.271,4.789,4.604,4.878,5.036,8.946,5.897,6.449,4.719,3.906,5.541,5.444,3.993,4.331,6.061,4.443,5.333,5.609,4.511,4.136,3.752,6.186,5.718,4.261,4.045,3.684,4.107,5.131,3.08,2.419,5.212,4.056,4.303,6.222,2.864,5.527,5.329,2.56,5.405,0.8083,4.704,5.525,3.829,3.896,4.716,3.653,5.353,4.123,5.799,6.46,4.102,5.488,4.866,4.881,4.402,5.014,4.591,6.75,5.915,3.727,4.545,4.65,6.1,5.913,3.918,7.805,6.698,6.732,8.446,5.196,5.238,4.649,6.447,5.169,4.632,5.871,5.018,5.734,5.361,4.443,5.637,6.17,3.533,7.114,4.089,6.725,5.084,4.324,4.349,4.528,5.338,5.2,4.913,3.966,5.013,5.516,4.762,3.563,4.833,5.08,5.017,6.024,5.499,7.217,4.997,5.559,5.43,5.031,6.796,4.857,4.546,5.827,5.868,6.265,4.697,7.941,3.671,6.304,6.108,7.391,6.656,5.108,5.997,7.09,6.653,5.96,6.824,2.993,6.165,5.771,5.304,5.652,5.856,6.16,5.148,5.447,4.889,4.542,6.461,6.139,7.136,6.206,7.042,6.323,5.226,5.055,5.03,5.581,5.982,7.556,6.99,6.897,5.92,6.896,7.394,6.901,5.426,6.147,7.312,5.07,3.676,6.106,5.934,6.125,5.688,6.211,5.944,3.741,4.064,5.658,5.671,5.107,3.569,5.551,5.244,4.637,5.064,4.191,5.157,6.542,6.027,4.098,4.427,5.477,3.875,5.323,3.916,5.467,4.774,5.87,5.707,5.904,4.762,5.898,5.197,6.158,4.631,5.201,5.441,8.78,4.537,5.814,4.111,1.744,4.685,5.288,4.779,7.518,4.988,5.053,5.037,4.587,4.499,3.799,2.507,5.696,6.013,3.103,3.919,4.582,4.479,5.786,4.477,4.695,5.421,5.888,4.677,4.832,4.323,5.16,4.946,3.788,6.556,7.649,8.408,5.964,4.822,7.397,8.119,4.409,5.155,5.162,5.271,5.511,4.868,4.12
Middle2,5.759,5.329,6.637,5.787,6.289,5.867,5.05,6.52,6.349,4.956,5.482,6.186,5.703,6.146,4.459,5.54,6.181,3.694,5.661,5.398,6.859,3.749,5.734,5.891,7.796,4.706,5.76,6.896,5.776,5.328,4.832,5.226,4.977,6.389,5.879,5.219,7.571,5.923,5.566,6.058,5.731,4.07,5.339,6.367,4.994,5.149,5.237,5.509,4.383,6.543,4.793,6.103,5.878,6.96,5.994,7.291,5.376,5.882,5.803,6.32,5.566,6.344,5.707,6.877,6.576,4.479,6.589,5.352,7.063,6.141,6.084,6.547,5.761,5.484,6.231,5.764,4.879,4.051,5.215,5.669,5.76,8.167,6.428,6.281,5.688,6.711,5.245,5.522,6.156,7.756,7.586,5.244,4.98,6.79,5.088,4.634,5.467,6.404,5.415,5.95,5.633,6.6,5.125,5.947,4.246,5.18,5.468,5.538,5.22,5.001,6.57,5.431,5.358,5.631,5.002,5.045,5.009,5.513,7.288,6.359,5.312,5.793,5.646,5.636,5.613,5.101,5.284,4.113,5.203,6.337,4.017,4.914,4.786,4.602,5.794,6.114,5.032,5.781,4.853,3.269,5.565,5.385,5.731,5.003,5.027,5.736,6.488,5.721,5.841,4.988,4.878,4.13,5.607,6.07,3.59,3.269,6.494,5.708,5.273,3.923,7.215,3.166,4.229,4.33,4.706,3.959,4.556,4.627,5.029,4.62,5.346,6.717,5.055,5.835,3.469,4.426,5.726,5.038,5.406,4.934,4.322,2.538,6.884,5.582,5.454,6.141,5.702,3.076,5.04,6.176,4.679,3.07,4.014,5.2,4.108,5.76,3.986,5.849,5.993,4.58,4.73,4.03,4.727,3.896,4.905,5.529,5.515,4.05,3.277,4.308,6.293,3.572,6.322,4.29,5.158,4.898,5.719,5.77,4.963,4.053,3.463,5.479,7.879,6.329,5.048,4.61,6.886,6.999,4.157,8.86,4.901,4.495,5.825,5.818,6.061,6.049,6.212,8.292,4.289,6.478,8.284,4.864,6.029,5.898,7.839,4.373,5.66,8.01,4.368,4.691,6.293,4.813,6.719,2.562,2.309,6.595,7.031,2.27,3.737,4.833,4.523,4.337,4.916,4.921,8.905,5.557,6.435,3.99,4.956,5.466,5.775,4.358,4.206,5.948,4.867,5.296,5.6,4.105,4.483,4.586,6.161,5.781,4.289,3.932,2.564,4.095,5.215,3.229,2.423,4.974,5.17,5.686,6.605,4.092,5.543,5.874,3.969,5.332,0.7983,4.67,5.472,3.918,3.269,4.672,3.659,5.337,3.833,5.517,6.427,3.993,5.466,6.484,4.837,4.54,4.94,4.623,6.726,5.88,3.593,4.232,4.648,6.076,5.865,4.32,7.881,6.856,6.7,8.427,5.109,5.426,3.607,6.678,5.132,4.364,5.753,5.446,5.635,5.312,4.36,5.448,6.161,3.889,7.051,3.966,6.746,5.017,4.488,4.002,4.307,5.326,5.285,6.421,5.027,5.05,5.48,4.635,5.075,5.742,5.067,4.922,5.986,5.426,7.273,5.597,5.382,5.389,4.907,6.815,4.77,5.364,5.764,5.848,6.888,5.673,7.964,4.511,6.294,5.771,7.277,6.56,4.87,5.908,6.676,6.628,5.86,6.848,3.371,6.089,6.076,5.179,5.142,5.347,6.124,5.056,5.29,4.847,5.621,6.276,5.745,7.139,6.173,6.758,6.265,5.242,5.064,5.053,5.611,5.19,7.295,6.732,6.684,5.792,6.953,7.255,6.799,4.57,6.491,7.173,5.157,3.692,5.712,6.42,6.148,6.298,6.167,6.792,5.472,4.124,5.564,5.971,5.034,3.585,5.511,5.172,5.317,5.063,4.016,5.137,6.387,6.127,5.216,5.318,6.034,3.86,5.441,4.768,5.657,5.231,5.654,6.248,5.506,4.73,5.778,5.126,6.241,4.861,5.712,5.44,8.728,4.559,6.059,4.897,5.442,4.806,5.279,4.792,7.48,4.957,5.053,4.958,4.829,4.092,5.057,4.103,5.655,5.915,5.279,5.12,6.024,5.211,5.728,3.775,4.48,5.485,6.041,3.406,5.524,4.229,5.163,5.246,6.076,6.464,7.386,8.386,6.266,5.754,7.374,8.26,3.834,4.208,5.587,4.882,5.82,4.788,4.854
Middle3,5.598,5.702,6.64,5.895,6.285,5.911,5.246,6.504,6.307,4.873,5.476,6.185,5.798,6.375,4.925,5.574,6.21,3.943,5.944,5.587,7.239,4.477,5.851,5.92,7.825,4.929,5.85,6.722,5.823,5.868,4.891,5.193,4.88,6.363,5.718,5.068,7.61,5.932,5.558,6.046,5.731,4.111,5.325,6.469,5.034,5.02,5.522,5.55,4.438,6.307,4.801,6.166,5.746,6.805,5.901,7.265,5.616,5.877,6.009,6.383,5.573,6.367,5.741,6.893,6.602,4.508,6.642,5.377,7.092,6.155,6.117,6.529,5.73,5.436,6.208,5.773,4.633,4.438,5.267,5.675,5.724,8.068,6.178,6.282,5.708,6.754,5.211,5.399,6.347,7.64,7.588,5.26,5.185,6.985,5.235,4.798,6.291,6.461,5.375,5.559,5.627,6.597,5.538,5.947,4.187,5.242,5.495,5.512,5.227,4.973,6.573,5.462,5.504,5.748,5.074,5.054,5.095,5.518,7.303,6.407,5.358,5.9,5.752,5.629,5.625,4.948,4.736,4.344,5.218,6.344,4.433,5.082,4.829,4.585,5.781,6.134,5.012,5.779,4.985,3.417,5.573,4.425,5.731,4.966,5.072,5.688,6.629,5.84,5.906,4.867,4.74,4.208,5.77,6.048,3.76,3.691,6.512,5.738,5.177,4.485,7.217,3.792,4.307,4.245,5.143,4.035,3.999,4.237,4.296,4.482,5.59,6.886,5.053,5.846,4.934,4.482,5.292,5.004,5.438,4.988,4.337,5.121,7.027,5.8,5.381,5.752,5.73,3.654,3.573,6.35,4.732,4.15,4.465,5.065,4.126,5.577,3.844,5.979,6.005,4.506,4.718,4.656,4.741,4.124,4.615,4.986,5.486,3.982,4.16,4.778,6.305,4.278,6.354,4.802,5.59,5.04,5.72,5.773,5.192,4.597,3.786,5.463,7.914,6.409,5.043,5.128,6.881,6.99,4.102,8.834,4.947,4.893,6.077,5.81,6.295,6.05,6.539,8.202,4.298,6.169,8.286,4.759,6.395,5.955,7.87,4.356,5.673,8.058,4.381,4.709,6.354,4.809,6.75,3.991,3.954,6.532,6.951,4.253,4.587,4.833,4.965,4.831,4.938,5.186,8.924,5.975,6.442,4.803,4.134,5.478,5.705,4.349,4.394,6.129,4.555,5.317,5.592,4.646,4.506,4.213,5.985,5.587,4.357,3.986,4.952,4.407,5.22,4.261,3.669,5.369,4.662,4.94,6.359,3.085,5.543,5.475,3.46,5.339,2.919,4.786,5.471,4.053,4.085,4.875,3.684,5.369,3.973,5.896,6.526,4.188,5.447,5.901,4.759,4.246,4.933,4.868,6.732,5.882,3.345,4.082,4.703,6.126,5.899,4.234,7.904,6.799,6.738,8.45,5.074,5.401,3.621,6.622,5.187,4.314,5.888,5.824,6.013,5.332,4.456,5.637,6.166,4.331,7.172,3.796,6.646,5.034,4.417,4.08,4.288,5.319,5.201,5.864,4.329,5.001,5.469,4.731,4.248,5.113,4.891,4.899,6.029,5.393,7.246,4.829,5.138,5.218,4.586,6.782,4.489,4.035,5.527,6.33,6.779,5.641,7.936,5.004,6.202,6.329,7.4,6.749,5.306,6.443,6.764,6.684,5.895,6.976,3.815,5.802,5.962,5.091,5.612,5.66,6.033,4.735,5.43,4.829,5.725,6.238,6.077,7.227,6.179,6.917,6.337,5.147,4.982,5.001,5.562,5.277,7.272,6.739,6.998,6.312,7.037,7.493,6.902,3.952,6.836,7.294,5.654,3.976,4.892,6.219,5.944,6.149,5.964,6.446,4.651,3.624,5.13,5.331,4.734,3.808,5.484,5.106,4.692,4.781,4.018,5.09,6.39,6.018,5.547,5.335,5.861,3.908,5.031,4.224,5.393,4.544,5.894,5.522,6.344,4.573,5.812,5.092,6.083,4.635,5.628,5.408,8.802,4.564,5.636,4.367,4.025,4.432,5.235,4.775,7.443,5.067,5.066,4.96,5.195,4.594,4.882,3.422,5.66,5.945,4.395,4.855,5.567,4.912,5.729,4.547,5.244,5.701,5.914,4.444,4.965,4.181,4.782,5.333,5.118,6.824,7.351,8.438,6.094,5.874,7.364,8.216,4.364,5.109,5.273,5.131,5.855,5.214,4.719
Middle4,5.642,6.134,6.636,5.889,6.293,5.912,4.458,6.364,6.453,4.723,5.47,6.242,6.58,6.54,5.296,5.497,6.196,1.489,6.519,5.678,6.986,5.806,5.974,5.987,7.83,5.195,5.843,6.464,5.812,5.552,4.861,5.42,4.992,6.445,6.291,5.631,7.485,5.786,5.502,6.103,5.776,4.134,5.253,6.46,4.666,5.652,5.254,5.39,4.485,6.223,4.877,6.184,5.878,7.303,5.975,7.322,5.561,5.963,5.883,6.601,5.791,6.373,5.729,6.845,6.615,4.626,6.701,5.394,7.124,6.18,6.147,6.628,5.832,5.449,6.418,5.824,5.253,4.849,5.204,5.653,5.693,8.012,6.279,6.277,5.654,6.814,5.158,5.874,6.173,7.43,7.563,5.118,4.905,7.075,5.294,4.929,6.258,6.448,5.464,5.545,5.528,6.619,5.903,6.014,4.259,5.133,5.382,5.623,5.242,5.197,6.585,5.394,5.369,5.716,5.044,5.069,5.205,5.502,7.337,6.397,5.328,5.895,5.753,5.667,5.626,4.821,6.981,4.447,5.262,6.42,5.04,5.179,4.795,4.658,5.985,6.206,4.901,5.815,5.131,2.828,5.596,3.973,5.736,5.182,5.038,5.716,6.862,6.074,6.031,4.828,4.803,3.226,6.059,5.944,3.564,3.52,6.49,5.729,5.087,4.891,7.237,4.298,4.555,4.848,5.659,3.85,4.801,4.762,4.253,4.547,5.824,7.189,5.019,5.831,5.095,4.473,5.08,5.034,5.395,4.902,4.376,5.813,7.284,6.043,5.414,5.453,5.83,3.91,4.171,6.204,4.924,3.787,4.696,5.05,4.038,5.833,3.933,5.94,5.981,4.804,4.615,4.955,4.693,4.319,5.239,5.169,5.61,4.332,5,5.095,6.267,4.791,6.313,5.416,5.011,5.408,5.78,5.749,5.538,4.925,3.672,5.406,7.922,6.694,5.191,5.472,6.751,6.922,4.084,8.765,4.984,5.07,6.28,5.825,6.323,5.957,6.853,8.199,4.393,6.239,8.237,4.562,6.759,5.876,7.863,4.377,5.725,8.031,4.351,4.778,6.398,4.821,6.791,4.317,4.319,6.492,6.752,4.788,4.929,4.832,5.164,5.105,5.259,5.332,8.914,6.697,6.393,5.1,4.438,5.366,5.729,4.626,4.679,6.419,4.692,5.205,5.514,4.999,4.771,4.118,6.09,5.877,4.182,3.848,5.394,4.715,5.405,5.107,4.521,5.624,4.245,4.264,6.427,4.6,5.588,5.567,4.02,5.236,3.504,4.672,5.468,4.398,3.835,5.364,3.579,5.413,3.992,6.18,6.729,4.033,5.369,5.331,4.837,4.511,5.005,4.631,6.758,5.889,3.471,4.381,4.718,6.119,5.92,4.368,7.96,6.823,6.733,8.509,5.146,5.563,5.81,6.768,5.176,4.822,5.893,6.216,6.002,5.355,4.495,5.647,6.076,3.872,7.149,4.605,5.887,5.001,4.69,4.299,2.716,5.316,5.158,5.325,4.108,4.989,5.462,4.66,3.442,5.527,4.925,4.965,6.02,5.457,7.407,5.668,5.056,5.231,5.956,6.632,4.512,5.243,5.436,6.838,7.015,5.655,7.967,5.613,6.286,5.607,7.475,6.685,4.926,6.941,6.819,6.804,5.893,6.925,3.416,5.581,5.707,4.818,5.946,5.286,5.811,4.778,5.321,4.842,5.509,6.287,5.95,7.052,6.203,6.789,6.465,5.269,4.892,4.918,5.53,5.543,7.322,6.817,6.75,5.803,7.003,7.01,6.895,3.954,7.187,7.388,6.251,5.084,4.91,6.28,5.931,5.976,5.888,6.299,4.44,5.366,6.339,5.425,4.694,5.129,5.467,5.103,4.528,4.741,3.829,5.064,6.44,5.802,5.445,5.53,5.961,4.058,5.51,5.136,5.339,5.844,5.599,5.642,5.412,4.649,5.884,5.121,6.247,4.603,5.757,5.391,8.779,4.474,5.84,4.233,1.724,4.562,5.265,4.7,7.412,5.059,5.119,4.983,5.535,5.142,6.074,4.259,5.648,5.909,3.475,4.911,5.24,4.909,5.667,5.217,5.399,5.99,5.875,5.131,4.857,4.07,5.947,4.961,3.768,7.304,7.284,8.483,5.895,5.931,7.33,8.107,4.692,5.795,5.626,5.079,6.022,5.574,4.798
Middle5,5.417,5.743,6.677,5.707,6.298,5.896,3.928,6.038,5.911,4.619,5.486,6.078,6.207,6.292,4.632,5.424,6.13,3.896,6.197,5.59,7.179,5.09,5.716,5.914,7.814,4.922,5.831,6.813,5.749,5.755,4.867,5.08,4.649,6.361,5.959,5.299,7.812,5.484,5.4,6.093,5.824,4.075,5.184,6.282,4.192,5.274,4.676,5.072,4.366,6.245,4.796,5.966,5.679,7.009,5.891,7.335,5.704,5.85,6.59,6.297,5.429,6.368,5.682,6.722,6.6,4.489,6.618,5.342,7.088,6.169,6.018,6.538,5.841,5.462,4.706,5.797,5.097,5.108,5.059,5.581,5.648,8.194,6.283,6.212,5.567,6.739,5.089,5.532,5.733,7.669,7.582,5.022,4.3,6.899,5.141,4.714,5.924,6.297,5.326,5.276,5.369,6.657,5.564,5.947,4.297,5.016,5.344,5.536,5.22,5.273,6.588,5.111,5.608,5.774,5.121,5.056,4.888,5.514,7.325,6.41,5.356,5.94,5.779,5.65,5.63,4.975,6.447,4.556,5.286,6.411,5.203,4.956,4.6,4.405,5.78,6.2,4.845,5.822,4.997,2.999,5.617,4.137,5.716,4.993,5.025,5.68,6.544,5.76,5.622,4.769,4.762,4.584,5.742,6.075,3.592,3.163,6.5,5.727,5.357,4.228,7.464,3.497,4.288,4.533,5.188,4.138,4.096,4.734,4.441,4.441,5.336,6.802,5.055,5.836,4.605,4.537,5.167,4.777,5.438,4.957,4.38,5.532,6.964,5.73,5.336,5.044,5.67,3.668,3.763,6.181,4.686,3.906,4.06,4.73,4.149,5.753,3.939,5.508,6.007,4.423,4.739,4.408,4.719,4.096,5.308,4.987,5.303,4.188,3.705,4.559,6.202,3.61,6.258,4.965,5.07,4.831,5.976,5.666,4.877,4.219,3.696,5.298,7.885,6.375,5.103,4.913,6.701,6.874,4.165,8.862,4.943,4.309,5.963,5.802,6.001,5.875,6.47,8.253,4.296,6.105,8.18,4.436,6.242,5.97,7.758,4.298,5.61,7.968,4.345,4.743,6.314,4.756,6.724,3.456,2.412,6.675,6.971,4.659,4.503,4.306,4.674,4.514,5.271,4.909,8.848,6.186,6.33,4.594,4.054,5.322,5.353,4.125,4.264,6.1,4.371,5.103,5.476,4.392,4.377,3.564,6.037,5.709,4.267,3.986,4.729,4.298,5.075,4.788,4.121,5.122,4.711,4.638,6.274,3.83,5.514,5.379,3.281,5.401,0.2727,4.722,5.485,4.126,2.042,4.998,3.692,5.395,3.961,5.795,6.498,4.053,5.273,5.719,4.842,4.413,5.002,4.81,6.752,5.88,3.77,4.531,4.691,6.122,5.933,4.193,7.84,6.667,6.739,8.458,5.044,5.413,5.212,6.533,5.221,4.921,5.93,5.959,5.583,5.431,4.511,5.662,6.037,3.967,6.984,4.508,6.741,5.038,4.574,4.187,4.673,5.339,5.228,5.704,4.267,5.037,5.501,4.755,3.169,5.308,5.112,4.97,5.057,5.512,7.39,5.479,5.059,5.427,5.492,6.883,4.82,5.204,5.769,6.535,6.769,5.319,7.94,5.251,6.185,5.111,7.313,6.543,4.666,6.552,7.211,6.613,5.996,6.777,2.662,5.977,5.993,3.706,5.402,4.635,5.524,4.724,5.004,4.883,5.251,6.56,6.17,7.198,6.207,7.108,6.282,5.326,5.009,4.985,5.554,4.364,6.757,6.291,6.569,5.933,6.953,6.807,6.853,3.999,6.871,7.248,6.291,4.744,4.92,6.143,6.054,5.922,6.169,6.177,4.028,5.174,6.096,5.596,5.056,5.063,5.547,5.249,4.723,5.09,4.567,5.182,6.385,6.151,5.086,5.21,5.864,4.246,5.529,4.787,4.094,5.167,5.343,5.689,5.113,4.739,5.856,5.145,6.153,4.682,5.48,5.441,8.747,4.659,5.805,4.134,3.292,4.633,5.261,4.82,7.388,4.959,5.015,4.973,5.021,4.629,5.141,3.679,5.689,5.958,4.116,4.696,5.336,4.418,5.771,4.615,4.575,5.378,5.929,4.313,4.89,4.153,5.678,5.91,4.233,7.291,6.406,8.305,6.198,5.596,7.379,8.282,3.843,5.389,5.2,4.974,5.812,5.099,4.566
Middle6,4.847,4.427,6.664,5.824,6.339,5.919,4.024,5.082,6.432,4.659,5.507,6.206,4.52,6.402,4.088,5.486,6.172,2.882,5.047,5.695,7.119,3.775,5.658,5.934,7.817,5.343,5.856,6.686,5.772,6.019,4.873,5.313,4.328,6.354,5.089,3.487,7.853,4.072,5.458,6.074,5.77,4.096,5.214,6.4,4.315,3.801,4.056,3.868,4.4,6.184,4.836,6.137,5.717,6.298,6.017,7.333,5.678,5.885,5.911,6.239,4.305,6.413,5.69,6.806,6.609,4.562,6.657,5.352,7.097,6.171,6.078,6.564,5.786,5.502,6.256,5.845,5.002,4.413,5.095,5.62,5.695,8.269,6.731,6.251,5.643,6.768,5.113,4.111,4.641,7.608,7.603,5.096,4.387,6.996,5.253,4.817,5.363,6.373,5.399,5.129,5.494,6.637,4.681,6.015,4.292,5.099,5.386,5.583,5.212,5.11,6.58,5.38,5.51,5.733,5.098,5.08,4.929,5.496,7.333,6.408,5.288,5.934,5.788,5.65,5.619,5.046,5.854,4.475,5.3,6.481,4.966,5.103,4.738,4.416,5.656,6.212,4.927,5.834,4.984,3.317,5.587,4.459,5.68,5.071,5.024,5.736,6.443,5.654,4.618,4.71,4.725,4.12,5.654,6.077,3.576,3.352,6.501,5.742,5.271,3.661,7.569,2.607,4.224,4.08,3.994,4.014,4.223,4.375,4.46,4.626,5.072,6.341,5.083,5.849,2.788,4.513,5.131,4.601,5.45,4.947,4.369,2.564,6.534,5.426,5.176,3.208,4.968,3.375,5.244,6.04,4.615,2.669,3.172,4.119,4.2,5.556,4.014,4.98,6.018,4.259,4.796,4.091,4.794,3.369,4.923,5.465,5.542,4.089,2.673,4.301,6.252,3.904,6.294,3.258,5.336,4.389,5.417,5.727,4.566,4.01,2.571,5.385,7.928,5.818,5.225,4.465,6.745,6.917,4.207,8.773,4.998,3.796,5.777,5.291,6.006,5.938,5.852,8.3,4.394,6.093,8.213,4.311,4.624,6.019,7.823,4.314,5.575,8.022,4.393,4.843,6.347,4.789,6.747,4.847,2.335,6.801,7.009,2.296,3.745,4.11,4.391,3.951,4.18,4.644,8.892,4.851,6.372,3.863,4.21,5.354,4.889,3.879,4.188,5.927,4.526,5.158,5.462,3.83,4.069,3.535,6.179,5.571,4.248,4.012,2.59,3.852,4.93,3.172,2.449,4.867,4.204,4.73,6.25,3.06,5.516,5.394,3.942,5.412,0.6139,4.762,5.488,2.788,3.832,4.834,3.553,5.328,3.911,5.554,6.414,4.036,5.285,3.446,4.829,4.815,4.964,4.649,6.755,5.932,3.721,4.104,4.734,6.131,5.949,3.969,7.868,6.867,6.734,8.48,5.05,5.379,4.194,6.498,5.208,4.601,5.944,4.691,5.829,5.377,4.407,5.65,6.065,4.262,7.08,4.446,6.69,5.037,3.286,4.273,4.148,5.363,5.32,3.981,4.438,5.085,5.511,4.781,4.815,5.219,5.186,4.994,4.993,5.551,7.305,5.161,5.097,5.531,3.163,6.848,4.859,4.741,5.946,5.021,6.347,5.421,7.995,3.707,6.25,5.402,7.343,6.445,4.899,5.673,7.214,6.54,5.992,6.821,2.961,6.091,5.862,4.422,5.198,4.709,5.599,4.585,5.432,4.898,4.476,6.595,6.21,7.175,6.254,7.168,6.266,5.352,5.227,5.185,5.649,5.632,7.404,6.949,6.87,6.077,6.87,6.907,6.784,4.011,6.204,7.215,5.08,3.712,5.878,6.418,6.257,5.764,6.308,6.239,4.917,3.432,5.009,6.104,5.254,3.606,5.611,5.269,5.021,5.273,4.493,5.226,6.405,6.086,3.604,4.962,5.53,4.015,5.767,2.94,5.642,4.175,5.225,6.307,5.3,4.849,5.891,5.189,6.131,4.689,5.046,5.454,8.79,4.609,6.189,4.575,4.929,4.751,5.344,4.864,7.478,4.986,5.115,5.072,2.652,3.034,2.802,3.628,5.724,6.014,4.177,4.375,5.244,4.104,5.781,5.34,4.059,4.307,6.029,3.426,5.153,4.416,4.478,4.952,5.489,5.366,7.522,8.286,6.044,4.854,7.383,8.192,3.972,2.987,5.127,4.814,5.123,4.516,4.386
Mild1,5.164,4.258,6.68,6.02,6.319,5.954,4.857,5.993,6.313,4.799,5.478,6.321,4.9,6.587,4.882,5.569,6.254,3.53,5.453,5.762,6.932,3.743,5.567,5.969,7.811,4.884,5.813,6.306,5.799,5.321,4.869,5.461,4.898,6.49,5.145,4.261,7.658,5.193,5.567,6.061,5.687,4.157,5.33,6.468,5.614,4.11,4.928,4.823,4.388,7.011,4.844,6.267,5.666,6.359,5.924,7.141,5.599,6.041,5.832,6.588,4.776,6.346,5.739,6.959,6.596,4.578,6.675,5.38,7.098,6.172,6.162,6.604,5.727,5.447,6.298,5.797,5.122,4.519,5.222,5.723,5.788,8.305,6.478,6.331,5.749,6.795,5.23,3.939,5.815,7.409,7.44,5.286,4.684,7.152,5.399,5.093,5.837,6.531,5.552,5.158,5.706,6.647,4.893,6.079,3.826,5.238,5.499,5.599,5.19,5.033,6.598,5.177,5.483,5.775,5.07,5.042,4.692,5.505,7.321,6.389,5.313,5.922,5.769,5.673,5.596,4.952,5.624,4.241,5.203,6.401,4.103,5.069,4.859,4.251,5.541,6.18,5.07,5.822,4.935,2.786,5.56,2.802,5.651,4.834,5.054,5.656,6.34,5.564,5.75,4.741,4.786,3.233,5.518,6.053,3.624,3.208,6.473,5.71,5.302,3.965,7.456,3.347,4.245,2.618,4.472,4.089,2.446,3.778,3.336,4.491,5.559,6.569,5.069,5.836,4.505,4.498,5.065,4.988,5.448,4.918,4.389,4.498,6.759,5.572,5.3,5.293,5.398,3.437,2.525,6.352,4.604,3.385,4.317,4.754,4.118,5.386,3.949,5.391,6.006,4.595,4.735,4.57,4.769,3.862,4.752,4.857,5.627,3.891,3.68,4.866,6.338,3.495,6.374,4.098,5.3,4.837,5.592,5.791,5.242,4.651,3.368,5.402,7.947,6.263,4.931,5.012,6.957,7.028,4.093,8.65,4.936,4.513,6.036,5.512,6.161,6.114,6.209,8.225,4.408,5.773,8.329,4.502,5.992,5.968,7.92,4.333,5.589,8.094,4.323,4.756,6.369,4.782,6.772,4.213,2.923,6.745,6.938,3.623,4.426,4.529,4.889,4.714,4.475,5.073,8.956,5.463,6.47,4.899,3.867,5.521,5.463,4.317,4.415,6.033,4.347,5.377,5.641,4.571,4.398,3.922,5.926,5.469,4.221,4.005,2.559,4.01,5.287,3.189,2.553,5.263,4.204,4.788,6.007,2.01,5.523,5.061,2.558,5.43,4.451,4.697,5.48,3.396,2.829,4.518,3.427,5.37,3.999,5.841,6.365,4.044,5.347,3.817,4.871,4.447,4.998,5.458,6.763,5.897,3.638,5.217,4.666,6.107,5.89,3.871,7.815,6.587,6.694,8.511,5.02,5.257,3.672,6.428,5.182,4.142,5.91,5.121,5.597,5.392,4.446,5.67,6.164,3.908,7.219,4.788,6.85,5.035,2.638,4.054,3.342,5.353,5.199,4.058,3.776,4.973,5.497,4.76,3.477,4.403,5.074,4.988,5.555,5.497,6.995,5.105,5.911,5.456,5.147,6.607,4.765,4.8,5.809,5.821,6.152,5.111,7.984,4.484,6.221,6.373,7.447,6.773,5.046,6.018,6.983,6.718,5.957,6.947,4.43,6.004,5.312,5.728,5.727,5.952,6.485,5.505,5.527,4.889,5.245,6.343,5.967,7.004,6.025,6.864,6.443,5.361,5.038,5.039,5.678,5.497,7.427,6.719,6.91,5.821,6.54,7.654,6.934,4.813,6.274,7.346,5.479,3.653,5.726,5.683,6.173,6.015,6.193,6.179,3.718,4.407,5.953,5.506,5.08,3.547,5.48,5.181,4.307,5.521,4.265,5.098,6.434,5.909,5.033,4.524,5.65,3.822,5.025,4.431,5.649,5.133,6.15,5.293,6.232,4.701,5.959,5.151,6.057,4.59,5.469,5.426,8.797,4.461,5.557,4.065,2.452,4.286,5.253,4.742,7.393,4.91,5.049,5.005,4.774,3.413,2.743,2.485,5.703,6.015,4.19,4.21,4.745,4.585,5.741,4.579,4.803,5.542,5.878,4.35,4.736,4.218,5.406,4.043,4.417,6.662,7.469,8.492,5.694,5.292,7.366,8.046,4.453,4.634,4.909,5.189,5.53,4.882,4.723
Mild2,5.103,4.257,6.636,5.769,6.288,5.873,3.028,5.638,6.312,4.784,5.402,6.123,4.905,6.232,4.572,5.487,6.202,3.626,5.649,5.619,6.814,3.749,5.586,5.908,7.8,4.636,5.822,6.953,5.785,5.226,4.86,5.3,4.605,6.382,5.301,4.446,7.53,5.115,5.532,6.039,5.7,3.999,5.338,6.314,5.039,4.007,4.612,4.78,4.411,6.41,4.795,6.025,6.039,6.365,5.952,7.349,5.074,5.881,5.856,6.248,4.261,6.361,5.696,6.839,6.577,4.533,6.626,5.328,7.067,6.138,6.067,6.547,5.772,5.448,6.203,5.796,4.622,4.433,5.06,5.646,5.707,8.207,6.652,6.271,5.686,6.738,5.093,3.808,5.553,7.707,7.616,5.176,3.559,6.858,5.122,4.68,5.478,6.368,5.383,5.033,5.564,6.623,5.034,5.957,5.345,5.197,5.435,5.492,5.158,4.957,6.567,5.1,5.443,5.698,5.012,4.95,4.987,5.507,7.295,6.278,5.33,5.898,5.702,5.628,5.557,4.802,5.775,4.41,5.241,6.277,4.857,5.174,4.788,4.18,5.531,6.129,4.98,5.783,4.913,2.97,5.551,2.884,5.679,4.917,5.049,5.662,6.479,5.709,5.321,4.694,4.737,4.728,5.666,6.069,3.61,3.599,6.482,5.742,5.314,3.991,6.813,2.581,4.22,3.984,4.916,4.063,3.307,4.495,4.565,4.486,5.356,6.621,5.046,5.843,4.325,4.473,5.113,4.729,5.424,4.925,4.38,5.132,6.805,5.58,5.266,4.822,5.379,3.262,2.957,6.238,4.569,3.885,4.108,4.784,4.036,5.715,3.827,5.04,5.993,4.395,4.698,4.282,4.74,3.927,5.347,4.999,5.413,4.307,2.647,4.415,6.267,2.935,6.309,4.416,5.204,4.719,6.015,5.723,4.887,4.251,3.346,5.416,7.9,6.287,5.05,4.859,6.849,6.966,4.151,8.912,4.917,4.281,5.894,5.709,6.154,6.006,6.213,8.38,4.257,6.078,8.247,4.441,5.933,5.958,7.818,4.348,5.622,8.044,4.314,4.698,6.339,4.794,6.73,3.053,2.309,6.636,7.008,2.284,4.143,4.569,4.676,4.483,4.77,4.957,8.887,5.605,6.395,4.553,4.48,5.394,5.429,4.053,4.275,5.994,4.457,5.266,5.533,4.307,4.147,3.949,6.069,5.745,4.285,3.948,3.208,4.106,5.022,4.193,3.708,5.097,4.631,4.792,6.244,2.92,5.539,5.406,2.563,5.384,1.717,4.689,5.493,4.115,4.048,4.868,3.7,5.34,4.009,5.661,6.466,4.093,5.389,5.307,4.925,4.528,4.962,4.556,6.725,5.857,3.758,4.634,4.686,6.115,5.893,3.949,7.761,6.732,6.626,8.435,5.118,5.388,3.607,6.44,5.127,4.641,5.861,5.2,5.785,5.368,4.372,5.541,6.123,3.603,7.055,4.983,6.576,5.06,4.377,4.076,4.851,5.363,5.215,5.323,3.919,5.008,5.525,4.686,3.166,4.267,5.117,4.954,6.253,5.441,7.304,4.284,5.288,5.432,3.569,6.87,4.817,3.981,5.902,5.95,6.153,5.074,7.898,4.633,6.281,5.736,7.325,6.483,4.868,5.967,6.339,6.572,6.225,6.902,3.12,6.134,6.096,5.139,5.258,5.643,6.007,5.077,5.357,4.876,5.164,6.007,5.272,7.195,6.22,6.681,6.287,5.254,5.103,5.098,5.582,5.284,7.281,6.765,6.678,5.881,7.313,7.103,6.757,3.996,6.264,7.183,5.551,3.697,4.286,5.921,6.174,5.889,6.259,6.181,3.762,3.509,5.024,5.479,5.182,3.591,5.585,5.269,4.442,5.12,4.422,5.219,6.402,6.272,4.694,4.61,5.565,3.985,4.765,2.925,5.342,3.741,5.657,5.264,5.226,4.747,5.798,5.141,6.19,4.675,5.367,5.43,8.777,4.6,5.485,4.081,1.765,4.613,5.249,4.828,7.663,4.93,5.1,5.003,4.687,4.316,3.64,2.791,5.682,5.978,4.297,4.441,5.186,4.6,5.761,3.943,4.316,5.268,5.847,3.6,4.812,4.217,4.432,5.126,4.758,6.736,7.428,8.294,6.304,5.271,7.374,8.343,4.112,4.768,5.054,5.029,5.522,4.865,4.446
Mild3,5.477,5.299,6.709,6.016,6.345,5.953,4.775,6.387,6.146,4.755,5.539,6.317,5.621,6.653,5.227,5.536,6.26,3.572,5.852,5.793,6.979,3.938,5.733,5.993,7.849,5.002,5.883,6.407,5.814,5.522,4.907,5.518,4.869,6.448,5.572,4.69,7.687,5.557,5.519,6.097,5.792,4.124,5.322,6.453,4.127,4.683,5.273,5.251,4.482,6.178,4.872,6.214,5.32,6.566,5.706,6.987,5.708,5.997,5.772,6.449,5.316,6.393,5.76,6.931,6.628,4.604,6.713,5.404,7.137,6.177,6.216,6.618,5.789,5.459,6.183,5.806,4.95,5.095,5.241,5.741,5.756,8.373,6.968,6.353,5.723,6.811,5.222,5.027,6.261,7.245,7.204,5.195,4.827,7.171,5.378,5.044,6.165,6.505,5.525,5.36,5.662,6.681,5.388,6.03,3.952,5.245,5.468,5.646,5.268,5.247,6.606,5.086,5.44,5.769,5.073,5.029,5.197,5.552,7.343,6.482,5.432,5.929,5.785,5.66,5.632,4.847,6.266,4.531,5.282,6.435,4.956,5.104,4.807,4.456,5.751,6.212,4.973,5.821,4.954,2.814,5.584,3.43,5.74,4.975,5.113,5.736,6.509,5.717,5.672,4.604,4.668,4.573,5.676,5.912,3.504,3.216,6.514,5.76,5.31,4.345,7.397,3.878,4.358,4.407,5.366,4.142,4.057,4.191,4.418,4.405,5.804,6.916,5.093,5.856,4.966,4.452,5.139,4.984,5.438,4.939,4.366,5.011,7.083,5.822,5.321,5.544,5.668,3.959,3.343,6.306,4.766,3.493,4.666,5.082,4.083,5.526,3.922,5.876,6.003,4.716,4.667,4.851,4.758,4.119,4.956,4.873,5.749,4.047,4.098,4.924,6.35,4.363,6.372,4.605,5.451,5.058,5.782,5.815,5.521,4.937,4.068,5.53,7.951,6.255,5.063,5.379,6.952,7.012,4.144,8.573,4.974,4.739,6.191,5.664,6.327,6.075,6.583,8.282,4.353,6.01,8.318,4.445,6.414,5.971,7.925,4.29,5.679,8.12,4.327,4.745,6.402,4.807,6.795,3.772,4.036,6.767,6.785,3.93,4.672,4.581,5.121,5.041,4.772,5.309,8.96,5.913,6.476,5.154,4.314,5.487,5.752,4.455,4.553,6.236,4.599,5.358,5.623,4.892,4.526,4.1,6.024,5.59,4.336,4.046,4.947,4.413,5.385,4.029,3.635,5.541,4.431,4.65,6.221,3.515,5.523,5.304,2.606,5.368,4.428,4.731,5.451,4.227,2.052,4.798,3.611,5.382,3.995,6.024,6.476,4.053,5.414,4.694,4.868,4.544,4.986,4.698,6.768,5.86,3.42,4.145,4.709,6.124,5.933,4.302,7.904,6.76,6.801,8.527,5.128,5.462,4.883,6.672,5.199,4.832,5.94,5.684,5.877,5.426,4.454,5.692,6.137,3.862,7.199,4.119,6.763,5.042,4.32,3.981,4.723,5.328,5.208,4.714,3.966,5.022,5.517,4.808,3.146,4.236,5.115,5.014,5.899,5.557,6.801,3.694,5.037,5.486,0.5094,6.638,4.832,3.738,5.841,6.197,6.54,5.654,7.96,5.084,6.321,6.303,7.51,6.583,5.156,6.329,7.027,6.813,6.04,6.959,3.257,6.16,5.235,4.542,5.896,5.903,5.634,4.624,5.093,4.87,5.59,6.489,6.108,6.797,5.96,6.904,6.415,5.261,5.092,5.087,5.708,5.483,7.297,6.781,6.731,5.854,6.81,7.176,6.997,4.883,6.573,7.458,5.749,3.746,5.916,6.08,6.116,6.047,6.217,6.332,3.742,3.397,4.587,5.294,5.103,4.018,5.521,5.211,4.24,5.081,2.425,5.115,6.641,5.993,5.417,5.304,5.765,4.165,4.733,2.905,5.194,3.094,6.002,5.213,6.014,4.798,5.922,5.143,6.106,4.557,5.506,5.419,8.843,4.604,5.526,4.17,2.058,4.387,5.274,4.769,7.604,4.97,5.038,5.001,5.203,4.86,5.013,3.439,5.694,5.957,3.969,4.753,5.075,4.856,5.757,4.936,5.182,5.801,5.893,4.673,4.706,4.311,4.028,4.048,4.503,6.863,7.289,8.449,5.611,5.685,7.362,8.018,4.762,5.102,5.247,5.18,5.809,5.298,4.714
Mild4,5.521,5.507,6.697,5.966,6.325,5.912,4.783,6.165,6.066,4.807,5.561,6.144,5.459,6.376,4.66,5.576,6.223,5.442,5.81,5.564,7.108,3.804,5.849,5.946,7.836,4.944,5.843,6.501,5.793,5.872,4.847,5.108,4.742,6.315,5.432,4.662,7.831,5.59,5.522,6.071,5.724,4.16,5.282,6.393,5.469,4.619,4.995,5.179,4.427,6.319,4.86,6.129,5.564,6.541,5.878,7.102,5.656,5.839,6.996,6.25,5.103,6.376,5.704,6.849,6.615,4.568,6.679,5.387,7.112,6.177,6.117,6.562,5.748,5.476,5.96,5.755,4.353,5.087,5.135,5.67,5.764,8.279,6.707,6.287,5.725,6.78,5.198,4.99,5.986,7.462,7.391,5.17,4.818,6.961,5.204,4.759,5.878,6.397,5.368,5.377,5.538,6.646,5.203,5.885,3.85,5.102,5.406,5.533,5.137,5.025,6.575,5.247,5.522,5.796,5.156,5.011,5.063,5.55,7.329,6.382,5.361,5.977,5.826,5.681,5.642,5.074,5.131,4.467,5.247,6.446,4.666,5.123,4.757,4.452,5.712,6.163,4.932,5.808,4.932,2.81,5.587,4.352,5.717,4.95,5.051,5.691,6.604,5.825,5.558,4.94,4.849,4.476,5.753,5.867,3.672,3.696,6.528,5.74,5.371,4.309,7.453,3.66,4.356,4.339,5.179,4.137,4.294,4.529,4.472,4.477,5.422,6.812,5.082,5.861,4.73,4.539,5.418,4.938,5.432,4.979,4.346,5.296,6.953,5.741,5.325,5.971,5.571,3.381,3.787,6.173,4.692,3.641,4.162,4.972,4.119,5.689,3.961,5.61,6.001,4.416,4.725,4.414,4.741,4.158,5.01,5.474,5.643,4.09,3.111,4.579,6.293,3.836,6.324,4.455,5.462,4.856,5.844,5.777,4.955,4.326,3.923,5.456,7.917,6.21,4.895,4.905,6.846,6.985,4.093,8.673,4.971,4.764,5.974,5.834,6.288,5.972,6.446,8.321,4.277,6.194,8.281,4.536,6.242,5.934,7.846,4.416,5.712,8.043,4.387,4.755,6.374,4.799,6.772,4.514,3.731,6.683,6.839,3.763,4.489,4.638,4.781,4.59,5.018,5.029,8.914,5.695,6.435,4.59,4.726,5.455,5.607,4.227,4.307,6.075,4.57,5.318,5.593,4.394,4.348,3.967,5.928,5.717,4.251,3.915,4.754,4.289,5.067,4.485,3.901,5.173,4.864,5.055,6.384,3.918,5.533,5.505,3.24,5.335,0.276,4.811,5.483,3.845,3.818,4.84,3.751,5.356,3.986,5.786,6.539,4.016,5.422,5.996,4.799,4.455,5.032,4.754,6.74,5.914,3.751,4.267,4.748,6.124,5.911,4.282,7.865,6.798,6.718,8.488,5.086,5.382,3.626,6.628,5.246,4.49,5.965,5.548,5.71,5.361,4.542,5.677,6.125,4.12,7.136,3.619,6.753,5.082,4.464,4.333,4.589,5.346,5.249,5.941,4.36,5.029,5.506,4.766,3.896,5.163,5.098,4.969,5.697,5.468,7.094,5.6,5.145,5.432,5.575,6.584,4.68,5.302,5.751,6.101,6.481,5.509,7.931,4.512,6.21,6.259,7.35,6.646,5.127,6.089,7.181,6.648,5.895,6.94,3.515,6.181,5.685,5.582,5.375,5.948,6.406,4.703,5.734,4.851,5.416,6.517,6.158,7.081,6.1,7.1,6.284,5.181,5.041,5.011,5.62,4.889,7.143,6.715,7.117,5.779,6.73,7.606,6.903,5.158,6.452,7.269,5.259,3.695,5.672,5.994,5.943,6.048,6.137,6.332,4.564,4.948,6.229,5.477,5.019,3.588,5.517,5.115,4.512,5.172,3.836,5.111,6.476,5.809,5.251,5.164,5.818,4.336,5.659,4.82,5.836,5.645,5.948,5.675,6.048,4.743,5.86,5.12,6.081,4.667,5.489,5.404,8.76,4.588,5.853,4.27,4.108,4.44,5.227,4.799,7.466,5.01,5.089,5.002,5.019,4.604,4.878,3.812,5.649,5.924,4.545,4.883,5.668,4.66,5.726,4.583,4.96,5.254,5.973,3.579,4.964,4.173,5.764,6.378,5.136,6.476,7.104,8.399,5.81,5.514,7.374,8.019,4.003,4.722,5.231,4.899,5.718,5.075,4.753
Mild5,5.686,5.261,6.731,6.028,6.389,6.012,4.362,6.703,6.504,4.8,5.703,6.429,5.729,6.777,4.859,5.553,6.211,3.699,5.361,5.746,7.022,3.779,5.612,6.003,7.833,5.113,5.903,6.291,5.786,5.638,4.91,5.215,4.996,6.532,5.621,4.835,7.708,5.892,5.465,6.116,5.686,4.114,5.271,6.568,4.831,4.801,5.612,5.573,4.404,6.17,4.847,6.322,5.243,6.652,5.533,6.997,5.616,6.043,6.012,6.275,5.608,6.433,5.793,6.95,6.633,4.635,6.725,5.406,7.128,6.2,6.159,6.613,5.881,5.507,6.42,5.81,5.143,4.903,5.185,5.692,5.744,8.312,6.861,6.298,5.732,6.832,5.2,4.96,6.623,7.397,7.229,5.28,4.708,7.233,5.442,5.152,6.495,6.525,5.555,5.581,5.703,6.694,5.179,6.128,4.774,5.192,5.457,5.641,5.224,5.085,6.627,5.382,5.388,5.831,5.179,5.04,5.288,5.551,7.361,6.393,5.281,5.986,5.799,5.68,5.601,4.653,5.545,4.143,5.286,6.624,4.344,5.158,4.805,4.382,5.682,6.201,4.961,5.826,5.025,2.975,5.589,2.838,5.762,4.935,5.104,5.7,6.332,5.556,6.011,5.03,4.854,3.94,5.65,5.954,3.528,3.784,6.513,5.733,5.257,4.176,7.577,3.483,4.353,3.276,4.871,4.065,2.677,4.415,4.188,4.547,5.572,6.72,5.07,5.866,4.488,4.567,5.333,5.594,5.47,4.946,4.444,5.049,6.871,5.649,5.49,5.812,5.767,3.29,2.561,6.618,4.573,4.506,4.324,5.094,4.109,5.754,3.995,6.079,6.009,4.981,4.747,4.574,4.751,3.773,5.149,5.15,5.882,4.05,3.759,5.196,6.294,3.314,6.337,3.932,5.358,4.969,5.852,5.772,5.337,4.536,3.14,5.451,7.917,6.472,4.994,4.977,6.879,6.995,4.163,8.541,5.003,4.566,6.025,5.568,6.142,6.098,6.34,8.222,4.405,6.116,8.292,4.807,6.137,5.989,7.872,4.39,5.607,8.07,4.319,4.856,6.413,4.806,6.802,4.743,2.542,6.787,6.832,4.171,4.496,4.649,4.843,4.714,4.278,5.109,8.918,5.43,6.432,4.895,4.341,5.478,5.778,4.406,4.374,6.043,4.626,5.308,5.579,4.576,4.607,3.958,6.144,5.761,4.189,3.975,3.389,4.233,5.271,4.032,3.536,5.211,4.633,5.149,6.328,1.996,5.509,5.407,2.593,5.397,5.39,4.814,5.472,3.01,3.92,4.688,3.665,5.381,3.762,5.844,6.354,4.051,5.296,4.713,4.913,4.392,5.053,5.021,6.785,5.917,3.576,5.551,4.686,6.111,5.947,4.353,7.979,6.837,6.696,8.561,5.075,5.499,3.637,6.765,5.193,4.26,5.976,5.362,6.108,5.341,4.503,5.697,6.159,3.683,7.247,4.817,6.861,5.022,3.983,4.054,4.201,5.339,5.185,4.883,3.876,5.023,5.508,4.797,3.153,5.262,5.009,5.038,5.5,5.553,6.698,6.043,4.98,5.395,5.539,6.665,4.748,5.994,5.753,6.187,6.519,5.629,8.032,5.024,6.252,6.268,7.357,6.583,5.039,6.102,7.115,6.73,5.981,6.954,2.746,6.164,5.36,4.821,6.06,5.821,5.756,4.593,5.171,4.907,5.901,6.561,6.186,6.809,6.049,6.978,6.46,5.472,5.036,5.074,5.701,5.437,7.437,6.865,6.74,5.869,6.44,7.211,6.906,4.827,6.608,7.359,5.876,3.685,5.772,6.194,6.187,6.311,6.175,6.558,3.979,5.14,6.413,5.769,4.992,4.315,5.541,5.273,4.619,4.944,3.949,5.076,6.573,5.989,5.871,5.256,6.004,3.917,5.435,5.039,5.311,5.902,6.007,5.818,6.087,4.6,5.942,5.184,6.157,4.647,5.861,5.418,8.763,4.489,5.829,4.17,2.166,4.583,5.256,4.846,7.469,5.031,5.01,5.006,4.901,4.23,3.196,2.516,5.718,5.996,4.662,4.898,5.506,4.754,5.794,5.043,4.866,5.702,5.84,4.081,4.791,4.257,5.902,3.875,5.201,6.929,7.412,8.372,5.534,5.973,7.354,8.012,4.508,4.583,5.29,5.526,5.945,5.04,5.357
Mild6,5.246,4.384,6.739,5.76,6.388,6.026,4.262,5.993,6.555,4.848,5.486,6.074,5.035,6.393,4.746,5.444,6.105,3.16,5.362,5.75,7.113,3.747,5.735,5.95,7.811,5.495,5.861,6.885,5.728,5.871,4.887,5.125,4.621,6.454,5.147,4.03,7.748,5.347,5.391,6.087,5.761,4.2,5.171,6.278,4.348,4.135,5.037,4.942,4.483,6.292,4.88,6.005,6.005,6.371,6.082,7.394,5.639,5.985,5.917,6.125,5.035,6.387,5.713,6.698,6.606,4.546,6.682,5.342,7.089,6.167,5.975,6.552,5.681,5.443,6.327,5.801,5.332,5.728,5.052,5.547,5.614,8.106,6.553,6.178,5.579,6.786,5.014,3.859,5.9,7.838,7.663,5.073,4.539,6.993,5.285,4.88,5.876,6.298,5.368,5.208,5.364,6.693,4.88,6.01,3.886,5.005,5.277,5.546,5.16,5.156,6.614,5.138,5.357,5.634,5.029,5.082,5.068,5.505,7.345,6.334,5.298,5.829,5.677,5.661,5.64,4.848,5.673,4.527,5.363,6.319,5.068,4.945,4.581,4.365,5.654,6.213,4.764,5.827,4.907,2.857,5.588,3.813,5.664,4.938,5.066,5.704,6.582,5.792,5.422,4.838,4.895,4.361,5.748,6.109,3.768,3.149,6.488,5.728,5.32,3.777,7.468,2.7,4.186,3.464,4.79,4.139,2.665,4.387,4.433,4.564,5.514,6.592,5.049,5.862,4.502,4.546,5.095,4.851,5.465,4.915,4.391,4.555,6.796,5.572,5.302,5.656,5.352,3.617,2.529,6.42,4.624,4.125,4.306,4.944,4.136,5.604,3.96,5.506,6.013,4.605,4.763,4.376,4.769,3.769,5.106,4.887,5.202,4.183,3.59,4.719,6.178,3.591,6.201,3.981,5.373,4.724,5.919,5.654,5.159,4.541,2.543,5.307,7.908,6.315,5.053,5.009,6.622,6.865,4.08,8.913,4.978,4.485,6.015,5.581,6.158,5.838,6.199,8.227,4.403,5.864,8.149,4.49,5.916,5.989,7.715,4.319,5.649,7.928,4.357,4.76,6.36,4.778,6.75,2.874,2.307,6.756,7.104,2.512,4.302,4.332,4.836,4.653,4.319,5.08,8.818,5.39,6.294,4.825,4.327,5.251,5.595,4.096,4.353,6.035,4.245,5.132,5.424,4.501,4.255,4.011,6.055,5.599,4.284,4.036,2.69,4.078,5.229,3.381,2.421,5.207,4.497,4.694,6.095,2.366,5.533,5.173,2.562,5.441,4.005,4.745,5.497,3.791,3.871,4.933,3.704,5.4,3.896,5.747,6.529,4.073,5.216,4.227,4.895,4.378,5.071,4.597,6.765,5.935,3.286,4.446,4.737,6.11,5.952,4.233,7.845,6.794,6.658,8.499,4.95,5.339,3.771,6.64,5.133,4.861,5.833,5.274,5.846,5.397,4.366,5.508,5.945,3.598,6.977,3.603,6.671,5.076,3.882,4.083,4.543,5.366,5.27,4.402,4.146,5.078,5.54,4.811,3.18,3.871,5.078,5.01,5.554,5.532,7.363,4.223,5.188,5.45,4.392,6.978,4.811,3.772,5.823,5.672,6.214,5.304,7.943,3.706,6.161,4.872,7.267,6.422,4.931,5.849,7.053,6.467,6.01,6.964,2.739,5.903,6.187,4.638,5.617,4.868,5.663,4.84,5.483,4.933,5.397,6.462,6.12,7.155,6.317,7.054,6.224,5.448,5.272,5.299,5.669,5.664,7.408,6.976,6.831,6.263,7.065,6.875,6.763,4.01,6.157,7.159,5.258,3.711,5.74,5.881,6.178,5.898,6.224,6.217,4.279,3.431,5.365,5.498,5.164,3.605,5.596,5.33,4.583,5.177,4.697,5.253,6.296,6.308,5.19,4.851,5.733,5.09,5.269,3.648,5.49,3.128,5.262,5.429,5.001,4.741,5.87,5.194,6.102,4.666,5.477,5.472,8.74,4.992,5.567,4.133,1.779,4.694,5.304,4.831,7.446,5.021,5.159,5.054,4.676,4.179,2.801,2.543,5.734,6.062,4.06,4.473,5.026,4.689,5.831,5.617,4.836,5.518,5.949,4.078,4.954,4.328,4.908,5.765,4.478,6.57,7.533,8.314,6.224,5.448,7.391,8.385,4.385,4.679,5.051,5.27,5.522,4.92,4.629
