Metab.ID,Severe1,Severe2,Severe3,Severe4,Severe5,Severe6,Middle1,Middle2,Middle3,Middle4,Middle5,Middle6,Mild1,Mild2,Mild3,Mild4,Mild5,Mild6
metab_4,5.525,5.721,5.688,5.508,5.509,5.546,4.977,5.759,5.598,5.642,5.417,4.847,5.164,5.103,5.477,5.521,5.686,5.246
metab_11,5.944,6.206,5.956,5.288,5.371,5.557,4.932,5.329,5.702,6.134,5.743,4.427,4.258,4.257,5.299,5.507,5.261,4.384
metab_12,6.685,6.701,6.68,6.697,6.594,6.638,6.647,6.637,6.64,6.636,6.677,6.664,6.68,6.636,6.709,6.697,6.731,6.739
metab_19,5.744,5.929,5.857,5.816,5.948,5.807,5.829,5.787,5.895,5.889,5.707,5.824,6.02,5.769,6.016,5.966,6.028,5.76
metab_21,6.325,6.344,6.339,6.324,6.257,6.287,6.292,6.289,6.285,6.293,6.298,6.339,6.319,6.288,6.345,6.325,6.389,6.388
metab_26,5.907,5.956,5.911,5.95,5.861,5.905,5.888,5.867,5.911,5.912,5.896,5.919,5.954,5.873,5.953,5.912,6.012,6.026
metab_31,3.874,4.36,3.419,3.036,3.084,3.447,3.76,5.05,5.246,4.458,3.928,4.024,4.857,3.028,4.775,4.783,4.362,4.262
metab_36,6.272,6.448,6.413,5.801,6.072,6.047,5.608,6.52,6.504,6.364,6.038,5.082,5.993,5.638,6.387,6.165,6.703,5.993
metab_37,6.296,6.284,6.573,6.565,6.108,6.365,6.508,6.349,6.307,6.453,5.911,6.432,6.313,6.312,6.146,6.066,6.504,6.555
metab_54,4.743,4.854,4.808,4.812,4.65,4.813,4.791,4.956,4.873,4.723,4.619,4.659,4.799,4.784,4.755,4.807,4.8,4.848
metab_73,5.521,5.577,5.517,5.519,5.486,5.401,5.411,5.482,5.476,5.47,5.486,5.507,5.478,5.402,5.539,5.561,5.703,5.486
metab_84,6.12,6.23,6.27,6.236,6.304,6.147,6.214,6.186,6.185,6.242,6.078,6.206,6.321,6.123,6.317,6.144,6.429,6.074
metab_88,6.571,6.463,6.266,5.335,5.224,5.852,4.49,5.703,5.798,6.58,6.207,4.52,4.9,4.905,5.621,5.459,5.729,5.035
metab_89,6.293,6.494,6.492,6.534,6.436,6.303,6.402,6.146,6.375,6.54,6.292,6.402,6.587,6.232,6.653,6.376,6.777,6.393
metab_92,4.964,4.962,5.039,4.644,4.799,4.922,4.752,4.459,4.925,5.296,4.632,4.088,4.882,4.572,5.227,4.66,4.859,4.746
metab_93,5.451,5.448,5.523,5.514,5.589,5.513,5.551,5.54,5.574,5.497,5.424,5.486,5.569,5.487,5.536,5.576,5.553,5.444
metab_96,6.118,6.159,6.202,6.229,6.282,6.219,6.249,6.181,6.21,6.196,6.13,6.172,6.254,6.202,6.26,6.223,6.211,6.105
metab_101,3.568,2.899,3.535,1.47,3.06,3.72,3.328,3.694,3.943,1.489,3.896,2.882,3.53,3.626,3.572,5.442,3.699,3.16
metab_110,6.36,6.16,6.213,5.752,5.909,6.107,5.895,5.661,5.944,6.519,6.197,5.047,5.453,5.649,5.852,5.81,5.361,5.362
metab_121,5.644,5.515,5.53,5.808,5.394,5.317,5.781,5.398,5.587,5.678,5.59,5.695,5.762,5.619,5.793,5.564,5.746,5.75
metab_123,6.834,7.146,7.14,7.131,7.11,6.983,7.094,6.859,7.239,6.986,7.179,7.119,6.932,6.814,6.979,7.108,7.022,7.113
metab_130,5.64,5.478,5.366,3.757,3.697,4.438,3.745,3.749,4.477,5.806,5.09,3.775,3.743,3.749,3.938,3.804,3.779,3.747
metab_155,5.856,5.699,5.899,5.617,5.631,5.551,5.592,5.734,5.851,5.974,5.716,5.658,5.567,5.586,5.733,5.849,5.612,5.735
metab_158,5.917,5.94,5.959,5.955,5.882,5.922,5.923,5.891,5.92,5.987,5.914,5.934,5.969,5.908,5.993,5.946,6.003,5.95
metab_163,7.808,7.834,7.82,7.83,7.768,7.802,7.819,7.796,7.825,7.83,7.814,7.817,7.811,7.8,7.849,7.836,7.833,7.811
metab_182,5.035,5.041,5.354,5.877,4.768,4.829,4.822,4.706,4.929,5.195,4.922,5.343,4.884,4.636,5.002,4.944,5.113,5.495
metab_183,5.834,5.867,5.842,5.78,5.744,5.853,5.79,5.76,5.85,5.843,5.831,5.856,5.813,5.822,5.883,5.843,5.903,5.861
metab_185,6.716,6.459,6.422,6.489,6.762,6.852,6.575,6.896,6.722,6.464,6.813,6.686,6.306,6.953,6.407,6.501,6.291,6.885
metab_191,5.77,5.775,5.755,5.781,5.695,5.762,5.767,5.776,5.823,5.812,5.749,5.772,5.799,5.785,5.814,5.793,5.786,5.728
metab_195,5.076,5.653,5.911,5.802,5.817,5.617,5.982,5.328,5.868,5.552,5.755,6.019,5.321,5.226,5.522,5.872,5.638,5.871
metab_196,4.895,4.868,4.897,4.848,4.771,4.849,4.842,4.832,4.891,4.861,4.867,4.873,4.869,4.86,4.907,4.847,4.91,4.887
metab_199,5.268,5.209,5.004,5.202,5.004,5.105,5.209,5.226,5.193,5.42,5.08,5.313,5.461,5.3,5.518,5.108,5.215,5.125
metab_203,4.859,4.935,5.033,4.408,4.85,4.955,4.463,4.977,4.88,4.992,4.649,4.328,4.898,4.605,4.869,4.742,4.996,4.621
metab_210,6.39,6.395,6.416,6.386,6.308,6.35,6.377,6.389,6.363,6.445,6.361,6.354,6.49,6.382,6.448,6.315,6.532,6.454
metab_218,6.28,6.222,6.006,5.437,5.466,5.829,5.229,5.879,5.718,6.291,5.959,5.089,5.145,5.301,5.572,5.432,5.621,5.147
metab_221,5.608,5.576,5.398,4.612,4.711,5.138,4.201,5.219,5.068,5.631,5.299,3.487,4.261,4.446,4.69,4.662,4.835,4.03
metab_223,7.53,7.708,7.781,7.71,7.726,7.594,7.752,7.571,7.61,7.485,7.812,7.853,7.658,7.53,7.687,7.831,7.708,7.748
metab_241,5.698,5.728,5.758,5.109,5.458,5.488,4.881,5.923,5.932,5.786,5.484,4.072,5.193,5.115,5.557,5.59,5.892,5.347
metab_249,5.377,5.438,5.489,5.499,5.691,5.591,5.59,5.566,5.558,5.502,5.4,5.458,5.567,5.532,5.519,5.522,5.465,5.391
metab_256,6.1,6.121,6.092,6.083,6.04,6.064,6.059,6.058,6.046,6.103,6.093,6.074,6.061,6.039,6.097,6.071,6.116,6.087
metab_301,5.713,5.755,5.772,5.747,5.673,5.696,5.745,5.731,5.731,5.776,5.824,5.77,5.687,5.7,5.792,5.724,5.686,5.761
metab_350,4.149,4.149,4.044,4.13,4.018,4.152,4.124,4.07,4.111,4.134,4.075,4.096,4.157,3.999,4.124,4.16,4.114,4.2
metab_362,5.151,5.234,5.291,5.275,5.509,5.39,5.396,5.339,5.325,5.253,5.184,5.214,5.33,5.338,5.322,5.282,5.271,5.171
metab_365,6.326,6.518,6.378,6.448,6.536,6.328,6.409,6.367,6.469,6.46,6.282,6.4,6.468,6.314,6.453,6.393,6.568,6.278
metab_370,5.203,4.571,5.367,5.548,4.85,4.999,5.207,4.994,5.034,4.666,4.192,4.315,5.614,5.039,4.127,5.469,4.831,4.348
metab_376,5.592,5.532,5.329,4.639,4.678,5.146,4.31,5.149,5.02,5.652,5.274,3.801,4.11,4.007,4.683,4.619,4.801,4.135
metab_377,5.053,5.317,5.359,4.813,4.771,5.01,4.026,5.237,5.522,5.254,4.676,4.056,4.928,4.612,5.273,4.995,5.612,5.037
metab_378,5.251,5.35,5.331,4.598,4.917,5.058,4.356,5.509,5.55,5.39,5.072,3.868,4.823,4.78,5.251,5.179,5.573,4.942
metab_379,4.413,4.415,4.425,4.451,4.35,4.41,4.398,4.383,4.438,4.485,4.366,4.4,4.388,4.411,4.482,4.427,4.404,4.483
metab_385,6.75,6.214,6.766,7.018,6.535,6.342,6.602,6.543,6.307,6.223,6.245,6.184,7.011,6.41,6.178,6.319,6.17,6.292
metab_390,4.844,4.822,4.823,4.866,4.752,4.8,4.845,4.793,4.801,4.877,4.796,4.836,4.844,4.795,4.872,4.86,4.847,4.88
metab_396,6.005,6.208,6.122,6.196,6.246,6.03,6.123,6.103,6.166,6.184,5.966,6.137,6.267,6.025,6.214,6.129,6.322,6.005
metab_398,5.688,5.882,5.864,5.646,5.9,6.098,5.801,5.878,5.746,5.878,5.679,5.717,5.666,6.039,5.32,5.564,5.243,6.005
metab_399,7.294,7.22,7.08,6.603,6.647,6.871,6.414,6.96,6.805,7.303,7.009,6.298,6.359,6.365,6.566,6.541,6.652,6.371
metab_405,6.035,5.856,5.88,5.907,5.969,5.891,5.989,5.994,5.901,5.975,5.891,6.017,5.924,5.952,5.706,5.878,5.533,6.082
metab_408,7.369,7.211,7.235,7.198,7.293,7.246,7.289,7.291,7.265,7.322,7.335,7.333,7.141,7.349,6.987,7.102,6.997,7.394
metab_409,5.239,5.582,5.57,5.594,5.446,5.513,5.578,5.376,5.616,5.561,5.704,5.678,5.599,5.074,5.708,5.656,5.616,5.639
metab_424,5.916,5.862,5.928,5.916,5.83,5.873,5.901,5.882,5.877,5.963,5.85,5.885,6.041,5.881,5.997,5.839,6.043,5.985
metab_437,5.787,5.874,5.98,5.93,5.901,5.76,5.868,5.803,6.009,5.883,6.59,5.911,5.832,5.856,5.772,6.996,6.012,5.917
metab_440,6.426,6.511,6.313,6.508,6.276,6.275,6.318,6.32,6.383,6.601,6.297,6.239,6.588,6.248,6.449,6.25,6.275,6.125
metab_448,5.657,5.818,5.654,5.054,5.267,5.317,4.154,5.566,5.573,5.791,5.429,4.305,4.776,4.261,5.316,5.103,5.608,5.035
metab_459,6.385,6.427,6.379,6.348,6.267,6.346,6.338,6.344,6.367,6.373,6.368,6.413,6.346,6.361,6.393,6.376,6.433,6.387
metab_461,5.715,5.723,5.737,5.681,5.584,5.736,5.678,5.707,5.741,5.729,5.682,5.69,5.739,5.696,5.76,5.704,5.793,5.713
metab_464,6.716,6.845,6.879,6.905,7.048,6.857,6.922,6.877,6.893,6.845,6.722,6.806,6.959,6.839,6.931,6.849,6.95,6.698
metab_469,6.606,6.622,6.609,6.614,6.538,6.581,6.596,6.576,6.602,6.615,6.6,6.609,6.596,6.577,6.628,6.615,6.633,6.606
metab_475,4.52,4.574,4.579,4.561,4.49,4.51,4.542,4.479,4.508,4.626,4.489,4.562,4.578,4.533,4.604,4.568,4.635,4.546
metab_486,6.642,6.674,6.674,6.677,6.588,6.649,6.646,6.589,6.642,6.701,6.618,6.657,6.675,6.626,6.713,6.679,6.725,6.682
metab_490,5.336,5.376,5.382,5.393,5.324,5.361,5.365,5.352,5.377,5.394,5.342,5.352,5.38,5.328,5.404,5.387,5.406,5.342
metab_511,7.095,7.126,7.106,7.118,7.04,7.075,7.09,7.063,7.092,7.124,7.088,7.097,7.098,7.067,7.137,7.112,7.128,7.089
metab_513,6.181,6.206,6.181,6.193,6.108,6.145,6.146,6.141,6.155,6.18,6.169,6.171,6.172,6.138,6.177,6.177,6.2,6.167
metab_515,6.006,6.072,6.128,6.136,6.219,6.119,6.134,6.084,6.117,6.147,6.018,6.078,6.162,6.067,6.216,6.117,6.159,5.975
metab_520,6.55,6.616,6.656,6.564,6.558,6.563,6.576,6.547,6.529,6.628,6.538,6.564,6.604,6.547,6.618,6.562,6.613,6.552
metab_524,5.846,5.883,5.759,5.863,5.789,5.767,5.866,5.761,5.73,5.832,5.841,5.786,5.727,5.772,5.789,5.748,5.881,5.681
metab_526,5.509,5.508,5.491,5.471,5.421,5.436,5.432,5.484,5.436,5.449,5.462,5.502,5.447,5.448,5.459,5.476,5.507,5.443
metab_532,6.226,6.236,6.406,6.604,5.973,6.227,6.409,6.231,6.208,6.418,4.706,6.256,6.298,6.203,6.183,5.96,6.42,6.327
metab_542,5.802,5.842,5.816,5.808,5.747,5.746,5.748,5.764,5.773,5.824,5.797,5.845,5.797,5.796,5.806,5.755,5.81,5.801
metab_553,5.063,5.109,5.107,5.092,4.439,4.783,4.966,4.879,4.633,5.253,5.097,5.002,5.122,4.622,4.95,4.353,5.143,5.332
metab_559,5.063,4.717,4.975,4.31,4.644,4.717,4.643,4.051,4.438,4.849,5.108,4.413,4.519,4.433,5.095,5.087,4.903,5.728
metab_578,5.057,5.16,5.142,5.149,5.189,5.09,5.142,5.215,5.267,5.204,5.059,5.095,5.222,5.06,5.241,5.135,5.185,5.052
metab_586,5.574,5.628,5.672,5.691,5.761,5.68,5.681,5.669,5.675,5.653,5.581,5.62,5.723,5.646,5.741,5.67,5.692,5.547
metab_587,5.633,5.683,5.706,5.732,5.82,5.725,5.768,5.76,5.724,5.693,5.648,5.695,5.788,5.707,5.756,5.764,5.744,5.614
metab_588,8.273,8.115,8.202,8.214,8.101,8.183,8.272,8.167,8.068,8.012,8.194,8.269,8.305,8.207,8.373,8.279,8.312,8.106
metab_591,6.409,5.62,7.006,6.785,6.444,6.588,6.996,6.428,6.178,6.279,6.283,6.731,6.478,6.652,6.968,6.707,6.861,6.553
metab_595,6.196,6.236,6.297,6.289,6.358,6.288,6.324,6.281,6.282,6.277,6.212,6.251,6.331,6.271,6.353,6.287,6.298,6.178
metab_596,5.589,5.634,5.688,5.703,5.819,5.71,5.731,5.688,5.708,5.654,5.567,5.643,5.749,5.686,5.723,5.725,5.732,5.579
metab_622,6.763,6.785,6.784,6.782,6.704,6.759,6.757,6.711,6.754,6.814,6.739,6.768,6.795,6.738,6.811,6.78,6.832,6.786
metab_635,5.003,5.122,5.183,5.189,5.242,5.2,5.187,5.245,5.211,5.158,5.089,5.113,5.23,5.093,5.222,5.198,5.2,5.014
metab_644,5.88,5.958,5.676,5.103,4.784,5.271,4.546,5.522,5.399,5.874,5.532,4.111,3.939,3.808,5.027,4.99,4.96,3.859
metab_656,5.935,6.313,6.311,5.668,5.664,5.857,5.128,6.156,6.347,6.173,5.733,4.641,5.815,5.553,6.261,5.986,6.623,5.9
metab_668,7.661,7.532,7.458,7.53,7.695,7.691,7.52,7.756,7.64,7.43,7.669,7.608,7.409,7.707,7.245,7.462,7.397,7.838
metab_670,7.641,7.493,7.452,7.424,7.586,7.541,7.527,7.586,7.588,7.563,7.582,7.603,7.44,7.616,7.204,7.391,7.229,7.663
metab_673,5.055,5.141,5.217,5.271,5.414,5.181,5.233,5.244,5.26,5.118,5.022,5.096,5.286,5.176,5.195,5.17,5.28,5.073
metab_682,4.436,4.444,4.026,3.367,3.706,3.318,3.813,4.98,5.185,4.905,4.3,4.387,4.684,3.559,4.827,4.818,4.708,4.539
metab_693,6.88,7.029,7.042,7.098,7.031,6.93,6.992,6.79,6.985,7.075,6.899,6.996,7.152,6.858,7.171,6.961,7.233,6.993
metab_695,5.134,5.259,5.284,5.353,5.292,5.209,5.256,5.088,5.235,5.294,5.141,5.253,5.399,5.122,5.378,5.204,5.442,5.285
metab_696,4.719,4.874,4.926,5.073,4.935,4.785,4.904,4.634,4.798,4.929,4.714,4.817,5.093,4.68,5.044,4.759,5.152,4.88
metab_700,6.177,6.36,6.369,5.588,5.677,5.953,5.333,5.467,6.291,6.258,5.924,5.363,5.837,5.478,6.165,5.878,6.495,5.876
metab_703,6.332,6.457,6.432,6.44,6.524,6.346,6.434,6.404,6.461,6.448,6.297,6.373,6.531,6.368,6.505,6.397,6.525,6.298
metab_705,5.296,5.452,5.457,5.563,5.581,5.417,5.505,5.415,5.375,5.464,5.326,5.399,5.552,5.383,5.525,5.368,5.555,5.368
metab_711,5.41,5.547,5.598,5.373,5.342,5.345,4.82,5.95,5.559,5.545,5.276,5.129,5.158,5.033,5.36,5.377,5.581,5.208
metab_713,5.358,5.538,5.614,5.657,5.816,5.57,5.631,5.633,5.627,5.528,5.369,5.494,5.706,5.564,5.662,5.538,5.703,5.364
metab_714,6.664,6.664,6.648,6.66,6.595,6.614,6.623,6.6,6.597,6.619,6.657,6.637,6.647,6.623,6.681,6.646,6.694,6.693
metab_719,5.607,5.635,5.715,4.883,5.129,5.529,4.795,5.125,5.538,5.903,5.564,4.681,4.893,5.034,5.388,5.203,5.179,4.88
metab_724,5.972,6.016,6.022,6.051,6.027,5.936,5.963,5.947,5.947,6.014,5.947,6.015,6.079,5.957,6.03,5.885,6.128,6.01
metab_730,4.251,3.89,3.879,4.277,3.955,4.365,3.828,4.246,4.187,4.259,4.297,4.292,3.826,5.345,3.952,3.85,4.774,3.886
metab_733,5.018,5.116,5.161,5.206,5.37,5.152,5.251,5.18,5.242,5.133,5.016,5.099,5.238,5.197,5.245,5.102,5.192,5.005
metab_742,5.305,5.392,5.419,5.462,5.611,5.426,5.483,5.468,5.495,5.382,5.344,5.386,5.499,5.435,5.468,5.406,5.457,5.277
metab_750,5.524,5.66,5.596,5.658,5.556,5.488,5.555,5.538,5.512,5.623,5.536,5.583,5.599,5.492,5.646,5.533,5.641,5.546
metab_767,5.167,5.243,5.232,5.215,5.184,5.095,5.266,5.22,5.227,5.242,5.22,5.212,5.19,5.158,5.268,5.137,5.224,5.16
metab_781,5.031,5.116,5.252,5.159,5,5.104,5.163,5.001,4.973,5.197,5.273,5.11,5.033,4.957,5.247,5.025,5.085,5.156
metab_782,6.583,6.619,6.583,6.616,6.556,6.562,6.567,6.57,6.573,6.585,6.588,6.58,6.598,6.567,6.606,6.575,6.627,6.614
metab_786,5.228,5.472,5.072,5.256,5.342,5.125,5.149,5.431,5.462,5.394,5.111,5.38,5.177,5.1,5.086,5.247,5.382,5.138
metab_795,5.448,5.609,5.441,5.374,5.467,5.469,5.446,5.358,5.504,5.369,5.608,5.51,5.483,5.443,5.44,5.522,5.388,5.357
metab_802,5.743,5.834,5.797,5.7,5.778,5.717,5.721,5.631,5.748,5.716,5.774,5.733,5.775,5.698,5.769,5.796,5.831,5.634
metab_804,5.07,5.15,5.118,5.054,5.065,5.042,5.054,5.002,5.074,5.044,5.121,5.098,5.07,5.012,5.073,5.156,5.179,5.029
metab_806,5.036,5.08,5.055,5.141,5.078,5.028,5.027,5.045,5.054,5.069,5.056,5.08,5.042,4.95,5.029,5.011,5.04,5.082
metab_809,4.919,4.794,5.032,5.165,5.112,5.089,4.861,5.009,5.095,5.205,4.888,4.929,4.692,4.987,5.197,5.063,5.288,5.068
metab_814,5.487,5.526,5.517,5.582,5.627,5.546,5.551,5.513,5.518,5.502,5.514,5.496,5.505,5.507,5.552,5.55,5.551,5.505
metab_832,7.327,7.355,7.328,7.339,7.27,7.302,7.309,7.288,7.303,7.337,7.325,7.333,7.321,7.295,7.343,7.329,7.361,7.345
metab_837,6.334,6.453,6.399,6.467,6.304,6.439,6.392,6.359,6.407,6.397,6.41,6.408,6.389,6.278,6.482,6.382,6.393,6.334
metab_839,5.259,5.292,5.342,5.347,5.432,5.308,5.354,5.312,5.358,5.328,5.356,5.288,5.313,5.33,5.432,5.361,5.281,5.298
metab_842,5.916,5.992,5.974,5.891,5.934,5.891,5.9,5.793,5.9,5.895,5.94,5.934,5.922,5.898,5.929,5.977,5.986,5.829
metab_843,5.749,5.846,5.8,5.731,5.775,5.708,5.741,5.646,5.752,5.753,5.779,5.788,5.769,5.702,5.785,5.826,5.799,5.677
metab_849,5.657,5.699,5.652,5.688,5.623,5.648,5.65,5.636,5.629,5.667,5.65,5.65,5.673,5.628,5.66,5.681,5.68,5.661
metab_850,5.602,5.636,5.633,5.667,5.57,5.621,5.616,5.613,5.625,5.626,5.63,5.619,5.596,5.557,5.632,5.642,5.601,5.64
metab_855,4.892,5.282,4.99,4.944,4.822,4.853,5.025,5.101,4.948,4.821,4.975,5.046,4.952,4.802,4.847,5.074,4.653,4.848
metab_856,6.851,6.785,6.953,6.262,6.389,6.848,6.136,5.284,4.736,6.981,6.447,5.854,5.624,5.775,6.266,5.131,5.545,5.673
metab_860,4.452,4.413,4.653,4.468,4.252,4.405,4.408,4.113,4.344,4.447,4.556,4.475,4.241,4.41,4.531,4.467,4.143,4.527
metab_863,5.262,5.316,5.236,5.295,5.187,5.21,5.276,5.203,5.218,5.262,5.286,5.3,5.203,5.241,5.282,5.247,5.286,5.363
metab_869,6.305,6.552,6.279,6.22,6.383,6.324,6.406,6.337,6.344,6.42,6.411,6.481,6.401,6.277,6.435,6.446,6.624,6.319
metab_878,4.839,5.056,5.294,5.024,4.667,5.038,5.024,4.017,4.433,5.04,5.203,4.966,4.103,4.857,4.956,4.666,4.344,5.068
metab_884,5.169,5.238,5.058,5.118,5.143,5.066,5.131,4.914,5.082,5.179,4.956,5.103,5.069,5.174,5.104,5.123,5.158,4.945
metab_888,4.611,4.69,4.772,4.781,4.987,4.796,4.798,4.786,4.829,4.795,4.6,4.738,4.859,4.788,4.807,4.757,4.805,4.581
metab_891,4.457,4.437,4.602,4.259,4.506,4.616,4.153,4.602,4.585,4.658,4.405,4.416,4.251,4.18,4.456,4.452,4.382,4.365
metab_894,5.887,5.913,5.975,5.566,5.602,5.8,5.445,5.794,5.781,5.985,5.78,5.656,5.541,5.531,5.751,5.712,5.682,5.654
metab_897,6.191,6.206,6.168,6.222,6.134,6.163,6.207,6.114,6.134,6.206,6.2,6.212,6.18,6.129,6.212,6.163,6.201,6.213
metab_902,4.815,4.891,4.918,4.902,5.199,5.01,5,5.032,5.012,4.901,4.845,4.927,5.07,4.98,4.973,4.932,4.961,4.764
metab_905,5.795,5.809,5.76,5.772,5.749,5.778,5.787,5.781,5.779,5.815,5.822,5.834,5.822,5.783,5.821,5.808,5.826,5.827
metab_906,5.038,4.992,4.976,4.84,4.97,4.975,4.946,4.853,4.985,5.131,4.997,4.984,4.935,4.913,4.954,4.932,5.025,4.907
metab_909,3.274,3.972,3.414,2.8,3.377,2.79,3.32,3.269,3.417,2.828,2.999,3.317,2.786,2.97,2.814,2.81,2.975,2.857
metab_921,5.61,5.599,5.578,5.569,5.519,5.573,5.561,5.565,5.573,5.596,5.617,5.587,5.56,5.551,5.584,5.587,5.589,5.588
metab_922,4.277,4.365,2.871,4.373,4.11,3.678,3.431,5.385,4.425,3.973,4.137,4.459,2.802,2.884,3.43,4.352,2.838,3.813
metab_933,5.712,5.666,5.672,5.643,5.673,5.689,5.805,5.731,5.731,5.736,5.716,5.68,5.651,5.679,5.74,5.717,5.762,5.664
metab_935,5.123,5.178,5.198,4.834,4.683,4.858,4.747,5.003,4.966,5.182,4.993,5.071,4.834,4.917,4.975,4.95,4.935,4.938
metab_940,5.011,5.08,4.999,5.089,4.956,4.998,5.073,5.027,5.072,5.038,5.025,5.024,5.054,5.049,5.113,5.051,5.104,5.066
metab_956,5.77,5.774,5.736,5.679,5.655,5.692,5.682,5.736,5.688,5.716,5.68,5.736,5.656,5.662,5.736,5.691,5.7,5.704
metab_982,6.774,6.454,6.757,6.493,6.444,6.424,6.485,6.488,6.629,6.862,6.544,6.443,6.34,6.479,6.509,6.604,6.332,6.582
metab_983,5.984,5.675,5.965,5.706,5.661,5.645,5.702,5.721,5.84,6.074,5.76,5.654,5.564,5.709,5.717,5.825,5.556,5.792
metab_1004,6.035,6.038,5.972,5.622,5.315,5.667,4.74,5.841,5.906,6.031,5.622,4.618,5.75,5.321,5.672,5.558,6.011,5.422
metab_1010,4.667,4.674,4.688,4.827,4.751,4.717,4.914,4.988,4.867,4.828,4.769,4.71,4.741,4.694,4.604,4.94,5.03,4.838
metab_1012,4.701,4.781,4.817,4.779,4.716,4.668,4.898,4.878,4.74,4.803,4.762,4.725,4.786,4.737,4.668,4.849,4.854,4.895
metab_1017,3.234,3.257,3.246,4.366,4.846,4.385,4.334,4.13,4.208,3.226,4.584,4.12,3.233,4.728,4.573,4.476,3.94,4.361
metab_1030,5.976,5.677,5.92,5.67,5.674,5.604,5.678,5.607,5.77,6.059,5.742,5.654,5.518,5.666,5.676,5.753,5.65,5.748
metab_1032,6.028,5.987,5.839,5.859,6.064,6.036,6.027,6.07,6.048,5.944,6.075,6.077,6.053,6.069,5.912,5.867,5.954,6.109
metab_1033,3.332,3.808,3.576,3.484,3.617,3.635,3.608,3.59,3.76,3.564,3.592,3.576,3.624,3.61,3.504,3.672,3.528,3.768
metab_1038,3.186,3.257,3.532,3.159,3.95,3.149,3.305,3.269,3.691,3.52,3.163,3.352,3.208,3.599,3.216,3.696,3.784,3.149
metab_1044,6.505,6.51,6.498,6.507,6.45,6.46,6.481,6.494,6.512,6.49,6.5,6.501,6.473,6.482,6.514,6.528,6.513,6.488
metab_1050,5.737,5.71,5.737,5.719,5.667,5.717,5.721,5.708,5.738,5.729,5.727,5.742,5.71,5.742,5.76,5.74,5.733,5.728
metab_1058,5.257,5.115,4.989,5.32,5.256,5.215,5.35,5.273,5.177,5.087,5.357,5.271,5.302,5.314,5.31,5.371,5.257,5.32
metab_1062,4.928,4.848,4.725,3.901,3.605,4.345,3.732,3.923,4.485,4.891,4.228,3.661,3.965,3.991,4.345,4.309,4.176,3.777
metab_1063,6.916,7.506,7.568,7.403,7.403,7.211,7.419,7.215,7.217,7.237,7.464,7.569,7.456,6.813,7.397,7.453,7.577,7.468
metab_1064,4.253,4.243,4.05,2.589,3.163,3.718,2.577,3.166,3.792,4.298,3.497,2.607,3.347,2.581,3.878,3.66,3.483,2.7
metab_1067,4.479,4.495,4.413,4.188,4.11,4.387,4.256,4.229,4.307,4.555,4.288,4.224,4.245,4.22,4.358,4.356,4.353,4.186
metab_1079,4.732,4.885,5.024,4.197,3.844,4.568,3.894,4.33,4.245,4.848,4.533,4.08,2.618,3.984,4.407,4.339,3.276,3.464
metab_1089,5.565,5.584,5.405,5.279,4.992,5.185,5.042,4.706,5.143,5.659,5.188,3.994,4.472,4.916,5.366,5.179,4.871,4.79
metab_1093,3.722,4.075,4.076,4.129,4.056,3.986,3.909,3.959,4.035,3.85,4.138,4.014,4.089,4.063,4.142,4.137,4.065,4.139
metab_1097,4.559,5.147,5.418,3.813,3.456,3.928,2.448,4.556,3.999,4.801,4.096,4.223,2.446,3.307,4.057,4.294,2.677,2.665
metab_1099,4.907,5.126,5.375,4.576,4.279,4.562,4.34,4.627,4.237,4.762,4.734,4.375,3.778,4.495,4.191,4.529,4.415,4.387
metab_1100,4.097,3.696,4.06,4.625,4.42,4.064,4.378,5.029,4.296,4.253,4.441,4.46,3.336,4.565,4.418,4.472,4.188,4.433
metab_1101,4.418,4.642,4.501,4.534,4.499,4.398,4.508,4.62,4.482,4.547,4.441,4.626,4.491,4.486,4.405,4.477,4.547,4.564
metab_1105,5.622,5.603,5.661,5.382,5.519,5.547,5.486,5.346,5.59,5.824,5.336,5.072,5.559,5.356,5.804,5.422,5.572,5.514
metab_1127,7.138,7.15,7.034,6.689,6.632,6.891,6.586,6.717,6.886,7.189,6.802,6.341,6.569,6.621,6.916,6.812,6.72,6.592
metab_1137,5.04,5.013,5.003,5.088,4.995,5.048,5.06,5.055,5.053,5.019,5.055,5.083,5.069,5.046,5.093,5.082,5.07,5.049
metab_1142,5.819,5.831,5.825,5.91,5.82,5.84,5.88,5.835,5.846,5.831,5.836,5.849,5.836,5.843,5.856,5.861,5.866,5.862
metab_1175,5.093,4.971,4.851,4.311,4.487,4.826,4.523,3.469,4.934,5.095,4.605,2.788,4.505,4.325,4.966,4.73,4.488,4.502
metab_1177,4.525,4.494,4.467,4.573,4.452,4.492,4.49,4.426,4.482,4.473,4.537,4.513,4.498,4.473,4.452,4.539,4.567,4.546
metab_1178,5.256,5.34,5.151,5.051,5.129,5.144,4.974,5.726,5.292,5.08,5.167,5.131,5.065,5.113,5.139,5.418,5.333,5.095
metab_1182,5.017,5.2,4.955,4.681,4.899,5.02,4.495,5.038,5.004,5.034,4.777,4.601,4.988,4.729,4.984,4.938,5.594,4.851
metab_1191,5.414,5.453,5.421,5.456,5.387,5.39,5.427,5.406,5.438,5.395,5.438,5.45,5.448,5.424,5.438,5.432,5.47,5.465
metab_1195,4.899,4.914,4.915,4.975,4.907,4.938,4.976,4.934,4.988,4.902,4.957,4.947,4.918,4.925,4.939,4.979,4.946,4.915
metab_1196,4.296,4.416,4.392,4.366,4.388,4.281,4.402,4.322,4.337,4.376,4.38,4.369,4.389,4.38,4.366,4.346,4.444,4.391
metab_1210,5.778,5.793,5.992,4.521,4.897,5.588,4.479,2.538,5.121,5.813,5.532,2.564,4.498,5.132,5.011,5.296,5.049,4.555
metab_1214,7.222,7.253,7.15,6.837,6.823,6.995,6.79,6.884,7.027,7.284,6.964,6.534,6.759,6.805,7.083,6.953,6.871,6.796
metab_1223,5.982,6.01,5.901,5.629,5.612,5.798,5.593,5.582,5.8,6.043,5.73,5.426,5.572,5.58,5.822,5.741,5.649,5.572
metab_1224,5.473,5.503,5.414,5.258,5.293,5.332,5.214,5.454,5.381,5.414,5.336,5.176,5.3,5.266,5.321,5.325,5.49,5.302
metab_1229,5.761,6.006,5.773,3.933,4.308,4.719,3.179,6.141,5.752,5.453,5.044,3.208,5.293,4.822,5.544,5.971,5.812,5.656
metab_1232,5.882,5.798,5.667,5.377,5.625,5.648,5.4,5.702,5.73,5.83,5.67,4.968,5.398,5.379,5.668,5.571,5.767,5.352
metab_1241,4.026,4.038,3.616,3.574,3.521,3.858,3.432,3.076,3.654,3.91,3.668,3.375,3.437,3.262,3.959,3.381,3.29,3.617
metab_1246,4.4,4.726,5.26,3.937,2.548,3.452,2.527,5.04,3.573,4.171,3.763,5.244,2.525,2.957,3.343,3.787,2.561,2.529
metab_1247,6.327,6.155,6.033,6.604,6.336,6.158,6.435,6.176,6.35,6.204,6.181,6.04,6.352,6.238,6.306,6.173,6.618,6.42
metab_1249,4.934,4.99,5.498,4.654,4.66,4.73,4.684,4.679,4.732,4.924,4.686,4.615,4.604,4.569,4.766,4.692,4.573,4.624
metab_1254,4.401,3.58,2.691,4.575,3.743,3.805,4.075,3.07,4.15,3.787,3.906,2.669,3.385,3.885,3.493,3.641,4.506,4.125
metab_1259,4.498,4.489,4.455,4.136,4.289,4.326,4.179,4.014,4.465,4.696,4.06,3.172,4.317,4.108,4.666,4.162,4.324,4.306
metab_1264,4.993,5.013,5.087,4.776,4.72,4.659,4.761,5.2,5.065,5.05,4.73,4.119,4.754,4.784,5.082,4.972,5.094,4.944
metab_1268,4.113,3.9,3.996,4.168,4.05,4.033,4.168,4.108,4.126,4.038,4.149,4.2,4.118,4.036,4.083,4.119,4.109,4.136
metab_1277,5.931,5.989,5.944,5.801,5.647,5.644,5.624,5.76,5.577,5.833,5.753,5.556,5.386,5.715,5.526,5.689,5.754,5.604
metab_1280,3.894,3.845,3.998,3.988,3.919,3.86,3.945,3.986,3.844,3.933,3.939,4.014,3.949,3.827,3.922,3.961,3.995,3.96
metab_1283,5.852,5.984,5.922,4.902,5.343,5.6,4.887,5.849,5.979,5.94,5.508,4.98,5.391,5.04,5.876,5.61,6.079,5.506
metab_1286,5.991,5.983,5.981,6.027,5.966,5.969,6.02,5.993,6.005,5.981,6.007,6.018,6.006,5.993,6.003,6.001,6.009,6.013
metab_1287,4.468,4.557,4.739,4.47,4.73,4.43,4.515,4.58,4.506,4.804,4.423,4.259,4.595,4.395,4.716,4.416,4.981,4.605
metab_1288,4.653,4.607,4.648,4.705,4.673,4.675,4.736,4.73,4.718,4.615,4.739,4.796,4.735,4.698,4.667,4.725,4.747,4.763
metab_1313,4.677,4.652,4.646,4.363,4.531,4.659,4.466,4.03,4.656,4.955,4.408,4.091,4.57,4.282,4.851,4.414,4.574,4.376
metab_1319,4.704,4.681,4.702,4.769,4.719,4.725,4.774,4.727,4.741,4.693,4.719,4.794,4.769,4.74,4.758,4.741,4.751,4.769
metab_1322,4.314,4.421,4.3,3.768,3.878,4.112,3.921,3.896,4.124,4.319,4.096,3.369,3.862,3.927,4.119,4.158,3.773,3.769
metab_1333,5.339,5.339,5.46,5.183,5.006,5.26,4.968,4.905,4.615,5.239,5.308,4.923,4.752,5.347,4.956,5.01,5.149,5.106
metab_1347,5.136,5.283,5.11,5.112,5.158,4.873,5.213,5.529,4.986,5.169,4.987,5.465,4.857,4.999,4.873,5.474,5.15,4.887
metab_1349,5.275,5.499,5.849,5.565,5.707,5.494,5.617,5.515,5.486,5.61,5.303,5.542,5.627,5.413,5.749,5.643,5.882,5.202
metab_1352,4.26,4.288,4.438,4.452,4.183,4.24,4.253,4.05,3.982,4.332,4.188,4.089,3.891,4.307,4.047,4.09,4.05,4.183
metab_1354,4.475,4.511,4.723,2.655,3.459,3.974,2.744,3.277,4.16,5,3.705,2.673,3.68,2.647,4.098,3.111,3.759,3.59
metab_1358,4.9,4.795,4.992,4.766,4.852,4.763,4.815,4.308,4.778,5.095,4.559,4.301,4.866,4.415,4.924,4.579,5.196,4.719
metab_1360,6.179,6.242,6.288,6.306,6.392,6.303,6.334,6.293,6.305,6.267,6.202,6.252,6.338,6.267,6.35,6.293,6.294,6.178
metab_1363,4.207,4.212,4.388,3.297,3.953,4.215,3.577,3.572,4.278,4.791,3.61,3.904,3.495,2.935,4.363,3.836,3.314,3.591
metab_1371,6.234,6.288,6.331,6.338,6.414,6.327,6.379,6.322,6.354,6.313,6.258,6.294,6.374,6.309,6.372,6.324,6.337,6.201
metab_1372,5.289,5.038,5.14,4.431,4.736,5.011,4.644,4.29,4.802,5.416,4.965,3.258,4.098,4.416,4.605,4.455,3.932,3.981
metab_1374,4.927,5.059,5.157,5.243,5.208,5.274,5.183,5.158,5.59,5.011,5.07,5.336,5.3,5.204,5.451,5.462,5.358,5.373
metab_1375,5.284,5.32,5.353,4.65,4.865,5.069,4.737,4.898,5.04,5.408,4.831,4.389,4.837,4.719,5.058,4.856,4.969,4.724
metab_1376,5.878,5.87,6.013,6.033,5.827,5.904,5.886,5.719,5.72,5.78,5.976,5.417,5.592,6.015,5.782,5.844,5.852,5.919
metab_1382,5.675,5.741,5.761,5.767,5.848,5.758,5.787,5.77,5.773,5.749,5.666,5.727,5.791,5.723,5.815,5.777,5.772,5.654
metab_1385,5.281,5.253,5.294,4.916,5.163,5.19,5.073,4.963,5.192,5.538,4.877,4.566,5.242,4.887,5.521,4.955,5.337,5.159
metab_1401,4.553,4.517,4.632,4.386,4.595,4.633,4.5,4.053,4.597,4.925,4.219,4.01,4.651,4.251,4.937,4.326,4.536,4.541
metab_1412,3.633,2.948,3.732,2.553,3.146,3.784,2.752,3.463,3.786,3.672,3.696,2.571,3.368,3.346,4.068,3.923,3.14,2.543
metab_1425,5.327,5.405,5.481,5.509,5.537,5.455,5.523,5.479,5.463,5.406,5.298,5.385,5.402,5.416,5.53,5.456,5.451,5.307
metab_1437,7.899,7.897,7.902,7.94,7.908,7.887,7.939,7.879,7.914,7.922,7.885,7.928,7.947,7.9,7.951,7.917,7.917,7.908
metab_1453,6.754,6.735,6.639,6.155,6.1,6.324,6.137,6.329,6.409,6.694,6.375,5.818,6.263,6.287,6.255,6.21,6.472,6.315
metab_1496,5.203,5.121,5.247,5.467,5.107,5.12,5.293,5.048,5.043,5.191,5.103,5.225,4.931,5.05,5.063,4.895,4.994,5.053
metab_1498,5.199,5.152,5.157,5.05,5.013,5.154,4.952,4.61,5.128,5.472,4.913,4.465,5.012,4.859,5.379,4.905,4.977,5.009
metab_1514,6.676,6.756,6.847,6.881,7.14,6.859,6.931,6.886,6.881,6.751,6.701,6.745,6.957,6.849,6.952,6.846,6.879,6.622
metab_1559,6.862,6.94,6.971,7.012,7.131,7.003,7.019,6.999,6.99,6.922,6.874,6.917,7.028,6.966,7.012,6.985,6.995,6.865
metab_1596,4.095,4.061,3.824,4.196,4.12,4.02,4.231,4.157,4.102,4.084,4.165,4.207,4.093,4.151,4.144,4.093,4.163,4.08
metab_1602,8.852,8.759,8.682,8.673,8.812,8.856,8.716,8.86,8.834,8.765,8.862,8.773,8.65,8.912,8.573,8.673,8.541,8.913
metab_1681,4.98,4.976,4.97,4.968,4.873,4.922,4.942,4.901,4.947,4.984,4.943,4.998,4.936,4.917,4.974,4.971,5.003,4.978
metab_1689,4.763,4.908,5.097,3.746,4.363,4.725,4.439,4.495,4.893,5.07,4.309,3.796,4.513,4.281,4.739,4.764,4.566,4.485
metab_1690,6.13,6.122,6.157,5.922,6.03,6.053,5.972,5.825,6.077,6.28,5.963,5.777,6.036,5.894,6.191,5.974,6.025,6.015
metab_1697,5.964,5.977,5.868,5.675,5.566,5.759,5.591,5.818,5.81,5.825,5.802,5.291,5.512,5.709,5.664,5.834,5.568,5.581
metab_1705,6.302,6.295,6.233,6.146,6.119,6.295,6.066,6.061,6.295,6.323,6.001,6.006,6.161,6.154,6.327,6.288,6.142,6.158
metab_1706,5.823,5.954,6.042,6.077,6.28,6.035,6.102,6.049,6.05,5.957,5.875,5.938,6.114,6.006,6.075,5.972,6.098,5.838
metab_1708,6.796,6.812,6.669,6.266,6.269,6.538,6.214,6.212,6.539,6.853,6.47,5.852,6.209,6.213,6.583,6.446,6.34,6.199
metab_1717,8.317,8.199,8.162,8.152,8.158,8.251,8.288,8.292,8.202,8.199,8.253,8.3,8.225,8.38,8.282,8.321,8.222,8.227
metab_1718,4.335,4.323,4.342,4.313,4.31,4.392,4.293,4.289,4.298,4.393,4.296,4.394,4.408,4.257,4.353,4.277,4.405,4.403
metab_1720,6.33,6.428,6.243,6.121,5.949,6.043,6.018,6.478,6.169,6.239,6.105,6.093,5.773,6.078,6.01,6.194,6.116,5.864
metab_1728,8.161,8.221,8.263,8.299,8.413,8.286,8.314,8.284,8.286,8.237,8.18,8.213,8.329,8.247,8.318,8.281,8.292,8.149
metab_1740,4.564,4.624,4.239,4.436,4.32,4.482,4.453,4.864,4.759,4.562,4.436,4.311,4.502,4.441,4.445,4.536,4.807,4.49
metab_1747,6.718,6.727,6.553,5.967,5.741,6.32,5.851,6.029,6.395,6.759,6.242,4.624,5.992,5.933,6.414,6.242,6.137,5.916
metab_1752,5.9,5.866,5.946,6.032,5.92,5.962,5.998,5.898,5.955,5.876,5.97,6.019,5.968,5.958,5.971,5.934,5.989,5.989
metab_1760,7.763,7.815,7.87,7.883,7.992,7.863,7.916,7.839,7.87,7.863,7.758,7.823,7.92,7.818,7.925,7.846,7.872,7.715
metab_1765,4.361,4.255,4.316,4.39,4.244,4.374,4.356,4.373,4.356,4.377,4.298,4.314,4.333,4.348,4.29,4.416,4.39,4.319
metab_1770,5.614,5.694,5.627,5.679,5.563,5.823,5.766,5.66,5.673,5.725,5.61,5.575,5.589,5.622,5.679,5.712,5.607,5.649
metab_1771,7.955,7.985,8.033,8.07,8.145,8.035,8.093,8.01,8.058,8.031,7.968,8.022,8.094,8.044,8.12,8.043,8.07,7.928
metab_1776,4.416,4.318,4.315,4.38,4.261,4.391,4.387,4.368,4.381,4.351,4.345,4.393,4.323,4.314,4.327,4.387,4.319,4.357
metab_1786,4.781,4.756,4.765,4.764,4.794,4.728,4.724,4.691,4.709,4.778,4.743,4.843,4.756,4.698,4.745,4.755,4.856,4.76
metab_1793,6.329,6.361,6.37,6.37,6.293,6.352,6.347,6.293,6.354,6.398,6.314,6.347,6.369,6.339,6.402,6.374,6.413,6.36
metab_1800,4.828,4.777,4.812,4.803,4.76,4.788,4.794,4.813,4.809,4.821,4.756,4.789,4.782,4.794,4.807,4.799,4.806,4.778
metab_1804,6.742,6.78,6.772,6.779,6.708,6.743,6.746,6.719,6.75,6.791,6.724,6.747,6.772,6.73,6.795,6.772,6.802,6.75
metab_1819,3.726,3.681,4.173,4.088,5.112,3.857,3.906,2.562,3.991,4.317,3.456,4.847,4.213,3.053,3.772,4.514,4.743,2.874
metab_1820,2.536,3.104,3.744,3.314,4.032,3.794,3.474,2.309,3.954,4.319,2.412,2.335,2.923,2.309,4.036,3.731,2.542,2.307
metab_1827,6.64,6.643,6.726,6.625,6.598,6.621,6.698,6.595,6.532,6.492,6.675,6.801,6.745,6.636,6.767,6.683,6.787,6.756
metab_1838,6.982,6.921,6.893,6.855,6.981,6.982,6.972,7.031,6.951,6.752,6.971,7.009,6.938,7.008,6.785,6.839,6.832,7.104
metab_1839,4.37,4.306,4.485,2.968,3.89,4.447,3.333,2.27,4.253,4.788,4.659,2.296,3.623,2.284,3.93,3.763,4.171,2.512
metab_1847,4.823,4.789,4.84,4.346,4.596,4.712,4.322,3.737,4.587,4.929,4.503,3.745,4.426,4.143,4.672,4.489,4.496,4.302
metab_1871,4.49,4.549,4.465,4.227,4.189,4.347,4.271,4.833,4.833,4.832,4.306,4.11,4.529,4.569,4.581,4.638,4.649,4.332
metab_1903,4.986,4.93,4.968,4.739,4.816,5.006,4.789,4.523,4.965,5.164,4.674,4.391,4.889,4.676,5.121,4.781,4.843,4.836
metab_1904,4.854,4.826,4.877,4.49,4.587,4.801,4.604,4.337,4.831,5.105,4.514,3.951,4.714,4.483,5.041,4.59,4.714,4.653
metab_1907,5.248,5.037,5.065,4.811,4.787,5.098,4.878,4.916,4.938,5.259,5.271,4.18,4.475,4.77,4.772,5.018,4.278,4.319
metab_1919,5.196,5.177,5.216,4.931,5.027,5.133,5.036,4.921,5.186,5.332,4.909,4.644,5.073,4.957,5.309,5.029,5.109,5.08
metab_1923,8.846,8.881,8.92,8.935,8.99,8.92,8.946,8.905,8.924,8.914,8.848,8.892,8.956,8.887,8.96,8.914,8.918,8.818
metab_1943,6.467,6.281,6.36,5.74,5.981,6.142,5.897,5.557,5.975,6.697,6.186,4.851,5.463,5.605,5.913,5.695,5.43,5.39
metab_1945,6.315,6.374,6.408,6.43,6.522,6.424,6.449,6.435,6.442,6.393,6.33,6.372,6.47,6.395,6.476,6.435,6.432,6.294
metab_1946,4.876,4.839,4.873,4.601,4.77,4.907,4.719,3.99,4.803,5.1,4.594,3.863,4.899,4.553,5.154,4.59,4.895,4.825
metab_1950,4.805,4.953,4.814,4.405,4.215,4.554,3.906,4.956,4.134,4.438,4.054,4.21,3.867,4.48,4.314,4.726,4.341,4.327
metab_1955,5.282,5.379,5.46,5.433,5.618,5.443,5.541,5.466,5.478,5.366,5.322,5.354,5.521,5.394,5.487,5.455,5.478,5.251
metab_1956,5.621,5.681,5.732,5.392,5.367,5.341,5.444,5.775,5.705,5.729,5.353,4.889,5.463,5.429,5.752,5.607,5.778,5.595
metab_1957,4.326,4.392,4.51,3.96,4.279,4.356,3.993,4.358,4.349,4.626,4.125,3.879,4.317,4.053,4.455,4.227,4.406,4.096
metab_1963,4.481,4.526,4.533,4.293,4.368,4.451,4.331,4.206,4.394,4.679,4.264,4.188,4.415,4.275,4.553,4.307,4.374,4.353
metab_1964,6.283,6.273,6.337,6.08,6.068,6.147,6.061,5.948,6.129,6.419,6.1,5.927,6.033,5.994,6.236,6.075,6.043,6.035
metab_1971,4.644,4.771,4.634,4.498,4.491,4.445,4.443,4.867,4.555,4.692,4.371,4.526,4.347,4.457,4.599,4.57,4.626,4.245
metab_1977,5.12,5.199,5.25,5.263,5.498,5.291,5.333,5.296,5.317,5.205,5.103,5.158,5.377,5.266,5.358,5.318,5.308,5.132
metab_1988,5.383,5.501,5.568,5.591,5.737,5.59,5.609,5.6,5.592,5.514,5.476,5.462,5.641,5.533,5.623,5.593,5.579,5.424
metab_1995,4.762,4.717,4.764,4.313,4.528,4.586,4.511,4.105,4.646,4.999,4.392,3.83,4.571,4.307,4.892,4.394,4.576,4.501
metab_2002,4.449,4.463,4.618,4.107,4.426,4.501,4.136,4.483,4.506,4.771,4.377,4.069,4.398,4.147,4.526,4.348,4.607,4.255
metab_2015,3.817,3.896,4.166,3.684,3.438,3.661,3.752,4.586,4.213,4.118,3.564,3.535,3.922,3.949,4.1,3.967,3.958,4.011
metab_2017,6.093,6.086,6.13,6.298,6.092,6.013,6.186,6.161,5.985,6.09,6.037,6.179,5.926,6.069,6.024,5.928,6.144,6.055
metab_2033,5.862,5.948,5.979,5.8,5.706,5.667,5.718,5.781,5.587,5.877,5.709,5.571,5.469,5.745,5.59,5.717,5.761,5.599
metab_2034,4.241,4.254,4.258,4.242,4.252,4.282,4.261,4.289,4.357,4.182,4.267,4.248,4.221,4.285,4.336,4.251,4.189,4.284
metab_2036,3.942,3.881,3.862,3.962,3.981,4.004,4.045,3.932,3.986,3.848,3.986,4.012,4.005,3.948,4.046,3.915,3.975,4.036
metab_2038,5.256,5.442,5.565,3.522,3.662,4.773,3.684,2.564,4.952,5.394,4.729,2.59,2.559,3.208,4.947,4.754,3.389,2.69
metab_2053,4.61,4.618,4.51,4.176,4.116,4.378,4.107,4.095,4.407,4.715,4.298,3.852,4.01,4.106,4.413,4.289,4.233,4.078
metab_2055,5.199,5.185,5.286,5.037,5.167,5.167,5.131,5.215,5.22,5.405,5.075,4.93,5.287,5.022,5.385,5.067,5.271,5.229
metab_2061,5.068,5.092,5.27,3.374,3.817,4.853,3.08,3.229,4.261,5.107,4.788,3.172,3.189,4.193,4.029,4.485,4.032,3.381
metab_2062,4.521,4.471,4.605,2.431,3.393,4.163,2.419,2.423,3.669,4.521,4.121,2.449,2.553,3.708,3.635,3.901,3.536,2.421
metab_2066,5.43,5.407,5.421,5.128,5.248,5.388,5.212,4.974,5.369,5.624,5.122,4.867,5.263,5.097,5.541,5.173,5.211,5.207
metab_2086,4.537,4.553,4.787,4.662,4.179,4.689,4.056,5.17,4.662,4.245,4.711,4.204,4.204,4.631,4.431,4.864,4.633,4.497
metab_2090,4.757,4.88,4.547,4.582,4.727,4.721,4.303,5.686,4.94,4.264,4.638,4.73,4.788,4.792,4.65,5.055,5.149,4.694
metab_2092,6.493,6.593,6.413,6.341,6.148,6.201,6.222,6.605,6.359,6.427,6.274,6.25,6.007,6.244,6.221,6.384,6.328,6.095
metab_2093,4.319,4.866,4.974,3.049,1.836,3.147,2.864,4.092,3.085,4.6,3.83,3.06,2.01,2.92,3.515,3.918,1.996,2.366
metab_2110,5.535,5.54,5.52,5.551,5.439,5.535,5.527,5.543,5.543,5.588,5.514,5.516,5.523,5.539,5.523,5.533,5.509,5.533
metab_2138,5.699,5.767,5.597,5.426,5.281,5.329,5.329,5.874,5.475,5.567,5.379,5.394,5.061,5.406,5.304,5.505,5.407,5.173
metab_2160,3.661,4.553,5.19,2.926,2.511,2.909,2.56,3.969,3.46,4.02,3.281,3.942,2.558,2.563,2.606,3.24,2.593,2.562
metab_2167,5.3,5.271,5.262,5.437,5.307,5.394,5.405,5.332,5.339,5.236,5.401,5.412,5.43,5.384,5.368,5.335,5.397,5.441
metab_2175,3.915,2.517,4.49,0.7838,0.3809,2.703,0.8083,0.7983,2.919,3.504,0.2727,0.6139,4.451,1.717,4.428,0.276,5.39,4.005
metab_2181,4.654,4.677,4.677,4.723,4.678,4.735,4.704,4.67,4.786,4.672,4.722,4.762,4.697,4.689,4.731,4.811,4.814,4.745
metab_2197,5.453,5.486,5.503,5.522,5.459,5.503,5.525,5.472,5.471,5.468,5.485,5.488,5.48,5.493,5.451,5.483,5.472,5.497
metab_2205,4.313,4.263,4.185,3.829,4.087,4.019,3.829,3.918,4.053,4.398,4.126,2.788,3.396,4.115,4.227,3.845,3.01,3.791
metab_2212,2.065,3.711,3.208,4.084,3.589,4.13,3.896,3.269,4.085,3.835,2.042,3.832,2.829,4.048,2.052,3.818,3.92,3.871
metab_2219,5.295,4.89,5.274,4.862,4.841,4.695,4.716,4.672,4.875,5.364,4.998,4.834,4.518,4.868,4.798,4.84,4.688,4.933
metab_2223,3.702,3.612,3.761,3.693,3.669,3.622,3.653,3.659,3.684,3.579,3.692,3.553,3.427,3.7,3.611,3.751,3.665,3.704
metab_2226,5.373,5.408,5.366,5.394,5.297,5.318,5.353,5.337,5.369,5.413,5.395,5.328,5.37,5.34,5.382,5.356,5.381,5.4
metab_2227,3.89,3.812,3.902,4.037,3.92,3.885,4.123,3.833,3.973,3.992,3.961,3.911,3.999,4.009,3.995,3.986,3.762,3.896
metab_2250,6.049,6.024,6.094,5.785,5.928,5.945,5.799,5.517,5.896,6.18,5.795,5.554,5.841,5.661,6.024,5.786,5.844,5.747
metab_2262,6.657,6.387,6.634,6.479,6.425,6.394,6.46,6.427,6.526,6.729,6.498,6.414,6.365,6.466,6.476,6.539,6.354,6.529
metab_2266,3.97,4.11,4.067,4.129,4.045,3.995,4.102,3.993,4.188,4.033,4.053,4.036,4.044,4.093,4.053,4.016,4.051,4.073
metab_2283,5.31,5.314,5.365,5.397,5.515,5.46,5.488,5.466,5.447,5.369,5.273,5.285,5.347,5.389,5.414,5.422,5.296,5.216
metab_2284,5.866,5.98,4.95,4.992,4.833,5.194,4.866,6.484,5.901,5.331,5.719,3.446,3.817,5.307,4.694,5.996,4.713,4.227
metab_2308,4.8,4.874,4.854,4.671,4.823,4.811,4.881,4.837,4.759,4.837,4.842,4.829,4.871,4.925,4.868,4.799,4.913,4.895
metab_2309,4.416,4.542,4.607,4.207,4.184,4.381,4.402,4.54,4.246,4.511,4.413,4.815,4.447,4.528,4.544,4.455,4.392,4.378
metab_2313,5.038,4.99,4.984,4.974,4.957,5.026,5.014,4.94,4.933,5.005,5.002,4.964,4.998,4.962,4.986,5.032,5.053,5.071
metab_2322,4.604,4.839,5.129,4.469,4.604,5.203,4.591,4.623,4.868,4.631,4.81,4.649,5.458,4.556,4.698,4.754,5.021,4.597
metab_2328,6.748,6.788,6.752,6.774,6.719,6.733,6.75,6.726,6.732,6.758,6.752,6.755,6.763,6.725,6.768,6.74,6.785,6.765
metab_2329,5.937,5.923,5.886,5.938,5.851,5.895,5.915,5.88,5.882,5.889,5.88,5.932,5.897,5.857,5.86,5.914,5.917,5.935
metab_2338,3.632,3.791,3.671,3.587,3.41,3.007,3.727,3.593,3.345,3.471,3.77,3.721,3.638,3.758,3.42,3.751,3.576,3.286
metab_2339,4.505,4.518,4.912,4.591,4.209,4.875,4.545,4.232,4.082,4.381,4.531,4.104,5.217,4.634,4.145,4.267,5.551,4.446
metab_2340,4.73,4.721,4.693,4.737,4.635,4.732,4.65,4.648,4.703,4.718,4.691,4.734,4.666,4.686,4.709,4.748,4.686,4.737
metab_2341,6.157,6.159,6.109,6.102,6.042,6.079,6.1,6.076,6.126,6.119,6.122,6.131,6.107,6.115,6.124,6.124,6.111,6.11
metab_2342,5.934,5.948,5.934,5.909,5.849,5.882,5.913,5.865,5.899,5.92,5.933,5.949,5.89,5.893,5.933,5.911,5.947,5.952
metab_2344,4.366,4.361,4.448,4.15,4.151,4.26,3.918,4.32,4.234,4.368,4.193,3.969,3.871,3.949,4.302,4.282,4.353,4.233
metab_2348,7.836,7.947,7.958,7.828,7.809,7.875,7.805,7.881,7.904,7.96,7.84,7.868,7.815,7.761,7.904,7.865,7.979,7.845
metab_2351,6.612,6.683,6.773,6.715,6.854,6.75,6.698,6.856,6.799,6.823,6.667,6.867,6.587,6.732,6.76,6.798,6.837,6.794
metab_2355,6.677,6.793,6.73,6.764,6.629,6.776,6.732,6.7,6.738,6.733,6.739,6.734,6.694,6.626,6.801,6.718,6.696,6.658
metab_2356,8.463,8.502,8.499,8.486,8.405,8.456,8.446,8.427,8.45,8.509,8.458,8.48,8.511,8.435,8.527,8.488,8.561,8.499
metab_2360,5.05,4.997,5.12,5.095,5.329,5.15,5.196,5.109,5.074,5.146,5.044,5.05,5.02,5.118,5.128,5.086,5.075,4.95
metab_2363,5.291,5.296,5.353,5.262,5.403,5.419,5.238,5.426,5.401,5.563,5.413,5.379,5.257,5.388,5.462,5.382,5.499,5.339
metab_2364,5.714,5.567,5.749,4.867,5.025,5.713,4.649,3.607,3.621,5.81,5.212,4.194,3.672,3.607,4.883,3.626,3.637,3.771
metab_2368,6.506,6.537,6.768,6.58,6.65,6.695,6.447,6.678,6.622,6.768,6.533,6.498,6.428,6.44,6.672,6.628,6.765,6.64
metab_2374,5.154,5.254,5.224,5.185,5.185,5.169,5.169,5.132,5.187,5.176,5.221,5.208,5.182,5.127,5.199,5.246,5.193,5.133
metab_2377,4.601,4.692,4.946,4.737,4.477,4.751,4.632,4.364,4.314,4.822,4.921,4.601,4.142,4.641,4.832,4.49,4.26,4.861
metab_2379,5.916,6.007,5.966,5.88,5.927,5.859,5.871,5.753,5.888,5.893,5.93,5.944,5.91,5.861,5.94,5.965,5.976,5.833
metab_2394,5.95,5.972,6.004,5.116,5.264,5.817,5.018,5.446,5.824,6.216,5.959,4.691,5.121,5.2,5.684,5.548,5.362,5.274
metab_2395,5.897,5.86,5.606,5.92,5.801,5.708,5.734,5.635,6.013,6.002,5.583,5.829,5.597,5.785,5.877,5.71,6.108,5.846
metab_2401,5.346,5.429,5.376,5.396,5.345,5.3,5.361,5.312,5.332,5.355,5.431,5.377,5.392,5.368,5.426,5.361,5.341,5.397
metab_2403,4.484,4.549,4.457,4.428,4.532,4.448,4.443,4.36,4.456,4.495,4.511,4.407,4.446,4.372,4.454,4.542,4.503,4.366
metab_2404,5.664,5.753,5.682,5.619,5.679,5.557,5.637,5.448,5.637,5.647,5.662,5.65,5.67,5.541,5.692,5.677,5.697,5.508
metab_2419,5.992,6.105,6.103,6.176,6.299,6.178,6.17,6.161,6.166,6.076,6.037,6.065,6.164,6.123,6.137,6.125,6.159,5.945
metab_2423,3.585,4.004,3.585,3.715,3.871,3.859,3.533,3.889,4.331,3.872,3.967,4.262,3.908,3.603,3.862,4.12,3.683,3.598
metab_2444,7.004,7.184,7.088,7.118,7.229,7.054,7.114,7.051,7.172,7.149,6.984,7.08,7.219,7.055,7.199,7.136,7.247,6.977
metab_2446,4.467,4.154,3.812,4.646,3.802,4.221,4.089,3.966,3.796,4.605,4.508,4.446,4.788,4.983,4.119,3.619,4.817,3.603
metab_2447,6.749,6.68,6.652,6.719,6.675,6.734,6.725,6.746,6.646,5.887,6.741,6.69,6.85,6.576,6.763,6.753,6.861,6.671
metab_2561,5.008,4.956,4.98,5.083,5.066,5.048,5.084,5.017,5.034,5.001,5.038,5.037,5.035,5.06,5.042,5.082,5.022,5.076
metab_2569,4.78,4.832,4.738,4.334,3.89,4.385,4.324,4.488,4.417,4.69,4.574,3.286,2.638,4.377,4.32,4.464,3.983,3.882
metab_2592,4.502,3.996,4.042,4.185,4.072,4.114,4.349,4.002,4.08,4.299,4.187,4.273,4.054,4.076,3.981,4.333,4.054,4.083
metab_2601,3.715,3.529,3.731,4.404,5.06,4.65,4.528,4.307,4.288,2.716,4.673,4.148,3.342,4.851,4.723,4.589,4.201,4.543
metab_2628,5.307,5.304,5.315,5.353,5.348,5.341,5.338,5.326,5.319,5.316,5.339,5.363,5.353,5.363,5.328,5.346,5.339,5.366
metab_2633,5.155,5.135,5.208,5.182,5.233,5.207,5.2,5.285,5.201,5.158,5.228,5.32,5.199,5.215,5.208,5.249,5.185,5.27
metab_2636,5.814,5.921,4.958,5.073,4.945,5.199,4.913,6.421,5.864,5.325,5.704,3.981,4.058,5.323,4.714,5.941,4.883,4.402
metab_2691,4.24,4.18,3.975,4.121,4.243,4.168,3.966,5.027,4.329,4.108,4.267,4.438,3.776,3.919,3.966,4.36,3.876,4.146
metab_2695,4.988,5.006,5.013,5.006,5.044,5.019,5.013,5.05,5.001,4.989,5.037,5.085,4.973,5.008,5.022,5.029,5.023,5.078
metab_2696,5.492,5.487,5.403,5.497,5.487,5.508,5.516,5.48,5.469,5.462,5.501,5.511,5.497,5.525,5.517,5.506,5.508,5.54
metab_2719,4.7,4.817,4.654,4.746,4.788,4.736,4.762,4.635,4.731,4.66,4.755,4.781,4.76,4.686,4.808,4.766,4.797,4.811
metab_2747,3.562,3.694,3.166,3.947,3.853,4.022,3.563,5.075,4.248,3.442,3.169,4.815,3.477,3.166,3.146,3.896,3.153,3.18
metab_2762,5.332,5.414,5.374,5.007,5.346,5.254,4.833,5.742,5.113,5.527,5.308,5.219,4.403,4.267,4.236,5.163,5.262,3.871
metab_2778,4.96,4.95,5.045,5.068,5.075,5.059,5.08,5.067,4.891,4.925,5.112,5.186,5.074,5.117,5.115,5.098,5.009,5.078
metab_2785,4.976,4.956,4.962,5.018,4.955,4.957,5.017,4.922,4.899,4.965,4.97,4.994,4.988,4.954,5.014,4.969,5.038,5.01
metab_2787,5.101,6.354,6.072,5.57,5.94,6.436,6.024,5.986,6.029,6.02,5.057,4.993,5.555,6.253,5.899,5.697,5.5,5.554
metab_2788,5.452,5.486,5.45,5.499,5.478,5.473,5.499,5.426,5.393,5.457,5.512,5.551,5.497,5.441,5.557,5.468,5.553,5.532
metab_2791,7.29,7.273,7.275,7.296,7.276,7.255,7.217,7.273,7.246,7.407,7.39,7.305,6.995,7.304,6.801,7.094,6.698,7.363
metab_2798,5.039,5.172,4.713,5.625,5.939,5.441,4.997,5.597,4.829,5.668,5.479,5.161,5.105,4.284,3.694,5.6,6.043,4.223
metab_2801,5.653,4.977,5.69,5.943,5.461,5.271,5.559,5.382,5.138,5.056,5.059,5.097,5.911,5.288,5.037,5.145,4.98,5.188
metab_2805,5.295,5.274,5.339,5.476,5.383,5.384,5.43,5.389,5.218,5.231,5.427,5.531,5.456,5.432,5.486,5.432,5.395,5.45
metab_2806,5.101,5.296,4.569,5.48,5.522,5.511,5.031,4.907,4.586,5.956,5.492,3.163,5.147,3.569,0.5094,5.575,5.539,4.392
metab_2827,6.747,6.622,6.554,6.734,6.879,6.903,6.796,6.815,6.782,6.632,6.883,6.848,6.607,6.87,6.638,6.584,6.665,6.978
metab_2846,4.693,4.594,4.809,4.726,4.908,4.811,4.857,4.77,4.489,4.512,4.82,4.859,4.765,4.817,4.832,4.68,4.748,4.811
metab_2848,4.711,4.602,3.709,5.454,5.996,5.322,4.546,5.364,4.035,5.243,5.204,4.741,4.8,3.981,3.738,5.302,5.994,3.772
metab_2865,5.6,5.424,5.686,5.791,5.917,5.839,5.827,5.764,5.527,5.436,5.769,5.946,5.809,5.902,5.841,5.751,5.753,5.823
metab_2876,6.7,6.566,6.646,6.141,6.358,6.517,5.868,5.848,6.33,6.838,6.535,5.021,5.821,5.95,6.197,6.101,6.187,5.672
metab_2879,6.932,6.988,6.911,6.612,6.696,6.847,6.265,6.888,6.779,7.015,6.769,6.347,6.152,6.153,6.54,6.481,6.519,6.214
metab_2885,5.322,5.444,5.671,5.616,5.711,5.652,4.697,5.673,5.641,5.655,5.319,5.421,5.111,5.074,5.654,5.509,5.629,5.304
metab_2887,7.859,7.916,7.932,7.859,7.926,7.876,7.941,7.964,7.936,7.967,7.94,7.995,7.984,7.898,7.96,7.931,8.032,7.943
metab_2901,5.448,5.277,5.411,4.817,5.103,5.386,3.671,4.511,5.004,5.613,5.251,3.707,4.484,4.633,5.084,4.512,5.024,3.706
metab_2911,6.277,6.187,6.352,6.168,6.161,6.261,6.304,6.294,6.202,6.286,6.185,6.25,6.221,6.281,6.321,6.21,6.252,6.161
metab_2912,4.476,6.703,6.677,5.914,6.766,6.246,6.108,5.771,6.329,5.607,5.111,5.402,6.373,5.736,6.303,6.259,6.268,4.872
metab_2922,7.286,7.304,7.266,7.402,7.371,7.33,7.391,7.277,7.4,7.475,7.313,7.343,7.447,7.325,7.51,7.35,7.357,7.267
metab_2924,6.63,6.625,6.451,6.721,6.567,6.566,6.656,6.56,6.749,6.685,6.543,6.445,6.773,6.483,6.583,6.646,6.583,6.422
metab_2929,5.291,4.978,5.119,5.147,5.056,5.244,5.108,4.87,5.306,4.926,4.666,4.899,5.046,4.868,5.156,5.127,5.039,4.931
metab_2930,6.773,6.654,6.743,6.158,6.33,6.586,5.997,5.908,6.443,6.941,6.552,5.673,6.018,5.967,6.329,6.089,6.102,5.849
metab_2932,6.447,7.035,7.164,7.109,7.129,6.874,7.09,6.676,6.764,6.819,7.211,7.214,6.983,6.339,7.027,7.181,7.115,7.053
metab_2934,6.606,6.642,6.425,6.617,6.44,6.521,6.653,6.628,6.684,6.804,6.613,6.54,6.718,6.572,6.813,6.648,6.73,6.467
metab_2936,6.02,5.911,6.047,5.962,5.958,5.94,5.96,5.86,5.895,5.893,5.996,5.992,5.957,6.225,6.04,5.895,5.981,6.01
metab_2938,6.815,6.903,6.775,6.931,6.86,6.777,6.824,6.848,6.976,6.925,6.777,6.821,6.947,6.902,6.959,6.94,6.954,6.964
metab_2942,2.936,2.852,2.779,3.391,3.469,3.202,2.993,3.371,3.815,3.416,2.662,2.961,4.43,3.12,3.257,3.515,2.746,2.739
metab_2993,6.045,5.707,5.982,5.993,5.951,5.989,6.165,6.089,5.802,5.581,5.977,6.091,6.004,6.134,6.16,6.181,6.164,5.903
metab_2995,5.889,5.72,5.7,5.701,6.003,6.096,5.771,6.076,5.962,5.707,5.993,5.862,5.312,6.096,5.235,5.685,5.36,6.187
metab_3010,5.378,4.87,5.481,5.664,5.148,4.978,5.304,5.179,5.091,4.818,3.706,4.422,5.728,5.139,4.542,5.582,4.821,4.638
metab_3148,5.677,5.607,5.758,5.662,5.784,5.568,5.652,5.142,5.612,5.946,5.402,5.198,5.727,5.258,5.896,5.375,6.06,5.617
metab_3313,4.635,6.249,6.19,5.428,6.223,5.945,5.856,5.347,5.66,5.286,4.635,4.709,5.952,5.643,5.903,5.948,5.821,4.868
metab_3315,6.208,5.859,6.308,6.44,6.093,5.935,6.16,6.124,6.033,5.811,5.524,5.599,6.485,6.007,5.634,6.406,5.756,5.663
metab_3322,5.391,4.672,5.302,5.53,4.982,4.952,5.148,5.056,4.735,4.778,4.724,4.585,5.505,5.077,4.624,4.703,4.593,4.84
metab_3324,5.324,5.209,5.569,5.545,5.245,5.357,5.447,5.29,5.43,5.321,5.004,5.432,5.527,5.357,5.093,5.734,5.171,5.483
metab_3328,4.873,4.848,4.857,4.861,4.876,4.856,4.889,4.847,4.829,4.842,4.883,4.898,4.889,4.876,4.87,4.851,4.907,4.933
metab_3332,5.446,5.634,5.646,5.148,5.278,5.364,4.542,5.621,5.725,5.509,5.251,4.476,5.245,5.164,5.59,5.416,5.901,5.397
metab_3345,6.022,6.433,6.524,6.5,6.524,6.312,6.461,6.276,6.238,6.287,6.56,6.595,6.343,6.007,6.489,6.517,6.561,6.462
metab_3346,5.509,5.983,6.083,6.124,6.179,5.945,6.139,5.745,6.077,5.95,6.17,6.21,5.967,5.272,6.108,6.158,6.186,6.12
metab_3347,7.187,6.96,6.97,7.06,7.211,7.154,7.136,7.139,7.227,7.052,7.198,7.175,7.004,7.195,6.797,7.081,6.809,7.155
metab_3349,6.183,6.098,6.146,6.127,6.268,6.254,6.206,6.173,6.179,6.203,6.207,6.254,6.025,6.22,5.96,6.1,6.049,6.317
metab_3354,6.637,6.978,7.079,7.024,7.244,6.868,7.042,6.758,6.917,6.789,7.108,7.168,6.864,6.681,6.904,7.1,6.978,7.054
metab_3382,6.367,6.352,6.223,6.4,6.212,6.235,6.323,6.265,6.337,6.465,6.282,6.266,6.443,6.287,6.415,6.284,6.46,6.224
metab_3383,5.277,5.227,5.26,5.106,5.166,5.132,5.226,5.242,5.147,5.269,5.326,5.352,5.361,5.254,5.261,5.181,5.472,5.448
metab_3387,5.073,4.975,4.937,4.927,4.998,5.1,5.055,5.064,4.982,4.892,5.009,5.227,5.038,5.103,5.092,5.041,5.036,5.272
metab_3394,5.115,4.968,4.977,4.999,4.983,5.05,5.03,5.053,5.001,4.918,4.985,5.185,5.039,5.098,5.087,5.011,5.074,5.299
metab_3427,5.593,5.551,5.514,5.658,5.671,5.579,5.581,5.611,5.562,5.53,5.554,5.649,5.678,5.582,5.708,5.62,5.701,5.669
metab_3428,5.013,5.317,5.732,5.89,5.752,5.612,5.982,5.19,5.277,5.543,4.364,5.632,5.497,5.284,5.483,4.889,5.437,5.664
metab_3434,7.126,7.154,7.383,7.615,7.465,7.38,7.556,7.295,7.272,7.322,6.757,7.404,7.427,7.281,7.297,7.143,7.437,7.408
metab_3443,6.499,6.505,6.92,6.943,6.946,6.934,6.99,6.732,6.739,6.817,6.291,6.949,6.719,6.765,6.781,6.715,6.865,6.976
metab_3444,6.645,6.753,6.956,6.917,6.833,6.811,6.897,6.684,6.998,6.75,6.569,6.87,6.91,6.678,6.731,7.117,6.74,6.831
metab_3445,5.88,5.794,6.261,6.316,6.182,5.986,5.92,5.792,6.312,5.803,5.933,6.077,5.821,5.881,5.854,5.779,5.869,6.263
metab_3446,6.875,6.96,6.885,6.8,7.017,7.16,6.896,6.953,7.037,7.003,6.953,6.87,6.54,7.313,6.81,6.73,6.44,7.065
metab_3449,7.235,7.416,7.576,7.559,7.561,7.259,7.394,7.255,7.493,7.01,6.807,6.907,7.654,7.103,7.176,7.606,7.211,6.875
metab_3454,6.822,6.793,6.637,6.59,6.685,6.695,6.901,6.799,6.902,6.895,6.853,6.784,6.934,6.757,6.997,6.903,6.906,6.763
metab_3462,4,3.988,3.947,5.787,6.355,4.947,5.426,4.57,3.952,3.954,3.999,4.011,4.813,3.996,4.883,5.158,4.827,4.01
metab_3463,6.965,6.96,7.05,6.585,6.656,6.916,6.147,6.491,6.836,7.187,6.871,6.204,6.274,6.264,6.573,6.452,6.608,6.157
metab_3466,7.227,7.256,7.128,7.168,7.149,7.169,7.312,7.173,7.294,7.388,7.248,7.215,7.346,7.183,7.458,7.269,7.359,7.159
metab_3473,6.278,6.247,6.174,5.031,5.54,5.986,5.07,5.157,5.654,6.251,6.291,5.08,5.479,5.551,5.749,5.259,5.876,5.258
metab_3483,5.154,5.137,4.753,3.663,4.231,4.754,3.676,3.692,3.976,5.084,4.744,3.712,3.653,3.697,3.746,3.695,3.685,3.711
metab_3485,4.291,4.279,4.237,6.076,6.291,5.838,6.106,5.712,4.892,4.91,4.92,5.878,5.726,4.286,5.916,5.672,5.772,5.74
metab_3491,6.092,6.198,6.202,6.389,6.395,6.301,5.934,6.42,6.219,6.28,6.143,6.418,5.683,5.921,6.08,5.994,6.194,5.881
metab_3500,5.898,5.92,5.939,6.096,6.309,6.136,6.125,6.148,5.944,5.931,6.054,6.257,6.173,6.174,6.116,5.943,6.187,6.178
metab_3506,5.879,5.99,6.134,6.116,6.321,6.202,5.688,6.298,6.149,5.976,5.922,5.764,6.015,5.889,6.047,6.048,6.311,5.898
metab_3508,6.022,5.919,6.079,6.211,6.26,6.219,6.211,6.167,5.964,5.888,6.169,6.308,6.193,6.259,6.217,6.137,6.175,6.224
metab_3511,6.146,6.161,6.381,6.333,6.561,6.405,5.944,6.792,6.446,6.299,6.177,6.239,6.179,6.181,6.332,6.332,6.558,6.217
metab_3512,3.974,3.754,4.241,3.728,4.766,4.251,3.741,5.472,4.651,4.44,4.028,4.917,3.718,3.762,3.742,4.564,3.979,4.279
metab_3515,5.448,5.402,4.474,4.345,5.488,5.016,4.064,4.124,3.624,5.366,5.174,3.432,4.407,3.509,3.397,4.948,5.14,3.431
metab_3517,5.646,5.684,5.522,6.191,6.577,6.237,5.658,5.564,5.13,6.339,6.096,5.009,5.953,5.024,4.587,6.229,6.413,5.365
metab_3522,5.396,5.375,5.373,5.686,5.94,5.682,5.671,5.971,5.331,5.425,5.596,6.104,5.506,5.479,5.294,5.477,5.769,5.498
metab_3523,4.889,4.6,4.932,5.049,5.152,5.063,5.107,5.034,4.734,4.694,5.056,5.254,5.08,5.182,5.103,5.019,4.992,5.164
metab_3525,5.378,5.28,5.144,3.557,3.574,4.477,3.569,3.585,3.808,5.129,5.063,3.606,3.547,3.591,4.018,3.588,4.315,3.605
metab_3530,5.518,5.463,5.5,5.511,5.563,5.582,5.551,5.511,5.484,5.467,5.547,5.611,5.48,5.585,5.521,5.517,5.541,5.596
metab_3543,5.203,5.122,5.166,5.197,5.244,5.248,5.244,5.172,5.106,5.103,5.249,5.269,5.181,5.269,5.211,5.115,5.273,5.33
metab_3546,4.631,4.532,4.227,4.662,4.846,4.706,4.637,5.317,4.692,4.528,4.723,5.021,4.307,4.442,4.24,4.512,4.619,4.583
metab_3547,4.888,4.766,5.004,5.118,4.962,4.979,5.064,5.063,4.781,4.741,5.09,5.273,5.521,5.12,5.081,5.172,4.944,5.177
metab_3552,4.458,4.211,0.03,4.206,4.335,4.451,4.191,4.016,4.018,3.829,4.567,4.493,4.265,4.422,2.425,3.836,3.949,4.697
metab_3553,5.157,5.026,5.038,5.091,5.114,5.167,5.157,5.137,5.09,5.064,5.182,5.226,5.098,5.219,5.115,5.111,5.076,5.253
metab_3570,6.347,6.347,6.403,5.986,6.237,6.338,6.542,6.387,6.39,6.44,6.385,6.405,6.434,6.402,6.641,6.476,6.573,6.296
metab_3572,6.051,5.847,5.776,6.032,6.17,6.225,6.027,6.127,6.018,5.802,6.151,6.086,5.909,6.272,5.993,5.809,5.989,6.308
metab_3576,5.285,5.591,5.542,4.688,4.756,5.076,4.098,5.216,5.547,5.445,5.086,3.604,5.033,4.694,5.417,5.251,5.871,5.19
metab_3580,5.347,5.465,5.491,5.262,5.211,5.204,4.427,5.318,5.335,5.53,5.21,4.962,4.524,4.61,5.304,5.164,5.256,4.851
metab_3593,5.892,5.979,5.933,5.889,5.799,5.807,5.477,6.034,5.861,5.961,5.864,5.53,5.65,5.565,5.765,5.818,6.004,5.733
metab_3597,3.61,3.843,4.139,3.596,3.681,3.987,3.875,3.86,3.908,4.058,4.246,4.015,3.822,3.985,4.165,4.336,3.917,5.09
metab_3603,5.127,5.254,5.174,5.776,5.849,5.516,5.323,5.441,5.031,5.51,5.529,5.767,5.025,4.765,4.733,5.659,5.435,5.269
metab_3608,4.502,4.679,3.984,4.714,4.76,4.81,3.916,4.768,4.224,5.136,4.787,2.94,4.431,2.925,2.905,4.82,5.039,3.648
metab_3610,5.29,5.232,5.526,5.65,5.272,5.125,5.467,5.657,5.393,5.339,4.094,5.642,5.649,5.342,5.194,5.836,5.311,5.49
metab_3620,4.795,4.902,3.977,5.219,5.815,5.376,4.774,5.231,4.544,5.844,5.167,4.175,5.133,3.741,3.094,5.645,5.902,3.128
metab_3624,5.197,6.443,6.354,5.767,6.519,6.124,5.87,5.654,5.894,5.599,5.343,5.225,6.15,5.657,6.002,5.948,6.007,5.262
metab_3627,5.452,5.521,5.28,5.825,5.926,5.613,5.707,6.248,5.522,5.642,5.689,6.307,5.293,5.264,5.213,5.675,5.818,5.429
metab_3635,5.531,6.491,6.397,5.695,6.386,5.868,5.904,5.506,6.344,5.412,5.113,5.3,6.232,5.226,6.014,6.048,6.087,5.001
metab_3638,4.717,4.538,4.636,4.767,4.689,4.754,4.762,4.73,4.573,4.649,4.739,4.849,4.701,4.747,4.798,4.743,4.6,4.741
metab_3669,5.865,5.921,5.883,5.951,5.869,5.846,5.898,5.778,5.812,5.884,5.856,5.891,5.959,5.798,5.922,5.86,5.942,5.87
metab_3675,5.148,5.132,5.086,5.163,5.169,5.139,5.197,5.126,5.092,5.121,5.145,5.189,5.151,5.141,5.143,5.12,5.184,5.194
metab_3690,6.1,6.095,6.268,6.041,6.062,6.072,6.158,6.241,6.083,6.247,6.153,6.131,6.057,6.19,6.106,6.081,6.157,6.102
metab_3692,4.648,4.604,4.501,4.578,4.694,4.704,4.631,4.861,4.635,4.603,4.682,4.689,4.59,4.675,4.557,4.667,4.647,4.666
metab_3693,5.759,5.826,5.688,5.3,5.54,5.548,5.201,5.712,5.628,5.757,5.48,5.046,5.469,5.367,5.506,5.489,5.861,5.477
metab_3702,5.408,5.398,5.349,5.412,5.438,5.43,5.441,5.44,5.408,5.391,5.441,5.454,5.426,5.43,5.419,5.404,5.418,5.472
metab_3704,8.732,8.755,8.732,8.754,8.778,8.779,8.78,8.728,8.802,8.779,8.747,8.79,8.797,8.777,8.843,8.76,8.763,8.74
metab_3710,4.449,4.499,4.54,4.499,4.909,4.616,4.537,4.559,4.564,4.474,4.659,4.609,4.461,4.6,4.604,4.588,4.489,4.992
metab_3711,5.664,5.69,5.561,5.884,5.927,5.715,5.814,6.059,5.636,5.84,5.805,6.189,5.557,5.485,5.526,5.853,5.829,5.567
metab_3713,4.268,4.326,4.343,4.165,4.318,4.216,4.111,4.897,4.367,4.233,4.134,4.575,4.065,4.081,4.17,4.27,4.17,4.133
metab_3716,1.77,2.775,2.894,3.334,4.087,1.836,1.744,5.442,4.025,1.724,3.292,4.929,2.452,1.765,2.058,4.108,2.166,1.779
metab_3765,4.594,4.497,4.609,4.803,4.626,4.516,4.685,4.806,4.432,4.562,4.633,4.751,4.286,4.613,4.387,4.44,4.583,4.694
metab_3770,5.263,5.245,5.176,5.277,5.271,5.3,5.288,5.279,5.235,5.265,5.261,5.344,5.253,5.249,5.274,5.227,5.256,5.304
metab_3794,4.701,4.763,4.721,4.755,4.834,4.777,4.779,4.792,4.775,4.7,4.82,4.864,4.742,4.828,4.769,4.799,4.846,4.831
metab_3810,7.413,7.372,7.516,7.475,7.602,7.528,7.518,7.48,7.443,7.412,7.388,7.478,7.393,7.663,7.604,7.466,7.469,7.446
metab_3861,4.977,5.014,4.946,4.934,5.069,4.939,4.988,4.957,5.067,5.059,4.959,4.986,4.91,4.93,4.97,5.01,5.031,5.021
metab_3873,5.019,5.034,5.045,5,5.028,5.033,5.053,5.053,5.066,5.119,5.015,5.115,5.049,5.1,5.038,5.089,5.01,5.159
metab_3903,4.888,4.959,4.971,5.024,5.004,5.01,5.037,4.958,4.96,4.983,4.973,5.072,5.005,5.003,5.001,5.002,5.006,5.054
metab_3945,5.482,5.504,5.324,4.688,4.523,5.131,4.587,4.829,5.195,5.535,5.021,2.652,4.774,4.687,5.203,5.019,4.901,4.676
metab_3965,5.022,5.037,4.913,4.718,4.506,4.673,4.499,4.092,4.594,5.142,4.629,3.034,3.413,4.316,4.86,4.604,4.23,4.179
metab_3973,5.824,6.116,6.032,3.088,4.563,5.285,3.799,5.057,4.882,6.074,5.141,2.802,2.743,3.64,5.013,4.878,3.196,2.801
metab_3975,4.019,4.558,4.923,2.905,2.512,3.285,2.507,4.103,3.422,4.259,3.679,3.628,2.485,2.791,3.439,3.812,2.516,2.543
metab_4004,5.664,5.63,5.629,5.697,5.712,5.683,5.696,5.655,5.66,5.648,5.689,5.724,5.703,5.682,5.694,5.649,5.718,5.734
metab_4027,5.924,5.898,5.918,5.99,5.994,5.966,6.013,5.915,5.945,5.909,5.958,6.014,6.015,5.978,5.957,5.924,5.996,6.062
metab_4055,4.35,4.395,3.904,3.828,4.135,4.158,3.103,5.279,4.395,3.475,4.116,4.177,4.19,4.297,3.969,4.545,4.662,4.06
metab_4057,4.953,5.134,4.881,4.157,4.678,4.766,3.919,5.12,4.855,4.911,4.696,4.375,4.21,4.441,4.753,4.883,4.898,4.473
metab_4134,5.549,5.745,5.49,4.822,5.178,5.405,4.582,6.024,5.567,5.24,5.336,5.244,4.745,5.186,5.075,5.668,5.506,5.026
metab_4172,4.647,4.605,4.886,4.403,4.139,4.383,4.479,5.211,4.912,4.909,4.418,4.104,4.585,4.6,4.856,4.66,4.754,4.689
metab_4193,5.731,5.707,5.696,5.758,5.778,5.743,5.786,5.728,5.729,5.667,5.771,5.781,5.741,5.761,5.757,5.726,5.794,5.831
metab_4284,4.618,4.907,5.293,5.963,4.631,4.683,4.477,3.775,4.547,5.217,4.615,5.34,4.579,3.943,4.936,4.583,5.043,5.617
metab_4285,5.004,5.143,5.378,4.022,4.763,4.99,4.695,4.48,5.244,5.399,4.575,4.059,4.803,4.316,5.182,4.96,4.866,4.836
metab_4293,5.73,5.632,5.696,5.321,5.604,5.598,5.421,5.485,5.701,5.99,5.378,4.307,5.542,5.268,5.801,5.254,5.702,5.518
metab_4373,5.859,5.808,5.923,5.878,5.892,5.872,5.888,6.041,5.914,5.875,5.929,6.029,5.878,5.847,5.893,5.973,5.84,5.949
metab_4441,4.377,4.017,4.557,4.176,4.795,4.585,4.677,3.406,4.444,5.131,4.313,3.426,4.35,3.6,4.673,3.579,4.081,4.078
metab_4587,4.879,4.869,4.749,4.877,4.993,4.902,4.832,5.524,4.965,4.857,4.89,5.153,4.736,4.812,4.706,4.964,4.791,4.954
metab_4740,4.181,4.066,3.734,4.282,4.257,4.099,4.323,4.229,4.181,4.07,4.153,4.416,4.218,4.217,4.311,4.173,4.257,4.328
metab_4813,5.267,5.422,5.105,5.712,5.848,5.634,5.16,5.163,4.782,5.947,5.678,4.478,5.406,4.432,4.028,5.764,5.902,4.908
metab_4865,5.055,5.113,5.057,4.957,5.448,5.436,4.946,5.246,5.333,4.961,5.91,4.952,4.043,5.126,4.048,6.378,3.875,5.765
metab_4880,4.487,3.929,4.241,4.957,5.488,4.744,3.788,6.076,5.118,3.768,4.233,5.489,4.417,4.758,4.503,5.136,5.201,4.478
metab_4881,7.378,7.337,7.193,6.515,6.852,7.036,6.556,6.464,6.824,7.304,7.291,5.366,6.662,6.736,6.863,6.476,6.929,6.57
metab_4885,7.038,7.023,7.496,7.6,7.451,7.497,7.649,7.386,7.351,7.284,6.406,7.522,7.469,7.428,7.289,7.104,7.412,7.533
metab_4906,8.365,8.407,8.32,8.505,8.401,8.313,8.408,8.386,8.438,8.483,8.305,8.286,8.492,8.294,8.449,8.399,8.372,8.314
metab_4930,6.141,5.842,5.774,5.849,6.224,6.202,5.964,6.266,6.094,5.895,6.198,6.044,5.694,6.304,5.611,5.81,5.534,6.224
metab_4935,5.879,5.974,5.856,5.315,5.445,5.651,4.822,5.754,5.874,5.931,5.596,4.854,5.292,5.271,5.685,5.514,5.973,5.448
metab_4948,7.359,7.355,7.325,7.375,7.362,7.355,7.397,7.374,7.364,7.33,7.379,7.383,7.366,7.374,7.362,7.374,7.354,7.391
metab_4992,8.236,8.118,8.046,8.045,8.226,8.3,8.119,8.26,8.216,8.107,8.282,8.192,8.046,8.343,8.018,8.019,8.012,8.385
metab_5230,4.274,4.175,4.39,4.316,4.606,4.464,4.409,3.834,4.364,4.692,3.843,3.972,4.453,4.112,4.762,4.003,4.508,4.385
metab_5354,5.557,5.376,5.454,4.956,5.291,5.33,5.155,4.208,5.109,5.795,5.389,2.987,4.634,4.768,5.102,4.722,4.583,4.679
metab_5361,5.489,5.624,5.657,5.158,5.276,5.244,5.162,5.587,5.273,5.626,5.2,5.127,4.909,5.054,5.247,5.231,5.29,5.051
metab_5481,5.144,4.946,4.88,5.425,5.192,4.981,5.271,4.882,5.131,5.079,4.974,4.814,5.189,5.029,5.18,4.899,5.526,5.27
metab_5523,6.028,5.961,5.835,5.496,5.786,5.796,5.511,5.82,5.855,6.022,5.812,5.123,5.53,5.522,5.809,5.718,5.945,5.522
metab_5531,5.458,5.471,5.32,4.893,4.987,5.235,4.868,4.788,5.214,5.574,5.099,4.516,4.882,4.865,5.298,5.075,5.04,4.92
metab_5556,4.823,4.976,4.655,4.314,4.734,4.807,4.12,4.854,4.719,4.798,4.566,4.386,4.723,4.446,4.714,4.753,5.357,4.629
