ID,Metabolite,"Metab ID","Library ID",level,"KEGG Compound ID",M/Z,"Retention time",Mode,Adducts,Formula,"Fragmentation Score","Theoretical Fragmentation Score","Mass Error","CAS ID",RSD,control1,control2,control3,control4,control5,control6,Severe1,Severe2,Severe3,Severe4,Severe5,Severe6,Middle1,Middle2,Middle3,Middle4,Middle5,Middle6,Mild1,Mild2,Mild3,Mild4,Mild5,Mild6,QC01,QC02,QC03
neg_1095,Saclofen,metab_2561,HMDB0257438,B(ii),-,294.0205,3.0598,neg,M+FA-H,C9H12ClNO3S,0,45.2,-1.55738613202724,-,0.00658605788712,5.043,5.022,5.029,5.038,5.076,5.037,5.038,5.008,5.035,4.956,5.004,4.98,5.06,5.042,5.001,5.083,5.066,5.048,5.084,5.019,5.017,5.082,5.034,5.02,5.054,5.058,5.052
neg_1101,N-Acetyl-DL-Methionine,metab_2569,MJDBOTE0000625,B(i),-,190.0536,3.1483,neg,M-H,C7H13NO3S,44.7,0,-3.95648364634419,-,0.0183847549081,4.365,3.983,3.714,3.685,3.882,3.286,4.574,4.78,2.638,4.832,4.215,4.738,4.377,4.32,4.69,4.334,3.89,4.385,4.324,4.784,4.488,4.464,4.417,4.443,4.443,4.458,4.455
neg_1122,"P-Acetaminobenzoic acid",metab_2592,-,B(i),-,178.05,3.5634,neg,M-H,C9H9NO3,43,0,-5.43039048125983,-,0.0113912587248,4.138,4.054,4.892,4.883,4.083,4.273,4.187,4.502,4.054,3.996,4.335,4.042,4.076,3.981,4.299,4.185,4.072,4.114,4.349,4.375,4.002,4.333,4.08,4.118,4.39,4.383,4.38
neg_1131,5-Hydroxyindoleacetate,metab_2601,HMDB0000763,B(i),C05635,172.0394,3.7909,neg,M-H2O-H,C10H9NO3,71,0,-5.15494842039239,54-16-0,0.0327282003508,4.442,4.201,4.14,4.262,4.543,4.148,4.673,3.715,3.342,3.529,4.586,3.731,4.851,4.723,2.716,4.404,5.06,4.65,4.528,4.439,4.307,4.589,4.288,4.692,4.779,4.805,4.802
neg_1156,Furanodienone,metab_2628,HMDB0036768,B(ii),C16960,211.1129,4.6699,neg,M-H2O-H,C15H18O2,0,30.4,0.338193318542896,24268-41-5,0.0105345761145,5.374,5.339,5.321,5.363,5.366,5.363,5.339,5.307,5.353,5.304,5.313,5.315,5.363,5.328,5.316,5.353,5.348,5.341,5.338,5.338,5.326,5.346,5.319,5.32,5.378,5.375,5.384
neg_1160,"Suberic Acid",metab_2633,HMDB0000893;LMFA01170001;MJDBOTE0000630,B(i),C08278,173.081,4.8503,neg,M-H,C8H14O4,54.2,0,-5.56434213113022,505-48-6,0.0038918039687,5.174,5.185,5.203,5.224,5.27,5.32,5.228,5.155,5.199,5.135,5.208,5.208,5.215,5.208,5.158,5.182,5.233,5.207,5.2,5.204,5.285,5.249,5.201,5.211,5.24,5.241,5.238
neg_1163,Tezampanel,metab_2636,HMDB0258944,B(ii),-,557.3312,4.9345,neg,2M-H,C13H21N5O2,0,51.6,-1.05950558218872,-,0.0303553590605,4.944,4.883,4.042,4.818,4.402,3.981,5.704,5.814,4.058,5.921,5.188,4.958,5.323,4.714,5.325,5.073,4.945,5.199,4.913,5.124,6.421,5.941,5.864,5.377,5.546,5.544,5.522
neg_1212,"7-Epi-12-hydroxyjasmonic acid",metab_2691,HMDB0303749,B(ii),-,225.1127,5.954,neg,M-H,C12H18O4,0,59.7,-2.49937738008878,-,0.00653976756649,3.937,3.876,4.067,4.139,4.146,4.438,4.267,4.24,3.776,4.18,4.297,3.975,3.919,3.966,4.108,4.121,4.243,4.168,3.966,4.173,5.027,4.36,4.329,4.324,4.289,4.286,4.292
neg_1216,"Decanedioic acid",metab_2695,LMFA01170006;HMDB0000792,B(i),C08277,201.1124,5.9846,neg,M-H,C10H18O4,57.3,0,-3.87816221278719,111-20-6,0.0113410041041,5.036,5.023,5.009,5.037,5.078,5.085,5.037,4.988,4.973,5.006,4.982,5.013,5.008,5.022,4.989,5.006,5.044,5.019,5.013,5.048,5.05,5.029,5.001,5.009,5.08,5.077,5.07
neg_1217,2-Mercaptobenzothiazole,metab_2696,HMDB0030524,B(i),C14437,165.978,5.9926,neg,M-H,C7H5NS2,85.3,0,-6.15921839596621,149-30-4,0.0053135586733,5.548,5.508,5.496,5.525,5.54,5.511,5.501,5.492,5.497,5.487,5.473,5.403,5.525,5.517,5.462,5.497,5.487,5.508,5.516,5.529,5.48,5.506,5.469,5.482,5.552,5.549,5.554
neg_1238,"Biotin sulfoxide",metab_2719,HMDB0249229,B(ii),C20386,305.0817,6.071,neg,M+FA-H,C10H16N2O4S,0,58.5,1.720795124905,-,0.0178343061874,4.837,4.797,4.835,4.838,4.811,4.781,4.755,4.7,4.76,4.817,4.703,4.654,4.686,4.808,4.66,4.746,4.788,4.736,4.762,4.714,4.635,4.766,4.731,4.678,4.834,4.819,4.829
neg_1267,"2,3-dinor Prostaglandin E1",metab_2747,-,B(i),-,325.2021,6.1505,neg,M-H,C18H30O5,63.1,0,0.210601687843922,-,0.0194121768566,3.175,3.153,3.141,3.2,3.18,4.815,3.169,3.562,3.477,3.694,4.306,3.166,3.166,3.146,3.442,3.947,3.853,4.022,3.563,3.18,5.075,3.896,4.248,4.003,4.59,4.574,4.584
neg_1280,16-alpha-Hydroxyandrosterone,metab_2762,HMDB0013156,B(ii),C14519,351.2176,6.199,neg,M+FA-H,C19H30O3,0,71.7,-0.279147164367225,-,0.0170804878502,3.924,5.262,3.112,4.99,3.871,5.219,5.308,5.332,4.403,5.414,5.736,5.374,4.267,4.236,5.527,5.007,5.346,5.254,4.833,5.46,5.742,5.163,5.113,5.574,5.341,5.33,5.327
neg_1296,"Tetradecanedioic acid",metab_2778,LMFA01170018;HMDB0000872,B(i),C11002,257.1755,6.247,neg,M-H,C14H26O4,70.8,0,-1.42532193074012,821-38-5,0.0163556950589,5.053,5.009,5.092,5.17,5.078,5.186,5.112,4.96,5.074,4.95,4.993,5.045,5.117,5.115,4.925,5.068,5.075,5.059,5.08,5.052,5.067,5.098,4.891,4.991,5.132,5.122,5.119
neg_1302,Metyrosine,metab_2785,HMDB0014903;HMDB0247174,B(ii),C07921,194.0813,6.2629,neg,M-H,C10H13NO3,0,30.3,-4.81356072601063,672-87-7,0.0295177545416,5.019,5.038,5.034,5.027,5.01,4.994,4.97,4.976,4.988,4.956,4.972,4.962,4.954,5.014,4.965,5.018,4.955,4.957,5.017,4.959,4.922,4.969,4.899,4.887,5.025,5.032,5.007
neg_1304,LysoPI(18:0/0:0),metab_2787,HMDB0240261,B(ii),-,599.3211,6.2629,neg,M-H,C27H53O12P,0,56.6,1.55107991526384,327620-46-2,0.0908244212557,6.023,5.5,6.031,5.586,5.554,4.993,5.057,5.101,5.555,6.354,6.497,6.072,6.253,5.899,6.02,5.57,5.94,6.436,6.024,5.874,5.986,5.697,6.029,5.873,6.153,6.215,6.145
neg_1305,"9,10-Dihydroxystearic acid",metab_2788,LMFA02000142;HMDB0302281;HMDB0303981,B(ii),C08314;C19622,315.2538,6.2716,neg,M-H,C18H36O4,0,33,-0.947060701122943,120-87-6,0.0135438808906,5.505,5.553,5.545,5.558,5.532,5.551,5.512,5.452,5.497,5.486,5.461,5.45,5.441,5.557,5.457,5.499,5.478,5.473,5.499,5.499,5.426,5.468,5.393,5.402,5.555,5.547,5.543
neg_1308,"PE-NMe(18:0/20:4(5Z,8Z,11Z,14Z))",metab_2791,HMDB0113098;PW_C059221,B(ii),C01241,826.5625,6.2716,neg,M+FA-H,C44H80NO8P,0,87.9,2.75112373777072,-,0.0367291081264,7.335,6.698,7.457,7.379,7.363,7.305,7.39,7.29,6.995,7.273,7.342,7.275,7.304,6.801,7.407,7.296,7.276,7.255,7.217,7.291,7.273,7.094,7.246,7.055,7.38,7.361,7.349
neg_1314,"Prostaglandin A1",metab_2798,LMFA03010005;HMDB0002656,B(ii),C04685,335.2226,6.3196,neg,M-H,C20H32O4,0,83.2,-0.458512005331653,14152-28-4,0.0183179604128,3.677,6.043,3.773,5.754,4.223,5.161,5.479,5.039,5.105,5.172,5.958,4.713,4.284,3.694,5.668,5.625,5.939,5.441,4.997,5.734,5.597,5.6,4.829,5.913,5.607,5.594,5.592
neg_1317,LysoPC(17:0/0:0),metab_2801,HMDB0012108,B(ii),C04230,508.3411,6.3436,neg,M-H,C25H52NO7P,0,68,0.452289256694234,50930-23-9,0.0365430886002,5.459,4.98,5.447,5.121,5.188,5.097,5.059,5.653,5.911,4.977,5.82,5.69,5.288,5.037,5.056,5.943,5.461,5.271,5.559,4.824,5.382,5.145,5.138,5.271,3.708,3.706,3.734
neg_1320,"12-Hydroxydodecanoic acid",metab_2805,HMDB0304547;HMDB0002059,B(ii),C08317,215.1645,6.3836,neg,M-H,C12H24O3,0,55.1,-3.36534850211462,505-95-3,0.00809606775763,5.426,5.395,5.422,5.55,5.45,5.531,5.427,5.295,5.456,5.274,5.342,5.339,5.432,5.486,5.231,5.476,5.383,5.384,5.43,5.432,5.389,5.432,5.218,5.32,5.462,5.456,5.455
neg_1321,10-HDoHE,metab_2806,HMDB0060037,B(ii),-,343.2276,6.3836,neg,M-H,C22H32O3,0,34.8,-0.766388306716517,-,0.0121653140598,3.129,5.539,3.964,5.388,4.392,3.163,5.492,5.101,5.147,5.296,5.856,4.569,3.569,0.5094,5.956,5.48,5.522,5.511,5.031,5.902,4.907,5.575,4.586,5.611,5.484,5.477,5.474
neg_1340,PE-NMe2(16:1(9Z)/16:0),metab_2827,HMDB0113965;PW_C059982,B(ii),C04308,716.5249,6.5196,neg,M-H,C39H76NO8P,0,85.1,1.90337017076625,-,0.00291279554471,6.82,6.665,6.818,6.866,6.978,6.848,6.883,6.747,6.607,6.622,6.732,6.554,6.87,6.638,6.632,6.734,6.879,6.903,6.796,6.863,6.815,6.584,6.782,6.851,6.961,6.963,6.963
neg_1359,"4-(3-Hydroxybutyl)-3,3,5-trimethylcyclohexanone",metab_2846,HMDB0039805,B(ii),-,257.1755,6.6313,neg,M+FA-H,C13H24O2,0,36,-1.71311202451932,128660-70-8,0.0236861129047,4.814,4.748,4.843,4.911,4.811,4.859,4.82,4.693,4.765,4.594,4.706,4.809,4.817,4.832,4.512,4.726,4.908,4.811,4.857,4.651,4.77,4.68,4.489,4.787,4.865,4.862,4.846
neg_1361,"Hepoxilin B3",metab_2848,HMDB0004690;LMFA03090003;HMDB0062479,B(i),C14810,335.2227,6.6313,neg,M-H,C20H32O4,66.7,0,-0.327479588989227,-,0.0555745907536,3.767,5.994,3.733,5.663,3.772,4.741,5.204,4.711,4.8,4.602,5.788,3.709,3.981,3.738,5.243,5.454,5.996,5.322,4.546,5.495,5.364,5.302,4.035,5.848,5.445,5.442,5.401
neg_1380,2-Undecanone,metab_2865,HMDB0033713,B(ii),C01875,215.1645,6.7263,neg,M+FA-H,C11H22O,0,40.3,-4.37972717406794,112-12-9,0.0213650241947,5.837,5.753,5.847,5.988,5.823,5.946,5.769,5.6,5.809,5.424,5.745,5.686,5.902,5.841,5.436,5.791,5.917,5.839,5.827,5.759,5.764,5.751,5.527,5.75,5.905,5.902,5.888
neg_1393,LysoPC(15:0/0:0),metab_2876,HMDB0010381;HMDB0010375,B(ii),C04230,462.2992,6.7421,neg,M-H2O-H,C23H48NO7P,0,33.5,0.473976469864322,-,0.0694658025784,5.916,6.187,5.625,5.955,5.672,5.021,6.535,6.7,5.821,6.566,6.51,6.646,5.95,6.197,6.838,6.141,6.358,6.517,5.868,6.55,5.848,6.101,6.33,6.334,6.51,6.503,6.454
neg_1396,PE(16:0/0:0),metab_2879,HMDB0011503;LMGP02050002,B(i),-,452.2784,6.7501,neg,M-H,C21H44NO7P,97.7,0,0.300083344914557,53862-35-4,0.038845634574,6.186,6.519,6.231,6.466,6.214,6.347,6.769,6.932,6.152,6.988,6.878,6.911,6.153,6.54,7.015,6.612,6.696,6.847,6.265,6.672,6.888,6.481,6.779,6.768,6.81,6.8,6.777
neg_1402,"LysoPE(18:2(9Z,12Z)/0:0)",metab_2885,HMDB0011507,B(ii),-,476.2785,6.7661,neg,M-H,C23H44NO7P,0,73.5,0.397835916906105,85046-18-0,0.0182566961113,5.235,5.629,5.281,5.591,5.304,5.421,5.319,5.322,5.111,5.444,5.811,5.671,5.074,5.654,5.655,5.616,5.711,5.652,4.697,5.551,5.673,5.509,5.641,5.8,5.646,5.644,5.631
neg_1404,"Dodecylbenzenesulfonic Acid",metab_2887,HMDB0031031;HMDB0059915,B(i),-,325.184,6.7738,neg,M-H,C18H30O3S,87.9,0,-0.871607617108291,-,0.0150790389695,7.959,8.032,8.003,7.899,7.943,7.995,7.94,7.859,7.984,7.916,7.845,7.932,7.898,7.96,7.967,7.859,7.926,7.876,7.941,7.825,7.964,7.931,7.936,7.864,7.215,7.202,7.21
neg_1422,"Heptadecanoyl carnitine",metab_2901,LMFA07070067;HMDB0006210,B(ii),-,450.2991,6.8532,neg,M+K-2H,C24H47NO4,0,34.1,0.0017150854705386,106182-29-0,0.0260129786332,4.606,5.024,4.143,4.689,3.706,3.707,5.251,5.448,4.484,5.277,5.272,5.411,4.633,5.084,5.613,4.817,5.103,5.386,3.671,5.334,4.511,4.512,5.004,5.1,5.297,5.284,5.275
neg_1433,"Dodecyl Hydrogen Sulfate",metab_2911,-,B(i),-,265.1477,6.9009,neg,M-H,C12H26O4S,86.3,0,-0.607804824913657,-,0.00997716070803,6.343,6.252,6.307,6.322,6.161,6.25,6.185,6.277,6.221,6.187,6.097,6.352,6.281,6.321,6.286,6.168,6.161,6.261,6.304,6.132,6.294,6.21,6.202,6.38,6.008,6,6.002
neg_1434,1-Stearoylglycerophosphoglycerol,metab_2912,HMDB0061697,B(ii),-,511.3046,6.9009,neg,M-H,C24H49O9P,0,75.6,0.948963130699713,-,0.082756349127,5.173,6.268,5.767,5.65,4.872,5.402,5.111,4.476,6.373,6.703,6.096,6.677,5.736,6.303,5.607,5.914,6.766,6.246,6.108,6.343,5.771,6.259,6.329,6.153,6.349,6.403,6.337
neg_1444,"PE(20:4(5Z,8Z,11Z,14Z)/22:4(7Z,10Z,13Z,16Z))",metab_2922,HMDB0009405;PW_C005453;LMGP02010960,B(ii),C00350,796.5224,6.9564,neg,M-H2O-H,C47H78NO8P,0,46.9,-7.72419475261388,-,0.0199542832161,7.278,7.357,7.326,7.291,7.267,7.343,7.313,7.286,7.447,7.304,7.258,7.266,7.325,7.51,7.475,7.402,7.371,7.33,7.391,7.322,7.277,7.35,7.4,7.409,7.33,7.328,7.344
neg_1446,"1,2-Dipalmitoyl-sn-Glycero-3-Phosphate",metab_2924,HMDB0244852;HMDB0000674,B(i),C00416,693.4725,6.9723,neg,M+FA-H,C35H69O8P,60.4,0,2.04807120123304,7091-44-3,0.0638491776508,6.516,6.583,6.709,6.648,6.422,6.445,6.543,6.63,6.773,6.625,6.516,6.451,6.483,6.583,6.685,6.721,6.567,6.566,6.656,6.61,6.56,6.646,6.749,6.779,6.609,6.556,6.599
neg_1451,PA(15:0/22:1(13Z)),metab_2929,HMDB0114825;PW_C062242,B(ii),C00416,761.5339,6.9961,neg,M+FA-H,C40H77O8P,0,37.2,0.183770302374413,-,0.0206343579585,5.053,5.039,5.257,4.87,4.931,4.899,4.666,5.291,5.046,4.978,5.026,5.119,4.868,5.156,4.926,5.147,5.056,5.244,5.108,5.101,4.87,5.127,5.306,5.064,5.227,5.244,5.241
neg_1453,LysoPE(P-18:0/0:0),metab_2930,HMDB0240598,B(ii),-,464.3147,7.0041,neg,M-H,C23H48NO6P,0,88.6,0.189760391918246,174062-73-8,0.0683339614561,6.046,6.102,5.945,6.045,5.849,5.673,6.552,6.773,6.018,6.654,6.539,6.743,5.967,6.329,6.941,6.158,6.33,6.586,5.997,6.564,5.908,6.089,6.443,6.293,6.552,6.55,6.498
neg_1456,"PE-NMe(18:0/22:6(4Z,7Z,10Z,13Z,16Z,19Z))",metab_2932,PW_C059230;HMDB0113107,B(ii),C01241,850.5626,7.02,neg,M+FA-H,C46H80NO8P,0,91.8,2.83373735673293,-,0.0430815151621,6.13,7.115,6.998,7.273,7.053,7.214,7.211,6.447,6.983,7.035,6.822,7.164,6.339,7.027,6.819,7.109,7.129,6.874,7.09,7.276,6.676,7.181,6.764,6.963,7.183,7.207,7.171
neg_1458,Phosphatidylinositol(36:4),metab_2934,HMDB0009790;HMDB0009860;HMDB0256468;HMDB0009859;HMDB0009899;HMDB0009789;HMDB0009893;HMDB0009840;HMDB0009864;HMDB0009839;HMDB0009850;HMDB0009827;HMDB0009863;HMDB0009828,B(ii),C00626,857.5208,7.0359,neg,M-H,C45H79O13P,0,62.8,2.57969994518235,182509-36-0;88587-97-7,0.023986182695,6.498,6.73,6.678,6.527,6.467,6.54,6.613,6.606,6.718,6.642,6.494,6.425,6.572,6.813,6.804,6.617,6.44,6.521,6.653,6.685,6.628,6.648,6.684,6.589,6.562,6.56,6.579
neg_1460,Demethylphylloquinone,metab_2936,HMDB0004649,B(ii),C13309,473.2827,7.0754,neg,M+K-2H,C30H44O2,0,67,-0.10616178450548,34625-86-0,0.013866739576,6.301,5.981,5.957,6.017,6.01,5.992,5.996,6.02,5.957,5.911,5.987,6.047,6.225,6.04,5.893,5.962,5.958,5.94,5.96,6.002,5.86,5.895,5.895,6.187,6.704,6.701,6.692
neg_1462,"PI(18:0/20:4(8Z,11Z,14Z,17Z))",metab_2938,HMDB0009816,B(ii),-,885.5517,7.0754,neg,M-H,C47H83O13P,0,72.6,2.06644414116062,-,0.0487640788466,6.912,6.954,6.868,6.849,6.964,6.821,6.777,6.815,6.947,6.903,6.816,6.775,6.902,6.959,6.925,6.931,6.86,6.777,6.824,6.787,6.848,6.94,6.976,6.946,6.88,6.84,6.874
neg_1468,"PG(16:1(9Z)/18:1(12Z)-2OH(9,10))",metab_2942,HMDB0268713,B(ii),-,759.4892,7.1067,neg,M-H2O-H,C40H75O12P,0,82.2,9.54997496094346,-,0.0780547585417,3.511,2.746,0.4323,3.161,2.739,2.961,2.662,2.936,4.43,2.852,2.723,2.779,3.12,3.257,3.416,3.391,3.469,3.202,2.993,3.268,3.371,3.515,3.815,5.39,3.448,3.433,3.497
neg_1519,"PC(18:0/18:2(9Z,12Z))",metab_2993,LMGP01010768;PW_C004088;HMDB0008039,B(ii),C00157,830.5936,7.6449,neg,M+FA-H,C44H84NO8P,0,97.2,2.42664260505926,27098-24-4,0.0145157331847,6.107,6.164,5.579,6.108,5.903,6.091,5.977,6.045,6.004,5.707,5.917,5.982,6.134,6.16,5.581,5.993,5.951,5.989,6.165,6.101,6.089,6.181,5.802,5.945,6.042,6.032,6.03
neg_1520,"PE-NMe(18:0/22:4(7Z,10Z,13Z,16Z))",metab_2995,HMDB0113104;PW_C059227,B(ii),C01241,854.593,7.6449,neg,M+FA-H,C46H84NO8P,0,95.5,1.60409701529193,-,0.027984418875,5.921,5.36,5.857,5.893,6.187,5.862,5.993,5.889,5.312,5.72,5.689,5.7,6.096,5.235,5.707,5.701,6.003,6.096,5.771,6.041,6.076,5.685,5.962,5.59,6.097,6.116,6.093
neg_1534,Proscillaridin,metab_3010,HMDB0256851,B(ii),C12816,551.2611,7.6689,neg,M+Na-2H,C30H42O8,0,67.7,-2.90680636426776,466-06-8,0.0370338624905,5.294,4.821,4.776,4.398,4.638,4.422,3.706,5.378,5.728,4.87,5.616,5.481,5.139,4.542,4.818,5.664,5.148,4.978,5.304,4.732,5.179,5.582,5.091,5.087,3.897,3.919,3.888
neg_166,"D-Mannose 6-Phosphate",metab_3148,HMDB0304312;HMDB0001078,B(i),C00275,259.0221,0.631,neg,"M-H2O-H, M-H",C6H13O9P,63.9,0,-1.40048312369195,3672-15-9,0.00928624291732,5.619,6.06,5.372,5.591,5.617,5.198,5.402,5.677,5.727,5.607,6.013,5.758,5.258,5.896,5.946,5.662,5.784,5.568,5.652,5.821,5.142,5.375,5.612,5.893,5.709,5.711,5.703
neg_1810,LysoPI(0:0/18:0),metab_3313,HMDB0061704,B(ii),-,599.3212,7.6849,neg,M-H,C27H53O12P,0,50.2,1.61862561033603,1913287-87-2,0.082791124909,5.213,5.821,5.341,5.334,4.868,4.709,4.635,4.635,5.952,6.249,5.918,6.19,5.643,5.903,5.286,5.428,6.223,5.945,5.856,5.872,5.347,5.948,5.66,5.673,5.925,5.977,5.91
neg_1812,LysoPA(18:0/0:0),metab_3315,HMDB0007854,B(ii),-,483.2732,7.6849,neg,M+FA-H,C21H43O7P,0,79.5,0.848602547638883,-,0.027505656021,6.104,5.756,5.725,5.569,5.663,5.599,5.524,6.208,6.485,5.859,6.409,6.308,6.007,5.634,5.811,6.44,6.093,5.935,6.16,5.825,6.124,6.406,6.033,6.022,5.506,5.522,5.499
neg_1821,LysoPC(18:0/0:0),metab_3322,HMDB0011149;HMDB0010384,B(ii),C04317;C04230,568.3625,7.6769,neg,M+FA-H,C26H54NO7P,0,94,0.881142862190407,74430-89-0;19420-57-6,0.0429077852871,5.173,4.593,5.033,4.605,4.84,4.585,4.724,5.391,5.505,4.672,5.485,5.302,5.077,4.624,4.778,5.53,4.982,4.952,5.148,4.341,5.056,4.703,4.735,4.893,3.481,3.451,3.448
neg_1823,1-(11Z-eicosenoyl)-glycero-3-phosphate,metab_3324,HMDB0062305;LMGP10050026,B(ii),-,509.2888,7.6769,neg,M+FA-H,C23H45O7P,0,60,0.753489302155981,-,0.0539406360743,5.45,5.171,5.689,5.316,5.483,5.432,5.004,5.324,5.527,5.209,5.55,5.569,5.357,5.093,5.321,5.545,5.245,5.357,5.447,5.064,5.29,5.734,5.43,5.397,4.576,4.617,4.617
neg_1828,Adenine,metab_3328,PW_C000024;HMDB0000034;MJDBOTE0000759,B(i),C00147,134.046,7.6769,neg,M-H,C5H5N5,44.6,0,-8.91586105598885,73-24-5,0.0103002614555,4.921,4.907,4.892,4.91,4.933,4.898,4.883,4.873,4.889,4.848,4.792,4.857,4.876,4.87,4.842,4.861,4.876,4.856,4.889,4.887,4.847,4.851,4.829,4.822,4.913,4.912,4.904
neg_1831,1-Linoleoyl-sn-Glycero-3-Phosphocholine,metab_3332,HMDB0010386;LMGP01050137,B(i),C04100,564.3314,7.6689,neg,M+FA-H,C26H50NO7P,75.8,0,1.34951359296255,22252-07-9,0.0139867941191,5.651,5.901,5.201,5.572,5.397,4.476,5.251,5.446,5.245,5.634,5.41,5.646,5.164,5.59,5.509,5.148,5.278,5.364,4.542,5.224,5.621,5.416,5.725,5.31,5.503,5.495,5.491
neg_1845,"PE-NMe(22:6(4Z,7Z,10Z,13Z,16Z,19Z)/18:0)",metab_3345,PW_C059813;HMDB0113678,B(ii),C01241,850.5627,7.6529,neg,M+FA-H,C46H80NO8P,0,86.9,2.86395964956076,-,0.0303093907329,5.813,6.561,6.431,6.613,6.462,6.595,6.56,6.022,6.343,6.433,6.256,6.524,6.007,6.489,6.287,6.5,6.524,6.312,6.461,6.58,6.276,6.517,6.238,6.408,6.547,6.565,6.539
neg_1846,"PS(15:0/22:2(13Z,16Z))",metab_3346,PW_C060734;LMGP03010158;HMDB0116749,B(ii),C02737,800.547,7.6529,neg,M-H,C43H80NO10P,0,67.9,2.88972344434423,-,0.0331793413611,5.004,6.186,5.993,6.363,6.12,6.21,6.17,5.509,5.967,5.983,5.782,6.083,5.272,6.108,5.95,6.124,6.179,5.945,6.139,6.216,5.745,6.158,6.077,6.092,6.27,6.292,6.265
neg_1847,PE(15:0/20:1(11Z)),metab_3347,LMGP02010464;PW_C004948;HMDB0008900,B(ii),C00350,776.5466,7.6529,neg,M+FA-H,C40H78NO8P,0,81.9,2.63633452669582,-,0.0442076944174,7.149,6.809,7.122,7.24,7.155,7.175,7.198,7.187,7.004,6.96,6.949,6.97,7.195,6.797,7.052,7.06,7.211,7.154,7.136,7.292,7.139,7.081,7.227,7.143,7.263,7.294,7.259
neg_1849,PE-NMe2(16:0/16:1(9Z)),metab_3349,HMDB0113850;PW_C057656,B(ii),C04308,716.5249,7.6529,neg,M-H,C39H76NO8P,0,81.2,1.78049005065474,-,0.0236867143981,6.251,6.049,6.29,6.349,6.317,6.254,6.207,6.183,6.025,6.098,6.04,6.146,6.22,5.96,6.203,6.127,6.268,6.254,6.206,6.259,6.173,6.1,6.179,6.22,6.255,6.269,6.25
neg_1853,"PE-NMe2(15:0/22:4(7Z,10Z,13Z,16Z))",metab_3354,HMDB0113934;PW_C059950,B(ii),C04308,826.5625,7.6449,neg,M+FA-H,C44H80NO8P,0,88,2.72422247051156,-,0.0720315132315,6.61,6.978,6.932,7.238,7.054,7.168,7.108,6.637,6.864,6.978,6.76,7.079,6.681,6.904,6.789,7.024,7.244,6.868,7.042,7.245,6.758,7.1,6.917,6.983,7.219,7.267,7.21
neg_1882,Gamithromycin,metab_3382,HMDB0252606,B(ii),-,813.4922,7.5358,neg,M+K-2H,C40H76N2O12,0,74.6,4.81684829375942,-,0.0329044312627,6.311,6.46,6.476,6.347,6.224,6.266,6.282,6.367,6.443,6.352,6.329,6.223,6.287,6.415,6.465,6.4,6.212,6.235,6.323,6.323,6.265,6.284,6.337,6.234,6.312,6.285,6.305
neg_1883,"N-[1'-(Aminocarbonyl)-2',2'-dimethylpropyl]-1-(cyclohexylmethyl)-1h-indazole-3-carboxamide",metab_3383,HMDB0255030,B(ii),-,407.1874,7.5278,neg,M+K-2H,C21H30N4O2,0,72.6,5.09385352002285,-,0.234914755571,5.449,5.472,5.41,5.23,5.448,5.352,5.326,5.277,5.361,5.227,5.17,5.26,5.254,5.261,5.269,5.106,5.166,5.132,5.226,5.086,5.242,5.181,5.147,4.986,3.802,3.604,3.678
neg_1887,Glaucine,metab_3387,HMDB0252738,B(ii),C09446,400.1799,7.4964,neg,M+FA-H,C21H25NO4,0,41.4,9.39107637080916,475-81-0,0.02533744,5.142,5.036,4.923,5.193,5.272,5.227,5.009,5.073,5.038,4.975,5.015,4.937,5.103,5.092,4.892,4.927,4.998,5.1,5.055,5.086,5.064,5.041,4.982,5.004,4.985,4.983,5.002
neg_1893,(S)-Isocorydine,metab_3394,HMDB0030184,B(ii),C09549,386.1641,7.4679,neg,M+FA-H,C20H23NO4,0,36.8,9.4803082940499,475-67-2,0.00307650328235,5.181,5.074,5.029,5.187,5.299,5.185,4.985,5.115,5.039,4.968,5.001,4.977,5.098,5.087,4.918,4.999,4.983,5.05,5.03,5.09,5.053,5.011,5.001,4.982,5.074,5.071,5.072
neg_1928,"Epiafzelechin Trimethyl Ether",metab_3427,-,B(i),-,297.1163,7.0754,neg,M-H2O-H,C18H20O5,46,0,9.57326318378743,-,0.0280380665597,5.647,5.701,5.625,5.7,5.669,5.649,5.554,5.593,5.678,5.551,5.575,5.514,5.582,5.708,5.53,5.658,5.671,5.579,5.581,5.579,5.611,5.62,5.562,5.585,5.625,5.601,5.619
neg_1929,"PE(18:0/20:3(8Z,11Z,14Z))",metab_3428,PW_C005050;HMDB0009002;LMGP02011202,B(ii),C00350,790.5404,7.0595,neg,M+Na-2H,C43H80NO8P,0,47.5,4.67257030089496,-,0.0923561170537,5.445,5.437,6.121,5.734,5.664,5.632,4.364,5.013,5.497,5.317,5.301,5.732,5.284,5.483,5.543,5.89,5.752,5.612,5.982,5.067,5.19,4.889,5.277,5.874,4.392,4.463,4.399
neg_1934,"PE(20:3(8Z,11Z,14Z)/16:0)",metab_3434,PW_C005400;LMGP02010908;HMDB0009352,B(ii),C00350,722.5137,7.012,neg,M-H2O-H,C41H76NO8P,0,51.1,0.870385530703307,-,0.0454763438637,7.373,7.437,7.694,7.46,7.408,7.404,6.757,7.126,7.427,7.154,7.28,7.383,7.281,7.297,7.322,7.615,7.465,7.38,7.556,7.154,7.295,7.143,7.272,7.545,6.865,6.828,6.859
neg_1943,"PE(18:2(9Z,12Z)/16:0)",metab_3443,PW_C005136;HMDB0009088;LMGP02011194,B(ii),C00350,714.5095,6.9723,neg,M-H,C39H74NO8P,0,84.5,2.173956966143,-,0.0317544693573,6.847,6.865,7.122,6.986,6.976,6.949,6.291,6.499,6.719,6.505,6.523,6.92,6.765,6.781,6.817,6.943,6.946,6.934,6.99,6.547,6.732,6.715,6.739,6.924,6.082,6.056,6.076
neg_1944,LysoPG(18:1(9Z)/0:0),metab_3444,HMDB0240602,B(ii),-,509.2888,6.9723,neg,M-H,C24H47O9P,0,86.8,0.594761412670988,-,0.0268103115913,6.681,6.74,7.029,6.879,6.831,6.87,6.569,6.645,6.91,6.753,6.837,6.956,6.678,6.731,6.75,6.917,6.833,6.811,6.897,6.653,6.684,7.117,6.998,6.917,6.513,6.53,6.507
neg_1945,"Phthalic Acid",metab_3445,HMDB0002107;MJDBOTE0000627,B(i),C01606,165.0183,6.9644,neg,M-H,C8H6O4,68.3,0,-6.37050877647666,88-99-3,0.0592343506323,5.897,5.869,5.819,5.847,6.263,6.077,5.933,5.88,5.821,5.794,5.756,6.261,5.881,5.854,5.803,6.316,6.182,5.986,5.92,5.85,5.792,5.779,6.312,6.063,5.976,5.974,5.93
neg_1946,"PG(22:6(4Z,7Z,10Z,13Z,16Z,19Z)/18:2(9Z,12Z))",metab_3446,LMGP04010829;HMDB0116600;PW_C063054,B(ii),C00344,817.5048,6.9564,neg,M-H,C46H75O10P,0,78.1,2.81221541309712,-,0.0291042425712,6.998,6.44,7.02,6.907,7.065,6.87,6.953,6.875,6.54,6.96,7.083,6.885,7.313,6.81,7.003,6.8,7.017,7.16,6.896,6.907,6.953,6.73,7.037,6.889,7.043,7.061,7.037
neg_1949,LysoPG(16:0/0:0),metab_3449,HMDB0240601,B(ii),-,483.2731,6.9485,neg,M-H,C22H45O9P,0,93.9,0.518527484029647,116870-26-9,0.0547820702807,7.067,7.211,6.998,6.897,6.875,6.907,6.807,7.235,7.654,7.416,7.43,7.576,7.103,7.176,7.01,7.559,7.561,7.259,7.394,7.236,7.255,7.606,7.493,7.33,7.097,7.134,7.091
neg_1954,"PA(18:0/18:3(6Z,9Z,12Z))",metab_3454,PW_C062296;LMGP10010313;HMDB0114878,B(ii),C00416,743.4886,6.9247,neg,M+FA-H,C39H71O8P,0,69.3,2.5607936949087,-,0.0793688721184,6.761,6.906,6.838,6.739,6.763,6.784,6.853,6.822,6.934,6.793,6.674,6.637,6.757,6.997,6.895,6.59,6.685,6.695,6.901,6.806,6.799,6.903,6.902,6.792,6.788,6.787,6.846
neg_1964,PE(P-18:0/18:2),metab_3462,LMGP02030046,B(i),-,726.546,6.8771,neg,M-H,C41H78NO7P,57.7,0,2.35474722031887,-,0.0132456375026,4.005,4.827,3.971,4.485,4.01,4.011,3.999,4,4.813,3.988,3.95,3.947,3.996,4.883,3.954,5.787,6.355,4.947,5.426,5.593,4.57,5.158,3.952,4.417,5.324,5.322,5.333
neg_1965,PE(18:0/0:0),metab_3463,LMGP02050001,B(i),-,480.3098,6.8771,neg,M-H,C23H48NO7P,94.9,0,0.571280556335147,-,0.0371985180793,6.272,6.608,6.225,6.374,6.157,6.204,6.871,6.965,6.274,6.96,6.91,7.05,6.264,6.573,7.187,6.585,6.656,6.916,6.147,6.709,6.491,6.452,6.836,6.662,6.818,6.816,6.789
neg_1969,Roxithromycin,metab_3466,PW_C009245;HMDB0014916,B(ii),C13173,881.5208,6.8532,neg,M+FA-H,C41H76N2O15,0,46.9,-2.39477913446734,80214-83-1,0.0208014311436,7.187,7.359,7.292,7.063,7.159,7.215,7.248,7.227,7.346,7.256,7.087,7.128,7.183,7.458,7.388,7.168,7.149,7.169,7.312,7.298,7.173,7.269,7.294,7.165,7.104,7.121,7.117
neg_1980,"Adrenic Acid",metab_3473,HMDB0002226;LMFA01030178;LMFA04000050;PW_C001506,B(i),C16527,331.2641,6.8293,neg,M-H,C22H36O2,41.7,0,-0.588580863090531,28874-58-0,0.0682293876103,5.619,5.876,5.307,5.374,5.258,5.08,6.291,6.278,5.479,6.247,5.725,6.174,5.551,5.749,6.251,5.031,5.54,5.986,5.07,5.821,5.157,5.259,5.654,5.562,6.194,6.192,6.141
neg_1990,"Docosahexaenoic Acid",metab_3483,LMFA01030185;LMFA01031176;PW_C001472;HMDB0002183;MJDBOTE0001119,B(i),C06429,373.2381,6.7818,neg,M+FA-H,C22H32O2,54.6,0,-0.88810488699558,6217-54-5,0.0426220025571,3.874,3.685,3.706,3.796,3.711,3.712,4.744,5.154,3.653,5.137,4.078,4.753,3.697,3.746,5.084,3.663,4.231,4.754,3.676,4.366,3.692,3.695,3.976,3.649,4.839,4.811,4.805
neg_1992,PE(P-16:0/18:1),metab_3485,HMDB0011342;LMGP02030095,B(i),-,700.5299,6.7738,neg,M-H,C39H76NO7P,73.1,0,1.79115939326616,65289-02-3,0.253831756926,4.296,5.772,5.935,6.118,5.74,5.878,4.92,4.291,5.726,4.279,5.641,4.237,4.286,5.916,4.91,6.076,6.291,5.838,6.106,5.83,5.712,5.672,4.892,5.609,5.92,5.704,5.906
neg_1998,PE(18:1(9Z)/0:0),metab_3491,LMGP02050004,B(i),-,478.2941,6.7661,neg,M-H,C23H46NO7P,96,0,0.484394304859583,-,0.0259576489458,5.862,6.194,5.994,6.069,5.881,6.418,6.143,6.092,5.683,6.198,6.416,6.202,5.921,6.08,6.28,6.389,6.395,6.301,5.934,6.128,6.42,5.994,6.219,6.541,6.31,6.309,6.29
neg_2006,"9,10-Dihome",metab_3500,LMFA02000229;HMDB0004704,B(i),C14828,313.2382,6.758,neg,M-H,C18H34O4,91.4,0,-0.60155261333823,125356-86-7,0.0230552944865,6.174,6.187,6.246,6.331,6.178,6.257,6.054,5.898,6.173,5.92,6.054,5.939,6.174,6.116,5.931,6.096,6.309,6.136,6.125,6.014,6.148,5.943,5.944,6.141,6.207,6.204,6.188
neg_2012,PE(22:6/0:0),metab_3506,-,B(i),-,524.2793,6.7501,neg,M-H,C27H44NO7P,69.5,0,1.94883679085241,-,0.0252130818565,5.922,6.311,5.965,6.146,5.898,5.764,5.922,5.879,6.015,5.99,6.127,6.134,5.889,6.047,5.976,6.116,6.321,6.202,5.688,5.943,6.298,6.048,6.149,6.354,6.181,6.179,6.161
neg_2014,"2-Hydroxymyristic Acid",metab_3508,LMFA01050484;HMDB0002261,B(i),-,243.1961,6.7501,neg,M-H,C14H28O3,72.7,0,-2.07763506283107,2507-55-3,0.0352563791827,6.232,6.175,6.203,6.334,6.224,6.308,6.169,6.022,6.193,5.919,6.095,6.079,6.259,6.217,5.888,6.211,6.26,6.219,6.211,6.185,6.167,6.137,5.964,6.124,6.275,6.273,6.247
neg_2017,"Glycocholic acid",metab_3511,HMDB0000331;LMST05030001;PW_C000089;HMDB0000138,B(ii),C01921,500.2786,6.7421,neg,M+Cl,C26H43NO6,0,69.9,0.339066420309797,68753-51-5;475-31-0,0.0206762884329,6.209,6.558,6.236,6.456,6.217,6.239,6.177,6.146,6.179,6.161,6.474,6.381,6.181,6.332,6.299,6.333,6.561,6.405,5.944,6.299,6.792,6.332,6.446,6.634,6.446,6.434,6.428
neg_2018,PE(16:1/0:0),metab_3512,-,B(i),-,450.2628,6.7421,neg,M-H,C21H42NO7P,97.7,0,0.353219225830898,-,0.0450837837175,3.771,3.979,3.737,4.31,4.279,4.917,4.028,3.974,3.718,3.754,4.82,4.241,3.762,3.742,4.44,3.728,4.766,4.251,3.741,3.764,5.472,4.564,4.651,4.919,4.578,4.539,4.554
neg_2020,"2-Hydroxy-6-pentadecylbenzoic acid",metab_3515,LMPK15040002;HMDB0029683,B(ii),C10759,347.2589,6.7421,neg,M-H,C22H36O3,0,41.7,-0.713094845958474,16611-84-0,0.0485182032679,3.427,5.14,3.393,4.901,3.431,3.432,5.174,5.448,4.407,5.402,5.552,4.474,3.509,3.397,5.366,4.345,5.488,5.016,4.064,5.407,4.124,4.948,3.624,5.387,5.229,5.195,5.192
neg_2022,12-HETE,metab_3517,HMDB0062287;HMDB0244455;HMDB0006111;LMFA03060064;LMFA03060063;LMFA03060088,B(ii),C14777,319.2276,6.7421,neg,M-H,C20H32O3,0,90.5,-0.819987617525647,54397-83-0,0.0213682902044,4.63,6.413,4.873,6.262,5.365,5.009,6.096,5.646,5.953,5.684,6.549,5.522,5.024,4.587,6.339,6.191,6.577,6.237,5.658,6.503,5.564,6.229,5.13,6.507,6.248,6.245,6.23
neg_2028,13(S)-HpODE,metab_3522,HMDB0003871,B(i),C04717,311.2226,6.7341,neg,M-H,C18H32O4,36.3,0,-0.696603962049304,33964-75-9,0.0230302970159,5.493,5.769,5.545,5.795,5.498,6.104,5.596,5.396,5.506,5.375,5.81,5.373,5.479,5.294,5.425,5.686,5.94,5.682,5.671,5.534,5.971,5.477,5.331,5.8,5.75,5.748,5.731
neg_2029,"Lauric aldehyde",metab_3523,LMFA06000071;HMDB0033933,B(ii),C02278,229.1803,6.7341,neg,M+FA-H,C12H24O,0,41.6,-3.26676984793851,112-54-9,0.0400600380609,5.136,4.992,5.127,5.186,5.164,5.254,5.056,4.889,5.08,4.6,5.071,4.932,5.182,5.103,4.694,5.049,5.152,5.063,5.107,5.057,5.034,5.019,4.734,4.975,5.186,5.184,5.155
neg_2030,Beta-D-Glucosamine,metab_3525,HMDB0030091,B(ii),C08349,403.1581,6.7263,neg,2M+FA-H,C6H13NO5,0,38.6,3.31440138120533,14257-69-3,0.272191752028,4.173,4.315,3.566,3.606,3.605,3.606,5.063,5.378,3.547,5.28,4.323,5.144,3.591,4.018,5.129,3.557,3.574,4.477,3.569,4.019,3.585,3.588,3.808,3.543,4.775,4.772,4.546
neg_2035,"Capric acid",metab_3530,PW_C000391;LMFA01010010;HMDB0000511,B(ii),C01571,209.094,6.7263,neg,M+K-2H,C10H20O2,0,69,-5.31858790243911,334-48-5,0.0178244173866,5.6,5.541,5.556,5.608,5.596,5.611,5.547,5.518,5.48,5.463,5.497,5.5,5.585,5.521,5.467,5.511,5.563,5.582,5.551,5.555,5.511,5.517,5.484,5.494,5.613,5.623,5.607
neg_2049,1-Methoxy-4-(2-propenyl)benzene,metab_3543,HMDB0034121,B(ii),C10452,193.0861,6.6472,neg,M+FA-H,C10H12O,0,57.7,-6.16687707522313,140-67-0,0.0257246669816,5.307,5.273,5.207,5.285,5.33,5.269,5.249,5.203,5.181,5.122,5.194,5.166,5.269,5.211,5.103,5.197,5.244,5.248,5.244,5.222,5.172,5.115,5.106,5.216,5.326,5.323,5.305
neg_2051,13(S)-HpOTrE,metab_3546,HMDB0301803,B(i),C04785,309.207,6.6392,neg,M-H,C18H30O4,32.5,0,-0.450917947597849,67597-26-6,0.0191301079204,4.399,4.619,4.383,4.682,4.583,5.021,4.723,4.631,4.307,4.532,4.83,4.227,4.442,4.24,4.528,4.662,4.846,4.706,4.637,4.388,5.317,4.512,4.692,4.721,4.796,4.788,4.779
neg_2052,"2-Decyl-3-Hydroxypentanedioic Acid",metab_3547,-,B(i),-,269.1756,6.6392,neg,M-H2O-H,C15H28O5,33.7,0,-0.920198735152408,-,0.0168982441222,5.091,4.944,5.106,4.999,5.177,5.273,5.09,4.888,5.521,4.766,4.967,5.004,5.12,5.081,4.741,5.118,4.962,4.979,5.064,5.063,5.063,5.172,4.781,4.951,5.201,5.198,5.187
neg_2058,"Myristic acid",metab_3552,HMDB0000806;LMFA01010014;PW_C000643,B(ii),C06424,265.1568,6.6234,neg,M+K-2H,C14H28O2,0,39.1,-3.38498054908924,544-63-8,0.0171964208264,4.459,3.949,4.438,3.758,4.697,4.493,4.567,4.458,4.265,4.211,4.394,0.03,4.422,2.425,3.829,4.206,4.335,4.451,4.191,4.379,4.016,3.836,4.018,3.538,4.855,4.84,4.849
neg_2059,Dinoterb,metab_3553,-,B(i),C18671,239.0668,6.6234,neg,M-H,C10H12N2O5,49.8,0,-2.24938978517274,1420-07-1,0.00848116204725,5.247,5.076,5.158,5.19,5.253,5.226,5.182,5.157,5.098,5.026,5.105,5.038,5.219,5.115,5.064,5.091,5.114,5.167,5.157,5.209,5.137,5.111,5.09,5.113,5.272,5.272,5.265
neg_2077,"PE-NMe(20:2(11Z,14Z)/18:0)",metab_3570,HMDB0113342;PW_C059466,B(ii),C01241,830.5934,6.5196,neg,M+FA-H,C44H84NO8P,0,80.8,2.20284404512735,-,0.108233841235,6.422,6.573,6.462,6.122,6.296,6.405,6.385,6.347,6.434,6.347,6.162,6.403,6.402,6.641,6.44,5.986,6.237,6.338,6.542,6.47,6.387,6.476,6.39,6.215,6.199,6.285,6.282
neg_2079,"PE-NMe2(16:0/18:2(9Z,12Z))",metab_3572,HMDB0113943;PW_C059959,B(ii),C04308,742.5406,6.5196,neg,M-H,C41H78NO8P,0,79.8,1.77832972223288,-,0.0121212372718,6.145,5.989,5.907,6.165,6.308,6.086,6.151,6.051,5.909,5.847,5.978,5.776,6.272,5.993,5.802,6.032,6.17,6.225,6.027,6.161,6.127,5.809,6.018,6,6.26,6.265,6.255
neg_2082,"LysoPC(20:4(5Z,8Z,11Z,14Z)/0:0)",metab_3576,HMDB0010395,B(ii),C04230,588.3316,6.5037,neg,M+FA-H,C28H50NO7P,0,76.6,1.62509953950781,60701-99-7,0.0209309382741,5.354,5.871,4.991,5.476,5.19,3.604,5.086,5.285,5.033,5.591,5.094,5.542,4.694,5.417,5.445,4.688,4.756,5.076,4.098,4.931,5.216,5.251,5.547,4.896,5.277,5.263,5.26
neg_2086,PE(18:2/0:0),metab_3580,-,B(i),-,476.2785,6.4722,neg,M-H,C23H44NO7P,95.5,0,0.509432360401978,-,0.034164774858,4.834,5.256,4.832,5.131,4.851,4.962,5.21,5.347,4.524,5.465,5.452,5.491,4.61,5.304,5.53,5.262,5.211,5.204,4.427,5.229,5.318,5.164,5.335,5.338,5.289,5.265,5.262
neg_2098,"LysoPE(22:6(4Z,7Z,10Z,13Z,16Z,19Z)/0:0)",metab_3593,HMDB0011526,B(ii),-,524.2793,6.4076,neg,M-H,C27H44NO7P,0,34,1.93840861960464,-,0.0189364653784,5.681,6.004,5.655,5.863,5.733,5.53,5.864,5.892,5.65,5.979,5.919,5.933,5.565,5.765,5.961,5.889,5.799,5.807,5.477,5.771,6.034,5.818,5.861,5.962,5.883,5.871,5.868
neg_2100,N-Lauroylsarcosine,metab_3597,HMDB0255165,B(i),-,270.2072,6.4076,neg,M-H,C15H29NO3,31.1,0,-0.812938033636945,-,0.0309699597419,3.936,3.917,3.761,3.969,5.09,4.015,4.246,3.61,3.822,3.843,3.908,4.139,3.985,4.165,4.058,3.596,3.681,3.987,3.875,4.375,3.86,4.336,3.908,3.454,4.199,4.178,4.174
neg_2106,13(S)-HODE,metab_3603,-,B(i),C14762,295.2275,6.3836,neg,M-H,C18H32O3,68.8,0,-1.15107450080208,-,0.0130102362905,4.752,5.435,4.94,5.57,5.269,5.767,5.529,5.127,5.025,5.254,5.866,5.174,4.765,4.733,5.51,5.776,5.849,5.516,5.323,5.861,5.441,5.659,5.031,5.741,5.574,5.571,5.563
neg_2111,5-KETE,metab_3608,HMDB0246835;HMDB0010217;PW_C006229,B(ii),C14732,317.212,6.3436,neg,M-H,C20H30O3,0,49.6,-0.830380572071199,126432-17-5,0.0159812711895,2.935,5.039,2.901,4.659,3.648,2.94,4.787,4.502,4.431,4.679,5.022,3.984,2.925,2.905,5.136,4.714,4.76,4.81,3.916,5.036,4.768,4.82,4.224,4.813,4.734,4.725,4.721
neg_2113,"LysoPA(22:4(7Z,10Z,13Z,16Z)/0:0)",metab_3610,HMDB0114752,B(ii),-,531.2732,6.3356,neg,M+FA-H,C25H43O7P,0,77.9,0.816092138205019,-,0.0372127998355,5.453,5.311,5.828,5.351,5.49,5.642,4.094,5.29,5.649,5.232,5.674,5.526,5.342,5.194,5.339,5.65,5.272,5.125,5.467,4.934,5.657,5.836,5.393,5.489,3.822,3.819,3.793
neg_2122,"3beta-Hydroxypregna-5,16-dien-20-one",metab_3620,HMDB0303027;LMST02030164,B(ii),C06392,359.2226,6.2956,neg,M+FA-H,C21H30O2,0,50.3,-0.478592166888241,-,0.0266495647485,3.123,5.902,3.09,5.699,3.128,4.175,5.167,4.795,5.133,4.902,5.873,3.977,3.741,3.094,5.844,5.219,5.815,5.376,4.774,5.83,5.231,5.645,4.544,5.711,5.493,5.475,5.471
neg_2126,L-a-Lysophosphatidylserine,metab_3624,-,B(i),-,524.2996,6.2716,neg,M-H,C24H48NO9P,80.6,0,0.465421355894859,-,0.0884565697094,5.403,6.007,5.609,5.619,5.262,5.225,5.343,5.197,6.15,6.443,5.929,6.354,5.657,6.002,5.599,5.767,6.519,6.124,5.87,6.152,5.654,5.948,5.894,5.818,6.131,6.186,6.114
neg_2129,9(S)-HpODE,metab_3627,HMDB0006940,B(i),C14827,311.2225,6.2716,neg,M-H,C18H32O4,76.2,0,-0.751599560795027,29774-12-7,0.0172139155134,5.235,5.818,5.273,5.796,5.429,6.307,5.689,5.452,5.293,5.521,5.983,5.28,5.264,5.213,5.642,5.825,5.926,5.613,5.707,5.727,6.248,5.675,5.522,5.893,5.806,5.795,5.791
neg_2136,LysoPI(16:0/0:0),metab_3635,HMDB0061695,B(ii),-,571.2897,6.247,neg,M-H,C25H49O12P,0,67.3,1.39162586054485,1425501-12-7,0.0291457731377,5.097,6.087,5.489,5.435,5.001,5.3,5.113,5.531,6.232,6.491,5.774,6.397,5.226,6.014,5.412,5.695,6.386,5.868,5.904,6.044,5.506,6.048,6.344,5.994,6.093,6.11,6.085
neg_2139,"10-Hydroxydecanoic Acid",metab_3638,HMDB0244272;MJDBOTE0001753,B(i),C02774,187.1331,6.247,neg,M-H,C10H20O3,43.3,0,-4.73950460486299,1679-53-4,0.00819504141233,4.715,4.6,4.748,4.762,4.741,4.849,4.739,4.717,4.701,4.538,4.642,4.636,4.747,4.798,4.649,4.767,4.689,4.754,4.762,4.715,4.73,4.743,4.573,4.645,4.789,4.785,4.782
neg_2168,"Ethyl Myristate",metab_3669,HMDB0034153,B(i),-,255.2325,6.1831,neg,M-H,C16H32O2,75.8,0,-1.75961411528166,124-06-1,0.0167244944316,5.901,5.942,5.904,5.934,5.87,5.891,5.856,5.865,5.959,5.921,5.901,5.883,5.798,5.922,5.884,5.951,5.869,5.846,5.898,5.853,5.778,5.86,5.812,5.797,5.884,5.882,5.87
neg_2173,Anethole,metab_3675,HMDB0030837;MJDBOTE0001677,B(ii),C10428,193.0861,6.1665,neg,M+FA-H,C10H12O,0,40.8,-6.22525714340042,4180-23-8;104-46-1;4180-23-8,0.0177261442239,5.193,5.184,5.172,5.189,5.194,5.189,5.145,5.148,5.151,5.132,5.111,5.086,5.141,5.143,5.121,5.163,5.169,5.139,5.197,5.153,5.126,5.12,5.092,5.117,5.219,5.208,5.205
neg_2187,"4-Decan-4-Ylbenzenesulfonic Acid",metab_3690,-,B(i),-,297.1527,6.1425,neg,M-H,C16H26O3S,83.7,0,-0.933971390906389,-,0.013804608338,6.283,6.157,6.156,6.198,6.102,6.131,6.153,6.1,6.057,6.095,6.019,6.268,6.19,6.106,6.247,6.041,6.062,6.072,6.158,6.048,6.241,6.081,6.083,6.081,5.936,5.927,5.924
neg_2189,"Senkyunolide N",metab_3692,HMDB0302272,B(ii),-,207.1019,6.1425,neg,M-H2O-H,C12H18O4,0,55.6,-3.36317183332338,-,0.00905939716963,4.641,4.647,4.566,4.639,4.666,4.689,4.682,4.648,4.59,4.604,4.67,4.501,4.675,4.557,4.603,4.578,4.694,4.704,4.631,4.698,4.861,4.667,4.635,4.662,4.722,4.725,4.717
neg_219,Uridine,metab_3693,PW_C000202;HMDB0000296;MJDBOTE0000788,B(i),C00299,243.0618,1.3007,neg,"M-H, M+FA-H",C9H12N2O6,41.9,0,-1.96704402166709,58-96-8,0.0131583641669,5.714,5.861,5.17,5.534,5.477,5.046,5.48,5.759,5.469,5.826,5.383,5.688,5.367,5.506,5.757,5.3,5.54,5.548,5.201,5.655,5.712,5.489,5.628,5.609,5.631,5.629,5.62
neg_2198,"P-Menthane-3,8-diol",metab_3702,LMPR0102090063;HMDB0035595;HMDB0036145,B(ii),C02904,209.094,6.1265,neg,M+K-2H,C10H20O2,0,52.2,-5.16396222066034,91739-72-9;42822-86-6;565-50-4,0.00442733205511,5.452,5.418,5.416,5.451,5.472,5.454,5.441,5.408,5.426,5.398,5.374,5.349,5.43,5.419,5.391,5.412,5.438,5.43,5.441,5.451,5.44,5.404,5.408,5.386,5.495,5.495,5.492
neg_22,PG(16:0/18:1(11Z)),metab_3704,PW_C006581;LMGP04010008;HMDB0010573,B(ii),C00344,747.5196,6.9247,neg,"M-H, M+Na-2H, M+FA-H",C40H77O10P,0,53.4,1.95360133192708,1177673-26-5,0.0124149375145,8.761,8.763,8.743,8.723,8.74,8.79,8.747,8.732,8.797,8.755,8.717,8.732,8.777,8.843,8.779,8.754,8.778,8.779,8.78,8.737,8.728,8.76,8.802,8.807,8.786,8.782,8.793
neg_2204,"Diethyl Phthalate",metab_3710,HMDB0094660,B(i),C14175,221.0812,6.1105,neg,M-H,C12H14O4,70.8,0,-3.131950174687,84-66-2,0.00743954731416,4.515,4.489,4.445,4.555,4.992,4.609,4.659,4.449,4.461,4.499,4.526,4.54,4.6,4.604,4.474,4.499,4.909,4.616,4.537,4.985,4.559,4.588,4.564,4.503,4.657,4.656,4.651
neg_2205,"9,10,13-TriHOME",metab_3711,HMDB0004710,B(ii),C14835,329.2331,6.1025,neg,M-H,C18H34O5,0,81.2,-0.62685564398204,29907-57-1,0.014836162948,5.479,5.829,5.575,5.844,5.567,6.189,5.805,5.664,5.557,5.69,5.959,5.561,5.485,5.526,5.84,5.884,5.927,5.715,5.814,5.899,6.059,5.853,5.636,5.952,5.853,5.844,5.841
neg_2207,"3-Methylsuberic acid",metab_3713,HMDB0059783;LMFA01030981,B(ii),-,169.086,6.1025,neg,M-H2O-H,C9H16O4,0,36.2,-5.42011642045211,-,0.0148099918061,4.121,4.17,4.05,4.09,4.133,4.575,4.134,4.268,4.065,4.326,4.296,4.343,4.081,4.17,4.233,4.165,4.318,4.216,4.111,4.258,4.897,4.27,4.367,4.325,4.359,4.35,4.346
neg_2212,Brincidofovir,metab_3716,HMDB0249384,B(ii),-,596.3216,6.0786,neg,M+Cl,C27H52N3O7P,0,75.5,-3.68878621394039,-,0.019217211309,1.774,2.166,1.741,1.78,1.779,4.929,3.292,1.77,2.452,2.775,3.721,2.894,1.765,2.058,1.724,3.334,4.087,1.836,1.744,1.767,5.442,4.108,4.025,3.72,4.002,4.018,4.015
neg_2258,"Hippuric Acid",metab_3765,HMDB0000714;MJDBOTE0000525,B(i),C01586,178.05,5.9279,neg,M-H,C9H9NO3,73.4,0,-5.24333266212349,495-69-2,0.0147847508773,4.616,4.583,4.644,4.644,4.694,4.751,4.633,4.594,4.286,4.497,4.607,4.609,4.613,4.387,4.562,4.803,4.626,4.516,4.685,4.69,4.806,4.44,4.432,4.793,4.679,4.677,4.667
neg_2262,"12R-hydroxy-5Z,8Z,12Z-eicosatrienoic acid",metab_3770,LMFA03050012;HMDB0062290,B(ii),-,343.2233,5.9124,neg,M+Na-2H,C20H34O3,0,44.6,-6.83818086763493,-,0.0103686666714,5.294,5.256,5.236,5.325,5.304,5.344,5.261,5.263,5.253,5.245,5.24,5.176,5.249,5.274,5.265,5.277,5.271,5.3,5.288,5.27,5.279,5.227,5.235,5.213,5.312,5.315,5.306
neg_2284,4-Nitrophenol,metab_3794,HMDB0041950;HMDB0001232;MJDBOTE0000622,B(i),C00870;C06813,138.0185,5.5412,neg,M-H,C6H5NO3,48.1,0,-8.44465348967301,98-95-3;100-02-7,0.00607647252448,4.822,4.846,4.849,4.835,4.831,4.864,4.82,4.701,4.742,4.763,5.047,4.721,4.828,4.769,4.7,4.755,4.834,4.777,4.779,4.836,4.792,4.799,4.775,4.817,4.88,4.884,4.879
neg_23,"PG(18:1(9Z)/22:6(4Z,7Z,10Z,13Z,16Z,19Z))",metab_3810,PW_C006652;LMGP04010043;HMDB0010644,B(ii),C00344,819.5198,6.9723,neg,"M-H, M+FA-H, M+Na-2H",C46H77O10P,0,54,2.03417086029984,-,0.0546281289634,7.422,7.469,7.359,7.472,7.446,7.478,7.388,7.413,7.393,7.372,7.452,7.516,7.663,7.604,7.412,7.475,7.602,7.528,7.518,7.422,7.48,7.466,7.443,7.493,7.538,7.576,7.534
neg_2346,Acetyl-DL-Leucine,metab_3861,HMDB0011756,B(i),C02710,172.0969,3.5328,neg,M-H,C8H15NO3,36.8,0,-5.76067548956782,1188-21-2,0.00863899947139,4.996,5.031,4.903,4.985,5.021,4.986,4.959,4.977,4.91,5.014,4.949,4.946,4.93,4.97,5.059,4.934,5.069,4.939,4.988,5.012,4.957,5.01,5.067,4.983,5.029,5.027,5.034
neg_2357,"P-Toluenesulfonic Acid",metab_3873,HMDB0059933,B(i),C06677,171.0111,3.296,neg,M-H,C7H8O3S,39,0,-5.87167393971172,104-15-4,0.0188871513772,5.095,5.01,5.015,5.091,5.159,5.115,5.015,5.019,5.049,5.034,5.165,5.045,5.1,5.038,5.119,5,5.028,5.033,5.053,5.062,5.053,5.089,5.066,5.102,5.096,5.094,5.109
neg_2385,2-(4-Nitrobenzylidene)malononitrile,metab_3903,HMDB0245723;HMDB0029952,B(ii),C06397,397.0727,3.0518,neg,2M-H,C10H5N3O2,0,47.6,8.99327448111226,1961-73-5,0.0237656371913,5.052,5.006,4.999,5.065,5.054,5.072,4.973,4.888,5.005,4.959,4.922,4.971,5.003,5.001,4.983,5.024,5.004,5.01,5.037,4.988,4.958,5.002,4.96,4.969,5.015,5.013,5.032
neg_2422,L-Tryptophan,metab_3945,HMDB0000929;PW_C000741;MJDBOTE0000426,B(i),C00078,203.0818,3.0003,neg,M-H,C11H12N2O2,70.7,0,-3.9491555447897,73-22-3,0.0134971038467,5.172,4.901,4.29,4.642,4.676,2.652,5.021,5.482,4.774,5.504,5.022,5.324,4.687,5.203,5.535,4.688,4.523,5.131,4.587,5.309,4.829,5.019,5.195,4.952,5.027,5.037,5.038
neg_2440,Aspartyl-Isoleucine,metab_3965,HMDB0028756,B(ii),-,245.1139,2.7563,neg,M-H,C10H18N2O5,0,48.5,-1.7902878505995,-,0.0108310658089,4.715,4.23,4.024,4,4.179,3.034,4.629,5.022,3.413,5.037,4.74,4.913,4.316,4.86,5.142,4.718,4.506,4.673,4.499,5.018,4.092,4.604,4.594,4.751,4.706,4.716,4.712
neg_2449,Xanthosine,metab_3973,HMDB0000299;PW_C000203;MJDBOTE0001063,B(i),C01762,283.0682,2.6703,neg,M-H,C10H12N4O6,69.2,0,-0.86867562814629,146-80-5,0.00537722033353,3.74,3.196,2.762,2.802,2.801,2.802,5.141,5.824,2.743,6.116,5.581,6.032,3.64,5.013,6.074,3.088,4.563,5.285,3.799,5.719,5.057,4.878,4.882,4.986,5.425,5.423,5.427
neg_2450,Gly-Ile,metab_3975,HMDB0028844,B(i),-,187.1079,2.6703,neg,M-H,C8H16N2O3,55.5,0,-4.70221765112953,-,0.00290678781075,3.4,2.516,2.504,2.544,2.543,3.628,3.679,4.019,2.485,4.558,3.614,4.923,2.791,3.439,4.259,2.905,2.512,3.285,2.507,4.32,4.103,3.812,3.422,2.925,3.991,3.989,3.99
neg_2478,5-(Hydroxyphenyl)-gamma-valerolactone-O-sulphate,metab_4004,HMDB0059993,B(ii),-,317.0335,2.1787,neg,M+FA-H,C11H12O6S,0,38.1,-0.522766038752877,-,0.00776265312783,5.728,5.718,5.715,5.718,5.734,5.724,5.689,5.664,5.703,5.63,5.657,5.629,5.682,5.694,5.648,5.697,5.712,5.683,5.696,5.668,5.655,5.649,5.66,5.66,5.732,5.73,5.726
neg_2499,Triclofos,metab_4027,HMDB0259185,B(ii),C07165,500.7848,1.8987,neg,2M+FA-H,C2H4Cl3O4P,0,32,8.88362722830282,306-52-5,0.00782394229947,6.008,5.996,6.008,6.03,6.062,6.014,5.958,5.924,6.015,5.898,5.958,5.918,5.978,5.957,5.909,5.99,5.994,5.966,6.013,5.959,5.915,5.924,5.945,5.957,5.997,5.997,5.991
neg_2523,Guanosine,metab_4055,PW_C000087;HMDB0000133;MJDBOTE0000372,B(i),C00387,282.0841,1.7087,neg,M-H,C10H13N5O5,76.6,0,-0.967381362970416,118-00-3,0.0566229394772,4.627,4.662,3.645,4.498,4.06,4.177,4.116,4.35,4.19,4.395,3.569,3.904,4.297,3.969,3.475,3.828,4.135,4.158,3.103,4.172,5.279,4.545,4.395,4.07,4.411,4.37,4.367
neg_2525,"5'-Guanylic Acid",metab_4057,HMDB0001397;MJDBOTE0000666,B(i),C00144,362.0507,1.6847,neg,M-H,C10H14N5O8P,43.2,0,-0.0533878946997734,85-32-5,0.0122640353587,4.803,4.898,4.216,4.707,4.473,4.375,4.696,4.953,4.21,5.134,4.767,4.881,4.441,4.753,4.911,4.157,4.678,4.766,3.919,4.939,5.12,4.883,4.855,4.711,4.841,4.834,4.831
neg_2596,Uridine-5'-Monophosphate,metab_4134,HMDB0000288;MJDBOTE0000717,B(i),C00105,323.0284,1.0768,neg,M-H,C9H13N2O9P,53.5,0,-0.708282399017678,58-97-9,0.0152318919715,5.307,5.506,4.873,5.277,5.026,5.244,5.336,5.549,4.745,5.745,5.156,5.49,5.186,5.075,5.24,4.822,5.178,5.405,4.582,5.304,6.024,5.668,5.567,5.077,5.448,5.439,5.435
neg_2630,N-acetylaspartate,metab_4172,HMDB0000812,B(i),C01042,174.0398,0.997,neg,M-H,C6H9NO5,30.8,0,-5.6678447862814,997-55-7,0.0227310467678,4.959,4.754,4.38,4.451,4.689,4.104,4.418,4.647,4.585,4.605,4.503,4.886,4.6,4.856,4.909,4.403,4.139,4.383,4.479,4.873,5.211,4.66,4.912,4.612,4.755,4.768,4.749
neg_265,Selumetinib,metab_4193,HMDB0304858,B(ii),-,500.9948,3.0518,neg,"M+Cl, M+FA-H",C17H15BrClFN4O3,0,40.7,-7.55504886271021,-,0.0186751091994,5.816,5.794,5.786,5.803,5.831,5.781,5.771,5.731,5.741,5.707,5.708,5.696,5.761,5.757,5.667,5.758,5.778,5.743,5.786,5.731,5.728,5.726,5.729,5.717,5.809,5.797,5.794
neg_2745,Trehalose,metab_4284,HMDB0000975;PW_C000776,B(i),C01083,377.0855,0.631,neg,M+Cl,C12H22O11,95,0,-0.255786000115465,99-20-7,0.0410939171517,5.106,5.043,5.073,5.267,5.617,5.34,4.615,4.618,4.579,4.907,6.569,5.293,3.943,4.936,5.217,5.963,4.631,4.683,4.477,4.48,3.775,4.583,4.547,5.429,5.462,5.459,5.429
neg_2746,"N-Acetylneuraminic Acid",metab_4285,HMDB0000230;HMDB0000773;PW_C000155;HMDB0246275;MJDBOTE0001105,B(i),C19910;C00270;C19909,308.0985,0.631,neg,M-H,C11H19NO9,88.8,0,-0.695700636964114,131-48-6;21646-00-4;19342-33-7,0.029323441712,4.847,4.866,4.363,4.592,4.836,4.059,4.575,5.004,4.803,5.143,5.169,5.378,4.316,5.182,5.399,4.022,4.763,4.99,4.695,5.279,4.48,4.96,5.244,4.946,5.038,5.029,5.012
neg_2755,Sedoheptulose,metab_4293,HMDB0003219,B(ii),C02076;C08355,245.0427,0.607,neg,M+Cl,C7H14O7,0,54.2,-3.33034319662239,3019-74-7;470-46-2,0.00631777090325,5.814,5.702,5.135,5.366,5.518,4.307,5.378,5.73,5.542,5.632,5.71,5.696,5.268,5.801,5.99,5.321,5.604,5.598,5.421,5.658,5.485,5.254,5.701,5.687,5.612,5.611,5.607
neg_283,"Azelaic Acid",metab_4373,LMFA01170054;HMDB0000784;MJDBOTE0000344,B(i),C08261,187.0967,5.7047,neg,"M-H, M+Na-2H",C9H16O4,92,0,-4.77965950700955,123-99-9,0.00526440826544,5.822,5.84,5.853,5.89,5.949,6.029,5.929,5.859,5.878,5.808,5.875,5.923,5.847,5.893,5.875,5.878,5.892,5.872,5.888,5.905,6.041,5.973,5.914,5.859,5.937,5.935,5.933
neg_2898,Tolmetin,metab_4441,PW_C009003;HMDB0014643,B(ii),C07149,302.1008,0.5606,neg,M+FA-H,C15H15NO3,0,40.6,-9.98418321545796,26171-23-3,0.020136860886,4.459,4.081,3.886,4.062,4.078,3.426,4.313,4.377,4.35,4.017,4.848,4.557,3.6,4.673,5.131,4.176,4.795,4.585,4.677,4.298,3.406,3.579,4.444,4.578,4.467,4.459,4.45
neg_304,"Traumatic acid",metab_4587,HMDB0000933;LMFA01170002,B(ii),C16308,227.1283,6.1425,neg,"M-H2O-H, M-H",C12H20O4,0,50.7,-2.51496261336171,6402-36-4,0.0195469480064,4.757,4.791,4.772,4.821,4.954,5.153,4.89,4.879,4.736,4.869,4.964,4.749,4.812,4.706,4.857,4.877,4.993,4.902,4.832,4.86,5.524,4.964,4.965,5.024,5.012,5.009,4.996
neg_3182,"1-Hydroxy-2,5-dioxopyrrolidine-3-sulfonic acid",metab_4740,HMDB0243897,B(ii),-,175.9678,0.4419,neg,M-H2O-H,C4H5NO6S,0,42.9,9.53673331158775,-,0.0274005231468,4.281,4.257,4.28,4.267,4.328,4.416,4.153,4.181,4.218,4.066,4.227,3.734,4.217,4.311,4.07,4.282,4.257,4.099,4.323,4.139,4.229,4.173,4.181,4.247,4.293,4.292,4.271
neg_325,12(R)-HETE,metab_4813,PW_C040453,B(i),C14822,319.2276,6.4076,neg,"M-H2O-H, M-H",C20H32O3,68.4,0,-0.81093941885482,-,0.0152698079349,4.142,5.902,4.335,5.701,4.908,4.478,5.678,5.267,5.406,5.422,6.062,5.105,4.432,4.028,5.947,5.712,5.848,5.634,5.16,6.041,5.163,5.764,4.782,5.9,5.672,5.668,5.659
neg_333,"PE(18:1(9Z)-O(12,13)/22:2(13Z,16Z))",metab_4865,HMDB0283981,B(ii),-,810.5678,6.4156,neg,"M-H, M+Na-2H",C45H82NO9P,0,51.6,2.92021710545735,-,0.0929641033625,5.531,3.875,5.224,5.214,5.765,4.952,5.91,5.055,4.043,5.113,5.143,5.057,5.126,4.048,4.961,4.957,5.448,5.436,4.946,5.08,5.246,6.378,5.333,5.194,5.456,5.38,5.446
neg_347,"Bardoxolone methyl",metab_4880,HMDB0248872,B(ii),-,550.3157,6.7501,neg,"M+Na-2H, M+FA-H",C32H43NO4,0,41.2,-3.37468144309095,-,0.0805226038528,4.653,5.201,4.829,5.223,4.478,5.489,4.233,4.487,4.417,3.929,4.901,4.241,4.758,4.503,3.768,4.957,5.488,4.744,3.788,4.284,6.076,5.136,5.118,5.514,5.15,5.152,5.089
neg_348,"Arachidonic acid",metab_4881,HMDB0001043;LMFA01030001;PW_C000821,B(ii),C00219,303.2327,6.758,neg,"M-H, M+FA-H",C20H32O2,0,67.3,-0.90793434414726,506-32-1,0.0507094354532,6.879,6.929,6.652,6.661,6.57,5.366,7.291,7.378,6.662,7.337,6.883,7.193,6.736,6.863,7.304,6.515,6.852,7.036,6.556,7.006,6.464,6.476,6.824,6.779,7.253,7.25,7.213
neg_352,PE(16:0/18:1(9Z)),metab_4885,LMGP02010009;HMDB0008927;PW_C004975,B(ii),C00350,738.5098,6.7661,neg,"M+Na-2H, M+FA-H",C39H76NO8P,0,73,5.89460604390155,26662-94-2,0.016646063942,7.48,7.412,7.739,7.499,7.533,7.522,6.406,7.038,7.469,7.023,7.299,7.496,7.428,7.289,7.284,7.6,7.451,7.497,7.649,7.056,7.386,7.104,7.351,7.62,5.772,5.768,5.782
neg_372,"PG(16:0/18:2(9Z,12Z))",metab_4906,HMDB0010575;PW_C006583;LMGP04010983,B(ii),C00344,745.5043,6.9247,neg,"M-H, M+Na-2H",C40H75O10P,0,75,2.40414926483147,-,0.0207348219108,8.341,8.372,8.44,8.41,8.314,8.286,8.305,8.365,8.492,8.407,8.375,8.32,8.294,8.449,8.483,8.505,8.401,8.313,8.408,8.386,8.386,8.399,8.438,8.467,8.343,8.34,8.357
neg_394,PE(18:1(11Z)/18:0),metab_4930,PW_C005072;HMDB0009024,B(ii),C00350,790.5633,7.6449,neg,"M-H, M+FA-H",C41H80NO8P,0,62.9,3.97666503776227,-,0.0215219862463,6.157,5.534,6.021,6.024,6.224,6.044,6.198,6.141,5.694,5.842,5.841,5.774,6.304,5.611,5.895,5.849,6.224,6.202,5.964,6.248,6.266,5.81,6.094,6.004,6.276,6.294,6.291
neg_399,1-Heneicosanoyl-glycero-3-phosphoserine,metab_4935,LMGP03050026;HMDB0243883,B(ii),-,566.3472,7.6689,neg,"M-H, M+Na-2H",C27H54NO9P,0,61,1.5249538844811,-,0.0252512754378,5.716,5.973,5.246,5.618,5.448,4.854,5.596,5.879,5.292,5.974,5.66,5.856,5.271,5.685,5.931,5.315,5.445,5.651,4.822,5.511,5.754,5.514,5.874,5.498,5.684,5.667,5.664
neg_41,P-CHLOROPHENYLALANINE,metab_4948,HMDB0033261,B(i),-,198.0319,3.0438,neg,"M-H, M+Cl, M+FA-H",C9H10ClNO2,61.3,0,-4.30838067563871,101365-03-1,0.00404637981178,7.382,7.354,7.345,7.394,7.391,7.383,7.379,7.359,7.366,7.355,7.322,7.325,7.374,7.362,7.33,7.375,7.362,7.355,7.397,7.371,7.374,7.374,7.364,7.347,7.404,7.406,7.403
neg_45,PE-NMe(16:0/18:1(11Z)),metab_4992,HMDB0112961;PW_C057537,B(ii),C01241,776.5467,6.4236,neg,"M+Cl, M+FA-H, M+Na-2H",C40H78NO8P,0,66.3,2.71913646013281,-,0.0157220033243,8.314,8.012,8.194,8.165,8.385,8.192,8.282,8.236,8.046,8.118,8.157,8.046,8.343,8.018,8.107,8.045,8.226,8.3,8.119,8.263,8.26,8.019,8.216,8.27,8.346,8.359,8.356
neg_668,4-Aminophenylphosphorylcholine,metab_5230,HMDB0246359,B(ii),-,309.079,0.5288,neg,M+Cl,C11H19N2O4P,0,36.7,5.00395974884021,-,0.0210471617375,4.693,4.508,4.02,4.091,4.385,3.972,3.843,4.274,4.453,4.175,4.625,4.39,4.112,4.762,4.692,4.316,4.606,4.464,4.409,4.462,3.834,4.003,4.364,4.635,4.445,4.443,4.428
neg_790,Glycerophosphocholine,metab_5354,HMDB0008159;HMDB0008195;HMDB0008424;HMDB0008193;HMDB0008062;HMDB0008652;HMDB0008719;HMDB0008160;HMDB0008620;HMDB0007994;HMDB0011222;HMDB0008326;HMDB0008260;HMDB0011223;HMDB0007928;HMDB0008718;HMDB0007929;HMDB0008293;HMDB0008095;HMDB0008787;HMDB0008194;HMDB0008818;HMDB0008819;HMDB0008027;HMDB0008292;HMDB0008589;HMDB0008456;HMDB0008586;HMDB0008425;HMDB0008390;HMDB0008225;HMDB0008030;HMDB0008524;HMDB0008488;HMDB0007995;HMDB0008258;HMDB0011225;HMDB0008588;HMDB0008557;HMDB0008654;HMDB0007896;HMDB0008325;HMDB0008127;HMDB0008455;HMDB0008523;HMDB0008161;HMDB0000086;HMDB0007931;HMDB0008227;HMDB0008061;HMDB0008096;HMDB0008359;HMDB0008720;HMDB0008391;HMDB0008393;HMDB0007930;HMDB0008063;HMDB0011221;HMDB0008721;HMDB0008392;HMDB0011228;HMDB0008060;HMDB0008817;HMDB0008360;HMDB0008489;HMDB0008619;HMDB0008162;HMDB0008685;HMDB0008490;HMDB0008457;HMDB0007962;HMDB0008554;HMDB0008327;HMDB0011290;HMDB0007997;HMDB0008259;HMDB0008687;HMDB0011227;HMDB0007996;HMDB0008555;HMDB0008622;HMDB0008093;HMDB0008294;HMDB0008820;HMDB0008785;HMDB0008587;PW_C000059;HMDB0011226;HMDB0008357;HMDB0011224;HMDB0007895;HMDB0008228;HMDB0008358;HMDB0008491;HMDB0008521;HMDB0008653;HMDB0008786;HMDB0008226;HMDB0008556;HMDB0007963;HMDB0008621;HMDB0008423;HMDB0008458;HMDB0008784;HMDB0008291;HMDB0008422;HMDB0008128;HMDB0008261;HMDB0008753;HMDB0008094;MJDBOTE0000471,B(i),C00670,292.072,0.5913,neg,M+Cl,C8H20NO6P,81.3,0,-0.962584910990284,28319-77-9,0.0229333367115,5.087,4.583,4.492,4.668,4.679,2.987,5.389,5.557,4.634,5.376,5.391,5.454,4.768,5.102,5.795,4.956,5.291,5.33,5.155,5.354,4.208,4.722,5.109,5.248,5.249,5.257,5.237
neg_797,"Ribose 1-phosphate",metab_5361,PW_C001146;HMDB0001489,B(i),C00620,229.0113,0.607,neg,M-H,C5H11O8P,74.1,0,-2.58712481122037,14075-00-4,0.00848360838559,5.368,5.29,4.905,4.999,5.051,5.127,5.2,5.489,4.909,5.624,5.366,5.657,5.054,5.247,5.626,5.158,5.276,5.244,5.162,5.456,5.587,5.231,5.273,5.375,5.414,5.41,5.407
neg_913,Hypoxanthine,metab_5481,HMDB0000157;PW_C000102,B(i),C00262,135.0301,1.0528,neg,M-H,C5H4N4O,91.4,0,-8.43418162511805,68-94-0,0.0092077673197,5.239,5.526,5.017,5.175,5.27,4.814,4.974,5.144,5.189,4.946,5.14,4.88,5.029,5.18,5.079,5.425,5.192,4.981,5.271,5.218,4.882,4.899,5.131,5.421,5.211,5.207,5.203
neg_951,Oxypurinol,metab_5523,HMDB0000786,B(i),C07599,151.025,1.2046,neg,M-H,C5H4N4O2,85.9,0,-7.33439439191794,2465-59-0,0.00546635420358,5.717,5.945,5.295,5.711,5.522,5.123,5.812,6.028,5.53,5.961,5.947,5.835,5.522,5.809,6.022,5.496,5.786,5.796,5.511,6.034,5.82,5.718,5.855,5.919,5.846,5.843,5.841
neg_959,DL-m-Tyrosine,metab_5531,-,B(i),-,180.0657,1.3167,neg,M-H,C9H11NO3,62.4,0,-5.1846378882016,-,0.0122566919337,5.231,5.04,4.658,4.852,4.92,4.516,5.099,5.458,4.882,5.471,5.235,5.32,4.865,5.298,5.574,4.893,4.987,5.235,4.868,5.39,4.788,5.075,5.214,5.184,5.192,5.197,5.187
neg_981,"Adenosine 3'-monophosphate",metab_5556,HMDB0003540,B(i),C01367,346.0557,1.6767,neg,M-H,C10H14N5O7P,84.7,0,-0.257757918655316,84-21-9,0.0109364973617,4.774,5.357,4.114,4.762,4.629,4.386,4.566,4.823,4.723,4.976,4.751,4.655,4.446,4.714,4.798,4.314,4.734,4.807,4.12,4.878,4.854,4.753,4.719,4.813,4.829,4.833,4.823
