,Severe1,Severe2,Severe3,Severe4,Severe5,Severe6,Middle1,Middle2,Middle3,Middle4,Middle5,Middle6,Mild1,Mild2,Mild3,Mild4,Mild5,Mild6
ASV1,0.725223995,0.859174505,0.633764364,0.729542578,0.641656946,0.903452384,0.190042441,0.000620486,0.315405426,0.009009456,0.000694944,0.27720831,0,0,0,0,0,0.000173736
ASV2,0.053709265,0.003251346,0.066689831,0.046536447,0.072696136,0.004616416,0.104241642,0.11627907,0.120721749,0.243007123,0.155096672,0.08753816,0.122384652,0.137996079,0.15651138,0.196694051,0.106301655,0.174952223
ASV3,0.035491797,0.002382666,0.032116354,0.031297312,0.069246234,0.014519372,0.227172321,0.160184657,0.039661463,0.153135936,0.217467921,0.176962597,0.09771413,0.129805664,0.136978482,0.045568489,0.020823509,0.040753518
ASV4,0.025613661,0.003127249,0.029311757,0.053138418,0.054429029,0.006527512,0.106773225,0.008562706,0.093048075,0.034275645,0.154203172,0.076716885,0.208086173,0.168945918,0.069146956,0.099699685,0.058176764,0.175771264
ASV5,0.029113201,0.000843861,0.023677744,0.025588841,0.027475119,0.004095207,0.056762056,0.165694572,0.07649351,0.101784518,0.053535529,0.031148395,0.09061577,0.098210518,0.113896404,0.112804348,0.03008116,0.063537763
ASV6,0.027946688,0.002333027,0.024422328,0.015586607,0.022635328,0.00665161,0.073118066,0.087587799,0.060385694,0.084261994,0.097987144,0.062569805,0.078032315,0.078454245,0.094413144,0.080712814,0.028691271,0.061924499
ASV8,0.012881289,0.001216152,0.017373607,0.011590678,0.01015115,0.002432305,0.006453054,0.039587005,0.05571964,0.036807227,0.010300067,0.003400263,0.062594624,0.074061205,0.094090492,0.094760617,0.039289171,0.05792857
ASV7,0.010349706,0.000347472,0.010697178,0.008438609,0.016107816,0.000744583,0.025117272,0.021890745,0.023504008,0.049018391,0.028467896,0.021146162,0.019681815,0.035690353,0.024149314,0.044004865,0.020699412,0.039115435
ASV13,0.008885359,0.000819041,0.003648457,0.005882207,0.004814971,0.000967958,0.009853317,0.066789109,0.020749051,0.029708868,0.011441761,0.004566777,0.011962969,0.020997245,0.033258048,0.044302698,0.008016679,0.027202105
ASV463,0,0,0,0,0,0,0,0,0,0,0,0,0,0,0,0,0.358665707,0
ASV11,0.004641235,0.000471569,0.007991859,0.007172818,0.007644387,0.001141694,0.012930928,0.009158373,0.023181356,0.017646621,0.013501775,0.007023901,0.024993175,0.024645703,0.031495868,0.024893897,0.013526594,0.018440843
ASV10,0.006155221,0.000496389,0.006999082,0.006031124,0.007768484,0.000546028,0.012012608,0.014022983,0.011665136,0.026755355,0.018912412,0.009208012,0.013898886,0.017472885,0.016157455,0.023032439,0.011416942,0.020997245
ASV9,0.004914249,0.000223375,0.00352436,0.004591596,0.009853317,0.002258569,0.03094984,0.014866844,0.004666054,0.006874984,0.031173215,0.021692189,0.019930009,0.023330272,0.019135787,0.009605123,0.003251346,0.006974262
ASV14,0.003449902,0.00042193,0.006353776,0.004343402,0.004393041,0,0.00665161,0.00749547,0.010101512,0.003946291,0.009605123,0.005907026,0.023504008,0.019632176,0.035069867,0.026184508,0.012459358,0.011962969
ASV15,0.00354918,0.000223375,0.00307761,0.000645305,0.003698096,0.000347472,0.009158373,0.055943015,0.00883572,0.020600134,0.01017597,0.01062272,0.012955747,0.014072622,0.014022983,0.018813134,0.00352436,0.003027972
ASV12,0.00531136,0.000521208,0.004268943,0.002829416,0.006800526,0.000670125,0.010126331,0.015958899,0.004070388,0.023777022,0.017398426,0.010076692,0.007098359,0.009133553,0.004790152,0.008959817,0.003300985,0.00397111
ASV366,0.000297833,0,0,0,0,0,0,0,0,0.000794222,0.001886277,0.040356407,0,0,0,0,0,0.001017597
ASV16,0.001737361,0,0.002804597,0.004268943,0.003747735,0.000297833,0.005559554,0.014345636,0.0097044,0.003747735,0.002606041,0.003698096,0.012087067,0.014941302,0.018465662,0.012136705,0.00573329,0.008513067
ASV182,0.002730138,0.066069346,0.009505845,0,0,0.019954829,0.006750887,0,0,0,0,0.02385148,0,0,0,0,0,0
ASV180,0,0,0.011714775,0.002084833,0,0,0,0,0,0,0.015884441,0,0.026060411,0,0,0,0,0.045444392
ASV181,0,0,0.011416942,0,0,0,0,0,0,0,0.014122261,0,0.024620883,0,0,0,0.000719764,0.039016157
ASV19,0.003350624,0.000198556,0.003300985,0.002258569,0.002333027,0.000471569,0.005782929,0.005360999,0.010473803,0.015263955,0.007123179,0.004666054,0.008686804,0.01062272,0.013923705,0.013055025,0.002730138,0.005087985
ASV18,0.00354918,0,0.003052791,0.001861458,0.002333027,0.000471569,0.007470651,0.007867762,0.008711623,0.012881289,0.009505845,0.004666054,0.00749547,0.009406567,0.009555484,0.010895734,0.002506763,0.006105582
ASV184,0,0.055521084,0.008140776,0,0,0.018490482,0.004616416,0,0,0,0,0.018589759,0,0,0,0,0,0
ASV293,0,0,0,0,0,0,0,0,0,0,0,0.031644784,0,0,0,0,0,0.001737361
ASV183,0,0,0.009431387,0.001787,0,0,0,0,0,0,0.011764414,0,0.020525676,0,0,0,0,0.033779256
ASV112,0,0,0,0,0,0,0.008016679,0.006726068,0.005460276,0.012037428,0.007842943,0,0.005187263,0.009307289,0.007272096,0.01283165,0,0.008934998
ASV22,0.001588444,0,0.002308208,0.002159291,0.001811819,0.000794222,0.003027972,0.003226527,0.004740513,0.002258569,0.004293763,0.002382666,0.012062247,0.009083915,0.015437691,0.011243206,0.00531136,0.005410638
ASV464,0,0,0,0,0,0,0,0,0,0,0,0,0,0,0,0,0.103372962,0
ASV113,0.003127249,0,0.00352436,0.002754958,0,0,0.006949443,0.006328957,0.005261721,0.011764414,0,0,0.005063165,0.008339331,0.007172818,0.009431387,0.005534735,0.008488248
ASV17,0.002060013,0.000273014,0.003573999,0.001960736,0.002804597,0.000471569,0.00531136,0.00838897,0.00263086,0.015263955,0.009158373,0.007421012,0.005882207,0.00486461,0.001414708,0.001613264,0.001513986,0.001886277
ASV26,0.002382666,0,0.001787,0.001265791,0.001365069,0,0.006155221,0.00620486,0.00444268,0.006279318,0.008587526,0.005236902,0.005609193,0.007222457,0.007445832,0.006676429,0.002333027,0.005385818
ASV23,0.002308208,0,0.001464347,0.000694944,0.001588444,0.000273014,0.003449902,0.026904271,0.002754958,0.007892581,0.003747735,0.003573999,0.006502693,0.004666054,0.005162443,0.004591596,0.001365069,0.002556402
ASV28,0.001911097,7.45E-05,0.001985555,0.001538805,0.001216152,0.000173736,0.003648457,0.013973344,0.005261721,0.007644387,0.002705319,0.001662902,0.004814971,0.005931846,0.006105582,0.007669207,0.002382666,0.004244124
ASV25,0.001911097,0,0.001960736,0.000992778,0.00131543,0,0.005063165,0.006080762,0.003822194,0.00573329,0.006999082,0.004293763,0.004492318,0.00573329,0.005261721,0.005807749,0.001141694,0.003251346
ASV21,0.000694944,0.000124097,0.002010375,0.001414708,0.001836638,9.93E-05,0.001613264,0.001985555,0.004318582,0.001265791,0.002854235,0.001836638,0.007718845,0.006899804,0.012111886,0.008041498,0.004393041,0.003847013
ASV298,0,0,0,0,0,0,0,0,0,0,0,0.000124097,0,0,0,0.013427316,0,0.043409198
ASV20,0.001216152,0,0.000967958,0.000943139,0.001911097,0,0.002606041,0.002035194,0.002953513,0.004814971,0.002854235,0.002308208,0.002184111,0.004045568,0.002432305,0.004790152,0.002283388,0.003573999
ASV203,0,0,0.000173736,0,0,0,0.000794222,0.000248194,0,0,0,0,4.96E-05,0,0,0.000248194,0,0.009083915
ASV33,0,0,0.001737361,0.000794222,0.000744583,0,0.001191333,0.010399345,0.003400263,0.000546028,0.000248194,0.000496389,0.003127249,0.003648457,0.004963888,0.004144846,0.001687722,0.003201708
ASV185,0,0,0.003400263,0,0,0,0,0,0,0,0.004268943,0,0.007619568,0,0,0,0,0.01283165
ASV27,0.000918319,0,0,0.000819041,0.001240972,0,0.003822194,0.002035194,0.000620486,0.001141694,0.003921471,0.003152069,0.003251346,0.003946291,0.003226527,0.00176218,0,0.001216152
ASV31,0.000198556,0,0.000322653,0.008587526,0.001017597,0,0.002084833,0.004889429,0,0.000595667,0.005212082,0,0,0.000273014,0,0.003325805,0,0.000273014
ASV465,0,0,0,0,0,0,0,0,0,0,0,0,0,0,0,0,0.041001713,0
ASV24,0.000496389,9.93E-05,0.000620486,0.000918319,0.001365069,0.000297833,0.003400263,0.00131543,0.002060013,0.000397111,0.002804597,0.002010375,0.002481944,0.003400263,0.002159291,0.002109652,0.000794222,0.001365069
ASV35,0.000372292,2.48E-05,0.000595667,0.000198556,0.000670125,4.96E-05,0.001216152,0.005956665,0.001662902,0.002903874,0.001513986,0.00134025,0.001712541,0.002134472,0.002308208,0.002531583,0.000943139,0.001240972
ASV115,0,0,0,0,0,0,0,0.00486461,0.002184111,0.005162443,0,0.001389889,0.003772555,0.002333027,0.003003152,0.002606041,0,0.002581222
ASV466,0,0,0,0,0,0,0,0,0,0,0,0,0,0,0,0,0.031793701,0
ASV114,0,9.93E-05,0,0,0,0,0.002308208,0.008885359,0.001265791,0.002779777,0.001662902,0,0.002854235,0.002184111,0.001513986,0.001414708,0,0
ASV179,0,0,0.027524757,0,0,0,0,0,0,0,0,0,0,0,0,0,0,0
ASV29,0,0,0,0,0.001265791,0,0,0.003201708,0.000769403,0.003673277,0,0.001538805,0,0.001563625,0.001538805,0,0,0.000992778
ASV39,0.000397111,0,0.000223375,0.000148917,0.000273014,0,0.00131543,0.007594748,0.000719764,0.001290611,0.000794222,0.000967958,0.001240972,0.000967958,0.001092055,0.001166514,0,0.000397111
ASV32,0.000496389,0,0.000322653,0.000546028,0.00086868,0,0.001191333,0.000694944,0.001092055,0.001662902,0.002308208,0.001216152,0.000670125,0.001216152,0.000943139,0.000521208,0.001216152,0.00134025
ASV117,0,0,0,0,0,0,0.001067236,0.001464347,0.000992778,0.003201708,0.00134025,0,0,0.001563625,0.001588444,0.001886277,0.001042416,0.002581222
ASV46,0,0,0.000372292,0.000248194,0.000223375,0,0.000570847,0.003722916,0.001216152,0.000198556,0,0,0.00134025,0.001464347,0.001935916,0.002357847,0.000620486,0.000967958
ASV685,0,0,0,0,0,0,0,0.000297833,0.017621801,7.45E-05,0,0,0,0,0,0,0,0
ASV43,0.000223375,0,0,0.000223375,0.000248194,0,0.000620486,0.00352436,0.000769403,0.001116875,0.000496389,0.000347472,0.001141694,0.000967958,0.001265791,0.001613264,0.000297833,0.000496389
ASV119,0.000670125,0,0.000372292,0,0,0,0.001116875,0,0.000918319,0.001216152,0.001588444,0,0.00086868,0.000992778,0.00131543,0.000322653,0.001836638,0
ASV36,0.000347472,0,0.000297833,0.000645305,0.000471569,0.000148917,0.000967958,0.002804597,0.000397111,0.000769403,0.000670125,0.000521208,0.001042416,0.001141694,0.000670125,0.000719764,0,0.000248194
ASV88,0.000173736,0,0.000273014,0,7.45E-05,0,0.000570847,0.00352436,0.000347472,0.000694944,0.00044675,0.000570847,0.000769403,0.000595667,0.001141694,0.000744583,0.000397111,0.000546028
ASV41,0.00044675,0,0,0.000124097,0.000223375,0,0.000148917,0.008066318,0.000198556,0.000297833,0.000124097,4.96E-05,0.000397111,0.000620486,0.00042193,0,0,0
ASV646,0,0,0,0,0,0,0,0,0,0,0,0,0,0,0,0.003052791,0,0.009754039
ASV116,0,0,0,0,0,0,0.002035194,0,0,0,0.002357847,0.001687722,0,0.002258569,0,0,0,0
ASV467,0,0,0,0,0,0,0,0,0,0,0,0,0,0,0,0,0.01193815,0
ASV118,0,0,9.93E-05,0.000223375,0,4.96E-05,0.000198556,0.001290611,0.000670125,0.000124097,7.45E-05,0.000173736,0.000546028,0.001191333,0.001513986,0.000595667,0.000471569,0.000794222
ASV50,0.000297833,0,0.000273014,0,0.000198556,0,0.000471569,0.00220893,0.000273014,0.001265791,0.000248194,0.000471569,0.000595667,0.00086868,0.000570847,0.000322653,0,0.000198556
ASV60,0,0,0.000223375,0.000124097,0.000148917,0,0.000570847,0.000546028,0.000546028,0.000570847,0.000273014,0.000521208,0.000546028,0.000570847,0.000397111,0.000744583,0.000347472,0.000322653
ASV123,0,0,0.000819041,0,0,0,0.000273014,0.001638083,0.000595667,0.000521208,0,0.00042193,0.001017597,0.000521208,0.000521208,0,0.000248194,0.000819041
ASV30,0.000694944,0,0,0.000347472,0.001166514,0,0.001836638,0,0,0,0.002854235,0,0,0,0,0.001042416,0,0
ASV34,0,0,0,0.000223375,0.000670125,0,0.000744583,0.000694944,0,0,0.000744583,0.000769403,0.000273014,0.000719764,0,0.000173736,0.000843861,0.000694944
ASV578,0.000471569,0,0,0,0,0,0.000620486,0.001638083,0,0.001538805,0.002804597,0.001911097,0,0,0,0,0,0
ASV57,0,0,9.93E-05,0,0.000148917,2.48E-05,0.000595667,0.001265791,0.000248194,0.000223375,0.000223375,0.000223375,0.000570847,0.00044675,0.001092055,0.000694944,9.93E-05,0.000397111
ASV121,0.000546028,0,0,0,0,0,0,0,0.00220893,0,0.000918319,0,0.001240972,0.000670125,0.000794222,0.000992778,0,0
ASV584,0,0,0,0,0,0.000521208,0.000297833,0,0.002109652,0,0,0,0,0,0,0,0,0
ASV126,0.000223375,0,0,2.48E-05,0,0,0.000198556,0.000645305,0.000148917,0,0,0,0.00042193,0.00042193,0.000397111,0.000347472,0,0.000198556
ASV468,0,0,0,0,0,0,0,0,0,0,0,0,0,0,0,0,0.006477873,0
ASV40,0,0,0,0,0.000198556,0,0.001191333,0.000595667,0,0.000322653,0.000992778,0.000769403,0,0.000322653,0,0,0,0
ASV504,0.00265568,0,0,0,0,0,0,0,0.000694944,0.000273014,0,0,0,0,0.000148917,0,0.000198556,0
ASV297,0,0,0,0.000694944,0,0,0,0,0,0.002928694,0,0,0,0,0,0,0.000223375,0.000223375
ASV45,7.45E-05,0,0,0,0.000198556,0,0.000546028,0.000521208,0,0.000372292,0.000347472,0.000719764,0,0.000372292,0,0.000148917,0,0
ASV863,0,0,0,0,0,0,0,0,0.004889429,0,0,0,0,0,0,0,0,0
ASV56,7.45E-05,0,0,0,0.000124097,0,7.45E-05,0.000372292,0,0,0.000124097,0,0,9.93E-05,0.000397111,0.000248194,0.000124097,0
ASV469,0,0,0,0,0,0,0,0,0,0,0,0,0,0,0,0,0.00441786,0
ASV317,0,0,0,0,0,0,0.000496389,0,0,0,0.004666054,0,0,0,0,0,0,0
ASV736,0,0,0,0,0,0.004467499,0,0,0,0,0,0,0,0,0,0,0,0
ASV62,0,0,0,9.93E-05,0.000148917,0,0,0.000769403,9.93E-05,0.000372292,0.000248194,0,0,0.00042193,0.00044675,0.000521208,0,9.93E-05
ASV491,0,0,0,0.000273014,0,0,0,0.000595667,0.000347472,0.000620486,0.000694944,0,0,0,0.000670125,0,0.000297833,0
ASV792,0,0,0,0,0,0,0,0,0,0,0,0.004045568,0,0,0,0,0,0
ASV470,0,0,0,0,0,0,0,0,0,0,0,0,0,0,0,0,0.003350624,0
ASV139,0,0,4.96E-05,0,0,0,9.93E-05,0.001216152,0,0.000223375,0.000148917,0,0.000297833,9.93E-05,0.000273014,0.000248194,0.000198556,0
ASV864,0,0,0,0,0,0,0,0,0.003300985,0,0,0,0,0,0,0,0,0
ASV127,0,0,0,0,0,0,0,0.000744583,0.000198556,0,0,0,0.00042193,0.000397111,0.000322653,0.00044675,0.000173736,0
ASV294,0,0,0,0,0,0,0,0,0,0,0,0,0,0,0,0,0,0
ASV132,0,0,0,0,0,0,0,0.000694944,0.000173736,0.000198556,0.000124097,0.000124097,0.000297833,0.000248194,0.000124097,0.000297833,0,0
ASV122,0,0,0,0,0,0,0,0,0,0.000521208,0.001116875,0,0,0.000471569,0,0.000670125,0.000148917,0
ASV252,0,0,0,0,0,0,0,0.001166514,0.000372292,0,0,0,0.000744583,0,0,0,0,0
ASV55,0,0,0,0,0.000173736,0,0,0,0.000546028,0,0,0,0,0,0.000347472,0,0.000347472,0
ASV471,0,0,0,0,0,0,0,0,0,0,0,0,0,0,0,0,0.002779777,0
ASV683,0,0,0,0,0,0,0,0.00044675,0.000471569,0,0,0.000570847,0,0,0,0,0,0.001191333
ASV129,0,0,0,0,0,0,9.93E-05,4.96E-05,7.45E-05,0.000397111,0.000273014,0,0.000297833,0.000322653,0.000297833,7.45E-05,0,0.000322653
ASV84,0,0,7.45E-05,4.96E-05,7.45E-05,0,0,0.000347472,7.45E-05,0,0,0,0.000223375,0.000297833,0,0.000148917,0,0.000148917
ASV134,0,0,0,0,0,0,0,0.000496389,0,0.000496389,0,0.000223375,0.000248194,0.000173736,0.000198556,0.000645305,0,0
ASV135,0,0,0,0,0,0,0,0.000347472,0.000124097,0.000248194,0.000248194,0,0.000347472,0.000223375,0.000198556,0,0,0
ASV258,0,0,0,0,0,0,0,0.000546028,0,0.000124097,7.45E-05,9.93E-05,0.000248194,0,0.000322653,0.000223375,0,7.45E-05
ASV137,0,0,0,0,0,0,4.96E-05,0.000645305,2.48E-05,0.000173736,0,0,0,0.000173736,0.000173736,0.000198556,0,0.000198556
ASV186,0,0,0.000943139,0,0,0.001439527,0,0,0,0,0,0,0,0,0,0,0,0
ASV647,0,0,0,0,0,0,0,0,0,0,0,0,0,0,0,0.002084833,0,0
ASV124,0.000248194,0,0,0,0,0,0,0,0,0.001042416,0,0,0,0.000570847,0,0,0,0
ASV680,0,0,0,0,0,0,0,0.002357847,0,0,0,0,0,0,0,0,0,0
ASV255,0,0,0,0,0,0,0.000248194,0.000794222,0,0.000248194,0,0,0.00042193,0,0,0.000223375,0.000273014,0
ASV131,0.000124097,4.96E-05,0,0,0,0,4.96E-05,0.000124097,4.96E-05,0.000148917,0,0,0.000819041,0.000198556,0.000124097,0,0,0.000173736
ASV472,0,0,0,0,0,0,0,0,0,0,0,0,0,0,0,0,0.001886277,0
ASV66,9.93E-05,0,7.45E-05,0,9.93E-05,0,0,0.000273014,0.000273014,0.000198556,0,0,0.000148917,0.000124097,0.000124097,0.000198556,0,0
ASV369,0,0,0,0,0,0,0,0.001042416,0,0,0,0.000397111,0,0,0,0,0,0
ASV877,0,0,0,0,0,0,0,0,0.000198556,0,0,0,0,0,0,0,0,0
ASV473,0,0,0,0,0,0,0,0,0,0,0,0,0,0,0,0,0.001960736,0
ASV141,0,0,0,0,0,0,0,0.00042193,0,0,0,0,0,0.000124097,0.000595667,0.000347472,0,0
ASV1341,0,0,0,0,0,0,0,0,0,0,0.002258569,0,0,0,0,0,0,0
ASV474,0,0,0,0,0,0,0,0,0,0,0,0,0,0,0,0,0.001712541,0
ASV295,0,0,0,0,0,0,0,0,0,0,0,0,0,0,0,0,0,0
ASV475,0,0,0,0,0,0,0,0,0,0,0,0,0,0,0,0,0.001787,0
ASV1223,0,0,0,0,0,0,0,0,0,0,0,0,0,0,0,0,0,0
ASV1010,0,0,0,0,0,0,0,0,0,0.001563625,0,0,0,0,0,0,0,0
ASV296,0,0,0,0,0,0,0,0,0,0,0,0,0,0,0,0,0,0
ASV120,0,0,0,0,0,0,0,0,0,0,0,0,0,0.000670125,0,0,0,0
ASV130,0,2.48E-05,0,0,0,0,0,0,0,0.000397111,0,0,0,0.000273014,0,0,0.000248194,0
ASV374,0,0,0,0,0,0,0,0,0,0.000595667,0,0,0,0,0,0.000471569,0,0
ASV52,0.000347472,0,0,0.000148917,0.000198556,0,0.00042193,7.45E-05,0,0,0,0.000223375,0,0,0,0,0,0
ASV367,0,0,0,0,0,0,0,0,0,0,0,0,0,0,0,0,0,0
ASV476,0,0,0,0,0,0,0,0,0,0,0,0,0,0,0,0,0.001240972,0
ASV256,0,0,0,0,0,0,0,0.000595667,0,0,0,0,0.000297833,0,0,0.000173736,0,0.000124097
ASV160,0,0,0,0,0,0,0,0.000397111,0,0.000124097,7.45E-05,0,7.45E-05,9.93E-05,0.000124097,4.96E-05,0,0
ASV929,0,0,0,0.001116875,0,0,0,0,0,0,0,0,0,0,0,0,0,0
ASV155,0,0,9.93E-05,0,0,0,0,0,0,0.000148917,0,0,0.000173736,9.93E-05,0,0.000248194,0,9.93E-05
ASV89,0,0,0.000124097,0,4.96E-05,0,0,0,4.96E-05,0,0,0,0,0.000124097,0.000124097,0,0,0
ASV478,0,0,0,0,0,0,0,0,0,0,0,0,0,0,0,0,0.000843861,0
ASV477,0,0,0,0,0,0,0,0,0,0,0,0,0,0,0,0,0.000918319,0
ASV1342,0,0,0,0,0,0,0,0,0,0,0.001141694,0,0,0,0,0,0,0
ASV74,0,0,0,0,9.93E-05,0,0,0,0,0,0,4.96E-05,0,0.000173736,0.000124097,0,0,0
ASV479,0,0,0,0,0,0,0,0,0,0,0,0,0,0,0,0,0.000967958,0
ASV480,0,0,0,0,0,0,0,0,0,0,0,0,0,0,0,0,0.0008935,0
ASV1224,0,0,0,0,0,0,0,0,0,0,0,0,0,0,0,0,0,0
ASV109,0,0,9.93E-05,0,4.96E-05,0,0.000694944,0,0,0,0,0,0,0,0,0,0,0
ASV481,0,0,0,0,0,0,0,0,0,0,0,0,0,0,0,0,0.000744583,0
ASV1126,0,0,0,0,0,0,0,0,0,0,0,0,0,0,0.000794222,0,0,0
ASV482,0,0,0,0,0,0,0,0,0,0,0,0,0,0,0,0,0.000794222,0
ASV650,0,0,0,0,0,0,0,0.00044675,0,0,0,0,0,0,0,0.000322653,0,0
ASV577,0,0,0,0,0,0,0.000769403,0,0,0,0,0,0,0,0,0,0,0
ASV1271,0,0,0,0,0,0,0,0,0,0,0,0,0,0,0,0,0,0
ASV157,0.000124097,0,0,0,0,0,0,0.000322653,0,2.48E-05,0,0,0,7.45E-05,0,0,9.93E-05,0
ASV411,0,0,0,4.96E-05,0,0,9.93E-05,0,0,0.000124097,0,7.45E-05,0,0,0,0.000148917,0,0
ASV1011,0,0,0,0,0,0,0,0,0,0.000645305,0,0,0,0,0,0,0,0
ASV388,0,0,0,0,0,0,0.000124097,0,0,9.93E-05,7.45E-05,0,0,0,0,0,0,0
ASV405,0,0,0,0,0,0,0,7.45E-05,0,0,0,0.000521208,0,0,0,0,0,0
ASV368,0,0,0,0,0,0,0,0,0,0,0,0,0,0,0,0,0,0
ASV793,0,0,0,0,0,0,0,0,0,0,0,0.000670125,0,0,0,0,0,0
ASV579,0,0,0,0,0,0,0.000670125,0,0,0,0,0,0,0,0,0,0,0
ASV428,0,0,0,0,0,0,2.48E-05,7.45E-05,0,0.000173736,7.45E-05,0,0,0,0,0,0,0
ASV1055,0,0,0,0,0,0,0,0,0,0,0,0,0,0,0,0,0,0
ASV681,0,0,0,0,0,0,0,0.000570847,0,0,0,0,0,0,0,0,0,0
ASV930,0,0,0,0.000595667,0,0,0,0,0,0,0,0,0,0,0,0,0,0
ASV483,0,0,0,0,0,0,0,0,0,0,0,0,0,0,0,0,0.000570847,0
ASV271,0,0,0,0,0,0,0,0,0,2.48E-05,0,0,0.000124097,0,0,0,0,0
ASV261,0,0,0,0,0,0,0,0,0,0.000173736,0,0,0.000198556,0,0,0,0,0
ASV187,0,0,0.000546028,0,0,0,0,0,0,0,0,0,0,0,0,0,0,0
ASV125,0,0,0,0,0,0,0,0,0,0,0,0,0,0.00044675,0,0,0,0
ASV1013,0,0,0,0,0,0,0,0,0,0.000521208,0,0,0,0,0,0,0,0
ASV1012,0,0,0,0,0,0,0,0,0,0.00044675,0,0,0,0,0,0,0,0
ASV697,0,0,0,0,0,0,0,0.000124097,0,0,0,0,0,0,0,0,0,0
ASV1282,0,0,0,0,0,0,0,0,0,0,0.000322653,0,0,0,0,0,0,0
ASV1056,0,0,0,0,0,0,0,0,0,0,0,0,0,0,0,0,0,0
ASV1017,0,0,0,0,0,0,0,0,0,0.000372292,0,0,0,0,0,0,0,4.96E-05
ASV418,0,0,0,0,0,0,0,0,0,4.96E-05,0,0,0,0,0,0,0,0
ASV682,0,0,0,0,0,0,0,0.000521208,0,0,0,0,0,0,0,0,0,0
ASV253,0,0,0,0,0,0,0,0,0,0,0,0,0.000471569,0,0,0,0,0
ASV1015,0,0,0,0,0,0,0,0,0,0.000397111,0,0,0,0,0,0,0,0
ASV188,0,0,0.000521208,0,0,0,0,0,0,0,0,0,0,0,0,0,0,0
ASV1014,0,0,0,0,0,0,0,0,0,0.000471569,0,0,0,0,0,0,0,0
ASV1016,0,0,0,0,0,0,0,0,0,0.000546028,0,0,0,0,0,0,0,0
ASV370,0,0,0,0,0,0,0,0,0,0,0,0,0,0,0,0,0,0
ASV254,0,0,0,0,0,0,0,0,0,0,0,0,0.00042193,0,0,0,0,0
ASV1225,0,0,0,0,0,0,0,0,0,0,0,0,0,0,0,0,0,0
ASV485,0,0,0,0,0,0,0,0,0,0,0,0,0,0,0,0,0.000397111,0
ASV794,0,0,0,0,0,0,0,0,0,0,0,0.000471569,0,0,0,0,0,0
ASV189,0,0,0.00044675,0,0,0,0,0,0,0,0,0,0,0,0,0,0,0
ASV1343,0,0,0,0,0,0,0,0,0,0,0.000521208,0,0,0,0,0,0,0
ASV301,0,0,0,0,0,0,0,0,0,0,0,0.000223375,0,0,0,0,0,0
ASV484,0,0,0,0,0,0,0,0,0,0,0,0,0,0,0,0,0.000471569,0
ASV795,0,0,0,0,0,0,0,0,0,0,0,0.000372292,0,0,0,0,0,0
ASV684,0,0,0,0,0,0,0,0.000347472,0,0,0,0,0,0,0,0,0,0
ASV652,0,0,0,0,0,0,0,0,0,0,0,0,0,0,9.93E-05,0.000248194,0,0.000124097
ASV385,0,0,0,0,0,0,0,0,0,4.96E-05,0,0.000173736,0,0,0,0,0,0
ASV648,0,0,0,0,0,0,0,0,0,0,0,0,0,0,0,0.000372292,0,0
ASV630,0,0,0,0,0,0,2.48E-05,0,0,0,0,0,0,0,0,0,0,0
ASV595,0,0,0,0,0,0,0.000124097,0,0,0,0,0,0,0,0,0,0,0
ASV1344,0,0,0,0,0,0,0,0,0,0,0.000471569,0,0,0,0,0,0,0
ASV486,0,0,0,0,0,0,0,0,0,0,0,0,0,0,0,0,0.000347472,0
ASV796,0,0,0,0,0,0,0,0,0,0,0,0.000372292,0,0,0,0,0,0
ASV487,0,0,0,0,0,0,0,0,0,0,0,0,0,0,0,0,0.000397111,0
ASV737,0,0,0,0,0,0.00044675,0,0,0,0,0,0,0,0,0,0,0,0
ASV290,0,0,0,0,0,0,0,0,0,0,0,0,4.96E-05,0,0,0.000124097,0,0
ASV488,0,0,0,0,0,0,0,0,0,0,0,0,0,0,0,0,0.000347472,0
ASV988,0,0,0,0,0,0,0,0,0,4.96E-05,0,0,0,0,0,0,0,0
ASV299,0,0,0,0,0,0,0,0,0,0,0,0,0,0,0,0,0,0
ASV371,0,0,0,0,0,0,0,0,0,0,0,0,0,0,0,0,0,0
ASV797,0,0,0,0,0,0,0,0,0,0,0,0.000347472,0,0,0,0,0,0
ASV1272,0,0,0,0,0,0,0,0,0,0,0,0,0,0,0,0,0,0
ASV190,0,0,0.000297833,0,0,0,0,0,0,0,0,0,0,0,0,0,0,0
ASV1057,0,0,0,0,0,0,0,0,0,0,0,0,0,0,0,0,0,0
ASV649,0,0,0,0,0,0,0,0,0,0,0,0,0,0,0,0.000347472,0,0
ASV372,0,0,0,0,0,0,0,0,0,0,0,0,0,0,0,0,0,0
ASV1345,0,0,0,0,0,0,0,0,0,0,0.000397111,0,0,0,0,0,0,0
ASV979,0,0,0,0,0,0,0,0,0,0,0,0,0,0,0,0,0,0.000173736
ASV37,0,0,0,0,0.000397111,0,0,0,0,0,0,0,0,0,0,0,0,0
ASV580,0,0,0,0,0,0,0.000347472,0,0,0,0,0,0,0,0,0,0,0
ASV128,0,0,0,0,0,0,0,0,0,0,0,0,0,0.000297833,0,0,0,0
ASV1273,0,0,0,0,0,0,0,0,0,0,0,0,0,0,0,0,0,0
ASV191,0,0,0.000322653,0,0,0,0,0,0,0,0,0,0,0,0,0,0,0
ASV798,0,0,0,0,0,0,0,0,0,0,0,0.000322653,0,0,0,0,0,0
ASV581,0,0,0,0,0,0,0.000322653,0,0,0,0,0,0,0,0,0,0,0
ASV744,0,0,0,0,0,7.45E-05,0,0,0,0,0,0,0,0,0,0,0,0
ASV865,0,0,0,0,0,0,0,0,0.000322653,0,0,0,0,0,0,0,0,0
ASV1275,0,0,0,0,0,0,0,0,0,0,0,0,0,0,0,0,0,0
ASV489,0,0,0,0,0,0,0,0,0,0,0,0,0,0,0,0,0.000297833,0
ASV651,0,0,0,0,0,0,0,0,0,0,0,0,0,0,0,0.000273014,0,0
ASV1127,0,0,0,0,0,0,0,0,0,0,0,0,0,0,0.000273014,0,0,0
ASV1018,0,0,0,0,0,0,0,0,0,0.000273014,0,0,0,0,0,0,0,0
ASV447,0,0.000347472,0,0,0,0,0,0,0,0,0,0,0,0,0,0,0,0
ASV799,0,0,0,0,0,0,0,0,0,0,0,0.000372292,0,0,0,0,0,0
ASV1274,0,0,0,0,0,0,0,0,0,0,0,0,0,0,0,0,0,0
ASV738,0,0,0,0,0,0.000273014,0,0,0,0,0,0,0,0,0,0,0,0
ASV583,0,0,0,0,0,0,0.000322653,0,0,0,0,0,0,0,0,0,0,0
ASV1347,0,0,0,0,0,0,0,0,0,0,0.000347472,0,0,0,0,0,0,0
ASV492,0,0,0,0,0,0,0,0,0,0,0,0,0,0,0,0,0.000322653,0
ASV931,0,0,0,0.000297833,0,0,0,0,0,0,0,0,0,0,0,0,0,0
ASV1346,0,0,0,0,0,0,0,0,0,0,0.000347472,0,0,0,0,0,0,0
ASV1166,0,0,0,0,0,0,0,0,0,0,0,0,0,0,0,0,0,0.000347472
ASV192,0,0,0.000273014,0,0,0,0,0,0,0,0,0,0,0,0,0,0,0
ASV1276,0,0,0,0,0,0,0,0,0,0,0,0,0,0,0,0,0,0
ASV1226,0,0,0,0,0,0,0,0,0,0,0,0,0,0,0,0,0,0
ASV1128,0,0,0,0,0,0,0,0,0,0,0,0,0,0,0.000297833,0,0,0
ASV1167,0,0,0,0,0,0,0,0,0,0,0,0,0,0,0,0,0,0.000322653
ASV38,0,0,0,0,0.000248194,0,0,0,0,0,0,0,0,0,0,0,0,0
ASV490,0,0,0,0,0,0,0,0,0,0,0,0,0,0,0,0,0.000223375,0
ASV582,0,0,0,0,0,0,0.000297833,0,0,0,0,0,0,0,0,0,0,0
ASV373,0,0,0,0,0,0,0,0,0,0,0,0,0,0,0,0,0,0
ASV803,0,0,0,0,0,0,0,0,0,0,0,0.000223375,0,0,0,0,0,0
ASV801,0,0,0,0,0,0,0,0,0,0,0,0.000297833,0,0,0,0,0,0
ASV376,0,0,0,0,0,0,0,0,0,0,0,0,0,0,0,0,0,0
ASV377,0,0,0,0,0,0,0,0,0,0,4.96E-05,0,0,0,0,0,0,0
ASV585,0,0,0,0,0,0,0.000273014,0,0,0,0,0,0,0,0,0,0,0
ASV912,0,0,0,0,0,0,0,0,4.96E-05,0,0,0,0,0,0,0,0,0
ASV1277,0,0,0,0,0,0,0,0,0,0,0,0,0,0,0,0,0,0
ASV493,0,0,0,0,0,0,0,0,0,0,0,0,0,0,0,0,0.000297833,0
ASV866,0,0,0,0,0,0,0,0,0.000248194,0,0,0,0,0,0,0,0,0
ASV194,0,0,0.000248194,0,0,0,0,0,0,0,0,0,0,0,0,0,0,0
ASV802,0,0,0,0,0,0,0,0,0,0,0,0.000322653,0,0,0,0,0,0
ASV932,0,0,0,0.000297833,0,0,0,0,0,0,0,0,0,0,0,0,0,0
ASV800,0,0,0,0,0,0,0,0,0,0,0,0.000322653,0,0,0,0,0,0
ASV375,0,0,0,0,0,0,0,0,0,0,0,0,0,0,0,0,0,0
ASV193,0,0,0.000297833,0,0,0,0,0,0,0,0,0,0,0,0,0,0,0
ASV1227,0,0,0,0,0,0,0,0,0,0,0,0,0,0,0,0,0,0
ASV1129,0,0,0,0,0,0,0,0,0,0,0,0,0,0,0.000248194,0,0,0
ASV760,0.000297833,0,0,0,0,0,0,0,0,0,0,0,0,0,0,0,0,0
ASV631,0,0,0,0,0,0,4.96E-05,0,0,0,0,0,0,0,0,0,0,0.000198556
ASV867,0,0,0,0,0,0,0,0,0.000223375,0,0,0,0,0,0,0,0,0
ASV495,0,0,0,0,0,0,0,0,0,0,0,0,0,0,0,0,0.000273014,0
ASV1058,0,0,0,0,0,0,0,0,0,0,0,0,0,0,0,0,0,0
ASV1168,0,0,0,0,0,0,0,0,0,0,0,0,0,0,0,0,0,0.000223375
ASV868,0,0,0,0,0,0,0,0,0.000198556,0,0,0,0,0,0,0,0,0
ASV804,0,0,0,0,0,0,0,0,0,0,0,0.000223375,0,0,0,0,0,0
ASV971,0,0,0,0,0,0,0,0,0,0,0,0,0,0,0,0,0,0
ASV257,0,0,0,0,0,0,0,0,0,0,0,0,0.000273014,0,0,0,0,0
ASV973,0,0,0,0,0,0,0,0,0,0,0,0,0,0,0,0,0,0
ASV195,0,0,0.000223375,0,0,0,0,0,0,0,0,0,0,0,0,0,0,0
ASV563,0,0,0,0,0,0,0,0,0,0.000173736,0,0,0,0,0,0,2.48E-05,0
ASV542,0,0,0,0,0,0,0,4.96E-05,0,0.000124097,0,0,0,0,0,0,7.45E-05,0
ASV972,0,0,0,0,0,0,0,0,0,0,0,0,0,0,0,0,0,0
ASV394,0,0,0,0,0,0,0,0,0,0,0,0,0,0,0,0,0,9.93E-05
ASV196,0,0,0.000273014,0,0,0,0,0,0,0,0,0,0,0,0,0,0,0
ASV496,0,0,0,0,0,0,0,0,0,0,0,0,0,0,0,0,0.000198556,0
ASV1281,0,0,0,0,0,0,0,0,0,0,0,0,0,0,0,0,0,0
ASV494,0,0,0,0,0,0,0,0,0,0,0,0,0,0,0,0,0.000223375,0
ASV1278,0,0,0,0,0,0,0,0,0,0,0,0,0,0,0,0,0,0
ASV1280,0,0,0,0,0,0,0,0,0,0,0,0,0,0,0,0,0,0
ASV300,0,0,0,0,0,0,0,0,0,0,0,0,0,0,0,0,0,0
ASV805,0,0,0,0,0,0,0,0,0,0,0,0.000297833,0,0,0,0,0,0
ASV869,0,0,0,0,0,0,0,0,0.000198556,0,0,0,0,0,0,0,0,0
ASV1059,0,0,0,0,0,0,0,0,0,0,0,0,0,0,0,0,0,0
ASV1279,0,0,0,0,0,0,0,0,0,0,0,0,0,0,0,0,0,0
ASV1169,0,0,0,0,0,0,0,0,0,0,0,0,0,0,0,0,0,0.000273014
ASV761,0.000223375,0,0,0,0,0,0,0,0,0,0,0,0,0,0,0,0,0
ASV499,0,0,0,0,0,0,0,0,0,0,0,0,0,0,0,0,0.000173736,0
ASV500,0,0,0,0,0,0,0,0,0,0,0,0,0,0,0,0,0.000173736,0
ASV133,0,0,0,0,0,0,0,0,0,0,0,0,0,0.000198556,0,0,0,0
ASV806,0,0,0,0,0,0,0,0,0,0,0,0.000223375,0,0,0,0,0,0
ASV1228,0,0,0,0,0,0,0,0,0,0,0,0,0,0,0,0,0,0
ASV292,0,0,0,0,0,0,0,0,0,0.000173736,0,0,4.96E-05,0,0,0,0,0
ASV974,0,0,0,0,0,0,0,0,0,0,0,0,0,0,0,0,0,0
ASV1130,0,0,0,0,0,0,0,0,0,0,0,0,0,0,0.000198556,0,0,0
ASV197,0,0,0.000248194,0,0,0,0,0,0,0,0,0,0,0,0,0,0,0
ASV378,0,0,0,0,0,0,0,0,0,0,0,0,0,0,0,0,0,0
ASV587,0,0,0,0,0,0,0.000223375,0,0,0,0,0,0,0,0,0,0,0
ASV1349,0,0,0,0,0,0,0,0,0,0,0.000273014,0,0,0,0,0,0,0
ASV871,0,0,0,0,0,0,0,0,0.000223375,0,0,0,0,0,0,0,0,0
ASV759,0,0,0,0,0,2.48E-05,0,0,0,0,0,0,0,0,0,0,0,0
ASV586,0,0,0,0,0,0,0.000273014,0,0,0,0,0,0,0,0,0,0,0
ASV1348,0,0,0,0,0,0,0,0,0,0,0.000273014,0,0,0,0,0,0,0
ASV1060,0,0,0,0,0,0,0,0,0,0,0,0,0,0,0,0,0,0
ASV1062,0,0,0,0,0,0,0,0,0,0,0,0,0,0,0,0,0,0
ASV497,0,0,0,0,0,0,0,0,0,0,0,0,0,0,0,0,0.000223375,0
ASV498,0,0,0,0,0,0,0,0,0,0,0,0,0,0,0,0,0.000248194,0
ASV739,0,0,0,0,0,0.000273014,0,0,0,0,0,0,0,0,0,0,0,0
ASV933,0,0,0,0.000223375,0,0,0,0,0,0,0,0,0,0,0,0,0,0
ASV1061,0,0,0,0,0,0,0,0,0,0,0,0,0,0,0,0,0,0
ASV1229,0,0,0,0,0,0,0,0,0,0,0,0,0,0,0,0,0,0
ASV42,0,0,0,0,0.000223375,0,0,0,0,0,0,0,0,0,0,0,0,0
ASV934,0,0,0,0.000223375,0,0,0,0,0,0,0,0,0,0,0,0,0,0
ASV872,0,0,0,0,0,0,0,0,0.000198556,0,0,0,0,0,0,0,0,0
ASV870,0,0,0,0,0,0,0,0,0.000248194,0,0,0,0,0,0,0,0,0
ASV501,0,0,0,0,0,0,0,0,0,0,0,0,0,0,0,0,0.000248194,0
ASV1170,0,0,0,0,0,0,0,0,0,0,0,0,0,0,0,0,0,0.000223375
ASV808,0,0,0,0,0,0,0,0,0,0,0,0.000198556,0,0,0,0,0,0
ASV44,0,0,0,0,0.000223375,0,0,0,0,0,0,0,0,0,0,0,0,0
ASV1132,0,0,0,0,0,0,0,0,0,0,0,0,0,0,0.000223375,0,0,0
ASV686,0,0,0,0,0,0,0,0.000198556,0,0,0,0,0,0,0,0,0,0
ASV198,0,0,0.000198556,0,0,0,0,0,0,0,0,0,0,0,0,0,0,0
ASV741,0,0,0,0,0,0.000198556,0,0,0,0,0,0,0,0,0,0,0,0
ASV1350,0,0,0,0,0,0,0,0,0,0,0.000248194,0,0,0,0,0,0,0
ASV1131,0,0,0,0,0,0,0,0,0,0,0,0,0,0,0.000198556,0,0,0
ASV740,0,0,0,0,0,0.000223375,0,0,0,0,0,0,0,0,0,0,0,0
ASV975,0,0,0,0,0,0,0,0,0,0,0,0,0,0,0,0,0,0
ASV379,0,0,0,0,0,0,0,0,0,0,0,0,0,0,0,0,0,0
ASV1133,0,0,0,0,0,0,0,0,0,0,0,0,0,0,0.000198556,0,0,0
ASV1134,0,0,0,0,0,0,0,0,0,0,0,0,0,0,0.000223375,0,0,0
ASV380,0,0,0,0,0,0,0,0,0,0,0,0,0,0,0,0,0,0
ASV503,0,0,0,0,0,0,0,0,0,0,0,0,0,0,0,0,0.000223375,0
ASV873,0,0,0,0,0,0,0,0,0.000198556,0,0,0,0,0,0,0,0,0
ASV807,0,0,0,0,0,0,0,0,0,0,0,0.000198556,0,0,0,0,0,0
ASV588,0,0,0,0,0,0,0.000248194,0,0,0,0,0,0,0,0,0,0,0
ASV502,0,0,0,0,0,0,0,0,0,0,0,0,0,0,0,0,0.000198556,0
ASV809,0,0,0,0,0,0,0,0,0,0,0,0.000248194,0,0,0,0,0,0
ASV259,0,0,0,0,0,0,0,0,0,0,0,0,0.000248194,0,0,0,0,0
ASV1230,0,0,0,0,0,0,0,0,0,0,0,0,0,0,0,0,0,0
ASV1019,0,0,0,0,0,0,0,0,0,0.000248194,0,0,0,0,0,0,0,0
ASV1283,0,0,0,0,0,0,0,0,0,0,0,0,0,0,0,0,0,0
ASV653,0,0,0,0,0,0,0,0,0,0,0,0,0,0,0,0.000248194,0,0
ASV47,0,0,0,0,0.000198556,0,0,0,0,0,0,0,0,0,0,0,0,0
ASV48,0,0,0,0,0.000198556,0,0,0,0,0,0,0,0,0,0,0,0,0
ASV1353,0,0,0,0,0,0,0,0,0,0,0.000223375,0,0,0,0,0,0,0
ASV876,0,0,0,0,0,0,0,0,0.000148917,0,0,0,0,0,0,0,0,0
ASV810,0,0,0,0,0,0,0,0,0,0,0,0.000173736,0,0,0,0,0,0
ASV383,0,0,0,0,0,0,0,0,0,0,0,0,0,0,0,0,0,0
ASV656,0,0,0,0,0,0,0,0,0,0,0,0,0,0,0,0.000198556,0,0
ASV1020,0,0,0,0,0,0,0,0,0,0.000198556,0,0,0,0,0,0,0,0
ASV1232,0,0,0,0,0,0,0,0,0,0,0,0,0,0,0,0,0,0
ASV687,0,0,0,0,0,0,0,0.000173736,0,0,0,0,0,0,0,0,0,0
ASV506,0,0,0,0,0,0,0,0,0,0,0,0,0,0,0,0,0.000223375,0
ASV1285,0,0,0,0,0,0,0,0,0,0,0,0,0,0,0,0,0,0
ASV874,0,0,0,0,0,0,0,0,0.000198556,0,0,0,0,0,0,0,0,0
ASV201,0,0,0.000223375,0,0,0,0,0,0,0,0,0,0,0,0,0,0,0
ASV136,0,0,0,0,0,0,0,0,0,0,0,0,0,0.000173736,0,0,0,0
ASV977,0,0,0,0,0,0,0,0,0,0,0,0,0,0,0,0,0,0
ASV49,0,0,0,0,0.000198556,0,0,0,0,0,0,0,0,0,0,0,0,0
ASV260,0,0,0,0,0,0,0,0,0,0,0,0,0.000198556,0,0,0,0,0
ASV382,0,0,0,0,0,0,0,0,0,0,0,0,0,0,0,0,0,0
ASV200,0,0,0.000173736,0,0,0,0,0,0,0,0,0,0,0,0,0,0,0
ASV51,0,0,0,0,0.000223375,0,0,0,0,0,0,0,0,0,0,0,0,0
ASV1284,0,0,0,0,0,0,0,0,0,0,0,0,0,0,0,0,0,0
ASV1231,0,0,0,0,0,0,0,0,0,0,0,0,0,0,0,0,0,0
ASV1064,0,0,0,0,0,0,0,0,0,0,0,0,0,0,0,0,0,0
ASV384,0,0,0,0,0,0,0,0,0,0,0,0,0,0,0,0,0,0
ASV654,0,0,0,0,0,0,0,0,0,0,0,0,0,0,0,0.000173736,0,0
ASV875,0,0,0,0,0,0,0,0,0.000173736,0,0,0,0,0,0,0,0,0
ASV1352,0,0,0,0,0,0,0,0,0,0,0.000223375,0,0,0,0,0,0,0
ASV978,0,0,0,0,0,0,0,0,0,0,0,0,0,0,0,0,0,0
ASV1351,0,0,0,0,0,0,0,0,0,0,0.000223375,0,0,0,0,0,0,0
ASV1063,0,0,0,0,0,0,0,0,0,0,0,0,0,0,0,0,0,0
ASV505,0,0,0,0,0,0,0,0,0,0,0,0,0,0,0,0,0.000148917,0
ASV976,0,0,0,0,0,0,0,0,0,0,0,0,0,0,0,0,0,0
ASV655,0,0,0,0,0,0,0,0,0,0,0,0,0,0,0,0.000223375,0,0
ASV381,0,0,0,0,0,0,0,0,0,0,0,0,0,0,0,0,0,0
ASV688,0,0,0,0,0,0,0,0.000223375,0,0,0,0,0,0,0,0,0,0
ASV199,0,0,0.000198556,0,0,0,0,0,0,0,0,0,0,0,0,0,0,0
ASV1135,0,0,0,0,0,0,0,0,0,0,0,0,0,0,0.000173736,0,0,0
ASV638,0,0,0,0,0,0,4.96E-05,0,0,0,0,0,0,0,0,0,0,0
ASV53,0,0,0,0,0.000198556,0,0,0,0,0,0,0,0,0,0,0,0,0
ASV1065,0,0,0,0,0,0,0,0,0,0,0,0,0,0,0,0,0,0
ASV1069,0,0,0,0,0,0,0,0,0,0,0,0,0,0,0,0,0,0
ASV510,0,0,0,0,0,0,0,0,0,0,0,0,0,0,0,0,0.000198556,0
ASV1136,0,0,0,0,0,0,0,0,0,0,0,0,0,0,0.000148917,0,0,0
ASV811,0,0,0,0,0,0,0,0,0,0,0,0.000173736,0,0,0,0,0,0
ASV589,0,0,0,0,0,0,0.000173736,0,0,0,0,0,0,0,0,0,0,0
ASV507,0,0,0,0,0,0,0,0,0,0,0,0,0,0,0,0,0.000198556,0
ASV1066,0,0,0,0,0,0,0,0,0,0,0,0,0,0,0,0,0,0
ASV508,0,0,0,0,0,0,0,0,0,0,0,0,0,0,0,0,0.000198556,0
ASV302,0,0,0,0,0,0,0,0,0,0,0,0,0,0,0,0,0,0
ASV689,0,0,0,0,0,0,0,0.000148917,0,0,0,0,0,0,0,0,0,0
ASV512,0,0,0,0,0,0,0,0,0,0,0,0,0,0,0,0,0.000198556,0
ASV1137,0,0,0,0,0,0,0,0,0,0,0,0,0,0,0.000198556,0,0,0
ASV262,0,0,0,0,0,0,0,0,0,0,0,0,0.000148917,0,0,0,0,0
ASV448,0,0.000198556,0,0,0,0,0,0,0,0,0,0,0,0,0,0,0,0
ASV1171,0,0,0,0,0,0,0,0,0,0,0,0,0,0,0,0,0,0.000198556
ASV202,0,0,0.000148917,0,0,0,0,0,0,0,0,0,0,0,0,0,0,0
ASV54,0,0,0,0,0.000198556,0,0,0,0,0,0,0,0,0,0,0,0,0
ASV514,0,0,0,0,0,0,0,0,0,0,0,0,0,0,0,0,9.93E-05,0
ASV515,0,0,0,0,0,0,0,0,0,0,0,0,0,0,0,0,0.000173736,0
ASV420,0,0,0,0,0,0,0,0,0,0,0,0,0,0,0,0,0,0
ASV878,0,0,0,0,0,0,0,0,0.000124097,0,0,0,0,0,0,0,0,0
ASV511,0,0,0,0,0,0,0,0,0,0,0,0,0,0,0,0,0.000148917,0
ASV590,0,0,0,0,0,0,0.000173736,0,0,0,0,0,0,0,0,0,0,0
ASV509,0,0,0,0,0,0,0,0,0,0,0,0,0,0,0,0,0.000198556,0
ASV516,0,0,0,0,0,0,0,0,0,0,0,0,0,0,0,0,0.000148917,0
ASV591,0,0,0,0,0,0,0.000173736,0,0,0,0,0,0,0,0,0,0,0
ASV1138,0,0,0,0,0,0,0,0,0,0,0,0,0,0,0.000198556,0,0,0
ASV513,0,0,0,0,0,0,0,0,0,0,0,0,0,0,0,0,0.000173736,0
ASV1021,0,0,0,0,0,0,0,0,0,0.000198556,0,0,0,0,0,0,0,0
ASV1070,0,0,0,0,0,0,0,0,0,0,0,0,0,0,0,0,0,0
ASV386,0,0,0,0,0,0,0,0,0,0,0,0,0,0,0,0,0,0
ASV1067,0,0,0,0,0,0,0,0,0,0,0,0,0,0,0,0,0,0
ASV1233,0,0,0,0,0,0,0,0,0,0,0,0,0,0,0,0,0,0
ASV879,0,0,0,0,0,0,0,0,0.000173736,0,0,0,0,0,0,0,0,0
ASV1068,0,0,0,0,0,0,0,0,0,0,0,0,0,0,0,0,0,0
ASV138,0,0,0,0,0,0,0,0,0,0,0,0,0,0.000198556,0,0,0,0
ASV449,0,0.000198556,0,0,0,0,0,0,0,0,0,0,0,0,0,0,0,0
ASV980,0,0,0,0,0,0,0,0,0,0,0,0,0,0,0,0,0,0
ASV981,0,0,0,0,0,0,0,0,0,0,0,0,0,0,0,0,0,0
ASV1074,0,0,0,0,0,0,0,0,0,0,0,0,0,0,0,0,0,0
ASV1022,0,0,0,0,0,0,0,0,0,0.000173736,0,0,0,0,0,0,0,0
ASV1289,0,0,0,0,0,0,0,0,0,0,0,0,0,0,0,0,0,0
ASV140,0,0,0,0,0,0,0,0,0,0,0,0,0,0.000148917,0,0,0,0
ASV985,0,0,0,0,0,0,0,0,0,0,0,0,0,0,0,0,0,0
ASV936,0,0,0,0.000148917,0,0,0,0,0,0,0,0,0,0,0,0,0,0
ASV983,0,0,0,0,0,0,0,0,0,0,0,0,0,0,0,0,0,0
ASV1355,0,0,0,0,0,0,0,0,0,0,0.000173736,0,0,0,0,0,0,0
ASV657,0,0,0,0,0,0,0,0,0,0,0,0,0,0,0,0.000148917,0,0
ASV762,0.000148917,0,0,0,0,0,0,0,0,0,0,0,0,0,0,0,0,0
ASV935,0,0,0,0.000148917,0,0,0,0,0,0,0,0,0,0,0,0,0,0
ASV1140,0,0,0,0,0,0,0,0,0,0,0,0,0,0,9.93E-05,0,0,0
ASV1291,0,0,0,0,0,0,0,0,0,0,0,0,0,0,0,0,0,0
ASV986,0,0,0,0,0,0,0,0,0,0,0,0,0,0,0,0,0,0
ASV389,0,0,0,0,0,0,0,0,0,0,0,0,0,0,0,0,0,0
ASV1235,0,0,0,0,0,0,0,0,0,0,0,0,0,0,0,0,0,0
ASV263,0,0,0,0,0,0,0,0,0,0,0,0,0.000124097,0,0,0,0,0
ASV1236,0,0,0,0,0,0,0,0,0,0,0,0,0,0,0,0,0,0
ASV1287,0,0,0,0,0,0,0,0,0,0,0,0,0,0,0,0,0,0
ASV982,0,0,0,0,0,0,0,0,0,0,0,0,0,0,0,0,0,0
ASV306,0,0,0,0,0,0,0,0,0,0,0,0,0,0,0,0,0,0
ASV1288,0,0,0,0,0,0,0,0,0,0,0,0,0,0,0,0,0,0
ASV518,0,0,0,0,0,0,0,0,0,0,0,0,0,0,0,0,0.000173736,0
ASV1286,0,0,0,0,0,0,0,0,0,0,0,0,0,0,0,0,0,0
ASV1173,0,0,0,0,0,0,0,0,0,0,0,0,0,0,0,0,0,0.000173736
ASV1290,0,0,0,0,0,0,0,0,0,0,0,0,0,0,0,0,0,0
ASV304,0,0,0,0,0,0,0,0,0,0,0,0,0,0,0,0,0,0
ASV1172,0,0,0,0,0,0,0,0,0,0,0,0,0,0,0,0,0,0.000148917
ASV303,0,0,0,0,0,0,0,0,0,0,0,0,0,0,0,0,0,0
ASV393,0,0,0,0,0,0,0,0,0,0,0,0,0,0,0,0,0,0
ASV387,0,0,0,0,0,0,0,0,0,0,0,0,0,0,0,0,0,0
ASV987,0,0,0,0,0,0,0,0,0,0,0,0,0,0,0,0,0,0
ASV1175,0,0,0,0,0,0,0,0,0,0,0,0,0,0,0,0,0,0.000148917
ASV1072,0,0,0,0,0,0,0,0,0,0,0,0,0,0,0,0,0,0
ASV264,0,0,0,0,0,0,0,0,0,0,0,0,0.000148917,0,0,0,0,0
ASV1073,0,0,0,0,0,0,0,0,0,0,0,0,0,0,0,0,0,0
ASV880,0,0,0,0,0,0,0,0,0.000124097,0,0,0,0,0,0,0,0,0
ASV812,0,0,0,0,0,0,0,0,0,0,0,0.000173736,0,0,0,0,0,0
ASV883,0,0,0,0,0,0,0,0,0.000124097,0,0,0,0,0,0,0,0,0
ASV882,0,0,0,0,0,0,0,0,0.000148917,0,0,0,0,0,0,0,0,0
ASV1234,0,0,0,0,0,0,0,0,0,0,0,0,0,0,0,0,0,0
ASV658,0,0,0,0,0,0,0,0,0,0,0,0,0,0,0,0.000148917,0,0
ASV390,0,0,0,0,0,0,0,0,0,0,0,0,0,0,0,0,0,0
ASV1139,0,0,0,0,0,0,0,0,0,0,0,0,0,0,9.93E-05,0,0,0
ASV691,0,0,0,0,0,0,0,0.000148917,0,0,0,0,0,0,0,0,0,0
ASV1354,0,0,0,0,0,0,0,0,0,0,0.000173736,0,0,0,0,0,0,0
ASV1071,0,0,0,0,0,0,0,0,0,0,0,0,0,0,0,0,0,0
ASV881,0,0,0,0,0,0,0,0,0.000124097,0,0,0,0,0,0,0,0,0
ASV283,0,0,0,0,0,0,0,0,0,0,0,0,7.45E-05,0,0,0,0,0
ASV305,0,0,0,0,0,0,0,0,0,0,0,0,0,0,0,0,0,0
ASV692,0,0,0,0,0,0,0,0.000148917,0,0,0,0,0,0,0,0,0,0
ASV391,0,0,0,0,0,0,0,0,0,0,0,0,0,0,0,0,0,0
ASV392,0,0,0,0,0,0,0,0,0,0,0,0,0,0,0,0,0,0
ASV517,0,0,0,0,0,0,0,0,0,0,0,0,0,0,0,0,0.000148917,0
ASV1357,0,0,0,0,0,0,0,0,0,0,0.000173736,0,0,0,0,0,0,0
ASV1356,0,0,0,0,0,0,0,0,0,0,0.000173736,0,0,0,0,0,0,0
ASV1174,0,0,0,0,0,0,0,0,0,0,0,0,0,0,0,0,0,0.000124097
ASV204,0,0,0.000148917,0,0,0,0,0,0,0,0,0,0,0,0,0,0,0
ASV984,0,0,0,0,0,0,0,0,0,0,0,0,0,0,0,0,0,0
ASV1292,0,0,0,0,0,0,0,0,0,0,0,0,0,0,0,0,0,0
ASV690,0,0,0,0,0,0,0,0.000173736,0,0,0,0,0,0,0,0,0,0
ASV59,0,0,0,0,0.000148917,0,0,0,0,0,0,0,0,0,0,0,0,0
ASV1293,0,0,0,0,0,0,0,0,0,0,0,0,0,0,0,0,0,0
ASV937,0,0,0,0.000148917,0,0,0,0,0,0,0,0,0,0,0,0,0,0
ASV58,0,0,0,0,0.000173736,0,0,0,0,0,0,0,0,0,0,0,0,0
ASV888,0,0,0,0,0,0,0,0,9.93E-05,0,0,0,0,0,0,0,0,0
ASV205,0,0,0.000148917,0,0,0,0,0,0,0,0,0,0,0,0,0,0,0
ASV886,0,0,0,0,0,0,0,0,9.93E-05,0,0,0,0,0,0,0,0,0
ASV308,0,0,0,0,0,0,0,0,0,0,0,0,0,0,0,0,0,0
ASV1075,0,0,0,0,0,0,0,0,0,0,0,0,0,0,0,0,0,0
ASV1363,0,0,0,0,0,0,0,0,0,0,0.000148917,0,0,0,0,0,0,0
ASV887,0,0,0,0,0,0,0,0,0.000124097,0,0,0,0,0,0,0,0,0
ASV270,0,0,0,0,0,0,0,0,0,0,0,0,0.000148917,0,0,0,0,0
ASV1362,0,0,0,0,0,0,0,0,0,0,0.000148917,0,0,0,0,0,0,0
ASV1024,0,0,0,0,0,0,0,0,0,9.93E-05,0,0,0,0,0,0,0,0
ASV1076,0,0,0,0,0,0,0,0,0,0,0,0,0,0,0,0,0,0
ASV1238,0,0,0,0,0,0,0,0,0,0,0,0,0,0,0,0,0,0
ASV890,0,0,0,0,0,0,0,0,0.000124097,0,0,0,0,0,0,0,0,0
ASV61,0,0,0,0,0.000124097,0,0,0,0,0,0,0,0,0,0,0,0,0
ASV1358,0,0,0,0,0,0,0,0,0,0,0.000148917,0,0,0,0,0,0,0
ASV695,0,0,0,0,0,0,0,0.000148917,0,0,0,0,0,0,0,0,0,0
ASV1239,0,0,0,0,0,0,0,0,0,0,0,0,0,0,0,0,0,0
ASV310,0,0,0,0,0,0,0,0,0,0,0,0,0,0,0,0,0,0
ASV1142,0,0,0,0,0,0,0,0,0,0,0,0,0,0,0.000148917,0,0,0
ASV265,0,0,0,0,0,0,0,0,0,0,0,0,0.000148917,0,0,0,0,0
ASV765,0.000148917,0,0,0,0,0,0,0,0,0,0,0,0,0,0,0,0,0
ASV64,0,0,0,0,0.000124097,0,0,0,0,0,0,0,0,0,0,0,0,0
ASV885,0,0,0,0,0,0,0,0,9.93E-05,0,0,0,0,0,0,0,0,0
ASV1026,0,0,0,0,0,0,0,0,0,9.93E-05,0,0,0,0,0,0,0,0
ASV813,0,0,0,0,0,0,0,0,0,0,0,0.000148917,0,0,0,0,0,0
ASV889,0,0,0,0,0,0,0,0,9.93E-05,0,0,0,0,0,0,0,0,0
ASV1176,0,0,0,0,0,0,0,0,0,0,0,0,0,0,0,0,0,0.000124097
ASV63,0,0,0,0,4.96E-05,0,0,0,0,0,0,0,0,0,0,0,0,0
ASV1295,0,0,0,0,0,0,0,0,0,0,0,0,0,0,0,0,0,0
ASV1298,0,0,0,0,0,0,0,0,0,0,0,0,0,0,0,0,0,0
ASV398,0,0,0,0,0,0,0,0,0,0,0,0,0,0,0,0,0,0
ASV399,0,0,0,0,0,0,0,0,0,0,0,0,0,0,0,0,0,0
ASV694,0,0,0,0,0,0,0,9.93E-05,0,0,0,0,0,0,0,0,0,0
ASV396,0,0,0,0,0,0,0,0,0,0,0,0,0,0,0,0,0,0
ASV938,0,0,0,9.93E-05,0,0,0,0,0,0,0,0,0,0,0,0,0,0
ASV1027,0,0,0,0,0,0,0,0,0,0.000124097,0,0,0,0,0,0,0,0
ASV592,0,0,0,0,0,0,0.000148917,0,0,0,0,0,0,0,0,0,0,0
ASV884,0,0,0,0,0,0,0,0,9.93E-05,0,0,0,0,0,0,0,0,0
ASV269,0,0,0,0,0,0,0,0,0,0,0,0,0.000148917,0,0,0,0,0
ASV1294,0,0,0,0,0,0,0,0,0,0,0,0,0,0,0,0,0,0
ASV593,0,0,0,0,0,0,7.45E-05,0,0,0,0,0,0,0,0,0,0,0
ASV1177,0,0,0,0,0,0,0,0,0,0,0,0,0,0,0,0,0,0.000148917
ASV268,0,0,0,0,0,0,0,0,0,0,0,0,0.000148917,0,0,0,0,0
ASV1141,0,0,0,0,0,0,0,0,0,0,0,0,0,0,0.000148917,0,0,0
ASV143,0,0,0,0,0,0,0,0,0,0,0,0,0,7.45E-05,0,0,0,0
ASV65,0,0,0,0,0.000148917,0,0,0,0,0,0,0,0,0,0,0,0,0
ASV519,0,0,0,0,0,0,0,0,0,0,0,0,0,0,0,0,9.93E-05,0
ASV142,0,0,0,0,0,0,0,0,0,0,0,0,0,0.000148917,0,0,0,0
ASV397,0,0,0,0,0,0,0,0,0,0,0,0,0,0,0,0,0,0
ASV266,0,0,0,0,0,0,0,0,0,0,0,0,9.93E-05,0,0,0,0,0
ASV763,0.000148917,0,0,0,0,0,0,0,0,0,0,0,0,0,0,0,0,0
ASV941,0,0,0,9.93E-05,0,0,0,0,0,0,0,0,0,0,0,0,0,0
ASV1025,0,0,0,0,0,0,0,0,0,0.000124097,0,0,0,0,0,0,0,0
ASV1359,0,0,0,0,0,0,0,0,0,0,0.000148917,0,0,0,0,0,0,0
ASV307,0,0,0,0,0,0,0,0,0,0,0,0,0,0,0,0,0,0
ASV309,0,0,0,0,0,0,0,0,0,0,0,0,0,0,0,0,0,0
ASV67,0,0,0,0,0.000148917,0,0,0,0,0,0,0,0,0,0,0,0,0
ASV1360,0,0,0,0,0,0,0,0,0,0,0.000148917,0,0,0,0,0,0,0
ASV594,0,0,0,0,0,0,0.000124097,0,0,0,0,0,0,0,0,0,0,0
ASV815,0,0,0,0,0,0,0,0,0,0,0,0.000148917,0,0,0,0,0,0
ASV1023,0,0,0,0,0,0,0,0,0,0.000124097,0,0,0,0,0,0,0,0
ASV1237,0,0,0,0,0,0,0,0,0,0,0,0,0,0,0,0,0,0
ASV940,0,0,0,0.000148917,0,0,0,0,0,0,0,0,0,0,0,0,0,0
ASV267,0,0,0,0,0,0,0,0,0,0,0,0,0.000148917,0,0,0,0,0
ASV766,0.000124097,0,0,0,0,0,0,0,0,0,0,0,0,0,0,0,0,0
ASV764,0.000124097,0,0,0,0,0,0,0,0,0,0,0,0,0,0,0,0,0
ASV814,0,0,0,0,0,0,0,0,0,0,0,9.93E-05,0,0,0,0,0,0
ASV693,0,0,0,0,0,0,0,0.000124097,0,0,0,0,0,0,0,0,0,0
ASV939,0,0,0,0.000124097,0,0,0,0,0,0,0,0,0,0,0,0,0,0
ASV395,0,0,0,0,0,0,0,0,0,0,0,0,0,0,0,0,0,0
ASV659,0,0,0,0,0,0,0,0,0,0,0,0,0,0,0,0.000148917,0,0
ASV1296,0,0,0,0,0,0,0,0,0,0,0,0,0,0,0,0,0,0
ASV989,0,0,0,0,0,0,0,0,0,0,0,0,0,0,0,0,0,0
ASV1297,0,0,0,0,0,0,0,0,0,0,0,0,0,0,0,0,0,0
ASV450,0,0.000148917,0,0,0,0,0,0,0,0,0,0,0,0,0,0,0,0
ASV144,0,0,0,0,0,0,0,0,0,0,0,0,0,0.000124097,0,0,0,0
ASV1361,0,0,0,0,0,0,0,0,0,0,0.000148917,0,0,0,0,0,0,0
ASV520,0,0,0,0,0,0,0,0,0,0,0,0,0,0,0,0,0.000124097,0
ASV826,0,0,0,0,0,0,0,0,0,0,0,0.000124097,0,0,0,0,0,0
ASV824,0,0,0,0,0,0,0,0,0,0,0,0.000124097,0,0,0,0,0,0
ASV893,0,0,0,0,0,0,0,0,9.93E-05,0,0,0,0,0,0,0,0,0
ASV404,0,0,0,0,0,0,0,0,0,0,0,0,0,0,0,0,0,0
ASV523,0,0,0,0,0,0,0,0,0,0,0,0,0,0,0,0,0.000124097,0
ASV272,0,0,0,0,0,0,0,0,0,0,0,0,0.000124097,0,0,0,0,0
ASV312,0,0,0,0,0,0,0,0,0,0,0,0,0,0,0,0,0,0
ASV666,0,0,0,0,0,0,0,0,0,0,0,0,0,0,0,7.45E-05,0,0
ASV69,0,0,0,0,9.93E-05,0,0,0,0,0,0,0,0,0,0,0,0,0
ASV1078,0,0,0,0,0,0,0,0,0,0,0,0,0,0,0,0,0,0
ASV894,0,0,0,0,0,0,0,0,9.93E-05,0,0,0,0,0,0,0,0,0
ASV990,0,0,0,0,0,0,0,0,0,0,0,0,0,0,0,0,0,0
ASV68,0,0,0,0,0.000124097,0,0,0,0,0,0,0,0,0,0,0,0,0
ASV525,0,0,0,0,0,0,0,0,0,0,0,0,0,0,0,0,0.000124097,0
ASV147,0,0,0,0,0,0,0,0,0,0,0,0,0,9.93E-05,0,0,0,0
ASV1081,0,0,0,0,0,0,0,0,0,0,0,0,0,0,0,0,0,0
ASV822,0,0,0,0,0,0,0,0,0,0,0,9.93E-05,0,0,0,0,0,0
ASV1145,0,0,0,0,0,0,0,0,0,0,0,0,0,0,9.93E-05,0,0,0
ASV819,0,0,0,0,0,0,0,0,0,0,0,7.45E-05,0,0,0,0,0,0
ASV1077,0,0,0,0,0,0,0,0,0,0,0,0,0,0,0,0,0,0
ASV994,0,0,0,0,0,0,0,0,0,0,0,0,0,0,0,0,0,0
ASV527,0,0,0,0,0,0,0,0,0,0,0,0,0,0,0,0,0.000124097,0
ASV769,0.000124097,0,0,0,0,0,0,0,0,0,0,0,0,0,0,0,0,0
ASV1244,0,0,0,0,0,0,0,0,0,0,0,0,0,0,0,0,0,0
ASV1364,0,0,0,0,0,0,0,0,0,0,0.000124097,0,0,0,0,0,0,0
ASV674,0,0,0,0,0,0,0,0,0,0,0,0,0,0,0,4.96E-05,0,0
ASV207,0,0,7.45E-05,0,0,0,0,0,0,0,0,0,0,0,0,0,0,0
ASV149,0,0,0,0,0,0,0,0,0,0,0,0,0,0.000124097,0,0,0,0
ASV770,0.000124097,0,0,0,0,0,0,0,0,0,0,0,0,0,0,0,0,0
ASV1144,0,0,0,0,0,0,0,0,0,0,0,0,0,0,0.000124097,0,0,0
ASV311,0,0,0,0,0,0,0,0,0,0,0,0,0,0,0,0,0,0
ASV154,0,0,0,0,0,0,0,0,0,0,0,0,0,0.000124097,0,0,0,0
ASV993,0,0,0,0,0,0,0,0,0,0,0,0,0,0,0,0,0,0
ASV150,0,0,0,0,0,0,0,0,0,0,0,0,0,7.45E-05,0,0,0,0
ASV767,0.000124097,0,0,0,0,0,0,0,0,0,0,0,0,0,0,0,0,0
ASV145,0,0,0,0,0,0,0,0,0,0,0,0,0,0.000124097,0,0,0,0
ASV991,0,0,0,0,0,0,0,0,0,0,0,0,0,0,0,0,0,0
ASV1243,0,0,0,0,0,0,0,0,0,0,0,0,0,0,0,0,0,0
ASV275,0,0,0,0,0,0,0,0,0,0,0,0,9.93E-05,0,0,0,0,0
ASV1300,0,0,0,0,0,0,0,0,0,0,0,0,0,0,0,0,0,0
ASV1029,0,0,0,0,0,0,0,0,0,7.45E-05,0,0,0,0,0,0,0,0
ASV211,0,0,0.000124097,0,0,0,0,0,0,0,0,0,0,0,0,0,0,0
ASV146,0,0,0,0,0,0,0,0,0,0,0,0,0,9.93E-05,0,0,0,0
ASV1182,0,0,0,0,0,0,0,0,0,0,0,0,0,0,0,0,0,9.93E-05
ASV1299,0,0,0,0,0,0,0,0,0,0,0,0,0,0,0,0,0,0
ASV153,0,0,0,0,0,0,0,0,0,0,0,0,0,4.96E-05,0,0,0,0
ASV891,0,0,0,0,0,0,0,0,9.93E-05,0,0,0,0,0,0,0,0,0
ASV209,0,0,2.48E-05,0,0,0,0,0,0,0,0,0,0,0,0,0,0,0
ASV699,0,0,0,0,0,0,0,9.93E-05,0,0,0,0,0,0,0,0,0,0
ASV277,0,0,0,0,0,0,0,0,0,0,0,0,0.000124097,0,0,0,0,0
ASV71,0,0,0,0,0.000124097,0,0,0,0,0,0,0,0,0,0,0,0,0
ASV316,0,0,0,0,0,0,0,0,0,0,0,0,0,0,0,0,0,0
ASV664,0,0,0,0,0,0,0,0,0,0,0,0,0,0,0,9.93E-05,0,0
ASV1184,0,0,0,0,0,0,0,0,0,0,0,0,0,0,0,0,0,9.93E-05
ASV1245,0,0,0,0,0,0,0,0,0,0,0,0,0,0,0,0,0,0
ASV663,0,0,0,0,0,0,0,0,0,0,0,0,0,0,0,7.45E-05,0,0
ASV768,9.93E-05,0,0,0,0,0,0,0,0,0,0,0,0,0,0,0,0,0
ASV942,0,0,0,9.93E-05,0,0,0,0,0,0,0,0,0,0,0,0,0,0
ASV596,0,0,0,0,0,0,0.000124097,0,0,0,0,0,0,0,0,0,0,0
ASV522,0,0,0,0,0,0,0,0,0,0,0,0,0,0,0,0,7.45E-05,0
ASV597,0,0,0,0,0,0,7.45E-05,0,0,0,0,0,0,0,0,0,0,0
ASV1180,0,0,0,0,0,0,0,0,0,0,0,0,0,0,0,0,0,0.000124097
ASV743,0,0,0,0,0,0.000124097,0,0,0,0,0,0,0,0,0,0,0,0
ASV818,0,0,0,0,0,0,0,0,0,0,0,9.93E-05,0,0,0,0,0,0
ASV823,0,0,0,0,0,0,0,0,0,0,0,2.48E-05,0,0,0,0,0,0
ASV315,0,0,0,0,0,0,0,0,0,0,0,0,0,0,0,0,0,0
ASV1241,0,0,0,0,0,0,0,0,0,0,0,0,0,0,0,0,0,0
ASV403,0,0,0,0,0,0,0,0,0,0,0,0,0,0,0,0,0,0
ASV662,0,0,0,0,0,0,0,0,0,0,0,0,0,0,0,0.000124097,0,0
ASV1246,0,0,0,0,0,0,0,0,0,0,0,0,0,0,0,0,0,0
ASV521,0,0,0,0,0,0,0,0,0,0,0,0,0,0,0,0,7.45E-05,0
ASV314,0,0,0,0,0,0,0,0,0,0,0,0,0,0,0,0,0,0
ASV598,0,0,0,0,0,0,9.93E-05,0,0,0,0,0,0,0,0,0,0,0
ASV820,0,0,0,0,0,0,0,0,0,0,0,0.000124097,0,0,0,0,0,0
ASV276,0,0,0,0,0,0,0,0,0,0,0,0,9.93E-05,0,0,0,0,0
ASV148,0,0,0,0,0,0,0,0,0,0,0,0,0,9.93E-05,0,0,0,0
ASV1028,0,0,0,0,0,0,0,0,0,0.000124097,0,0,0,0,0,0,0,0
ASV70,0,0,0,0,0.000124097,0,0,0,0,0,0,0,0,0,0,0,0,0
ASV1185,0,0,0,0,0,0,0,0,0,0,0,0,0,0,0,0,0,9.93E-05
ASV1082,0,0,0,0,0,0,0,0,0,0,0,0,0,0,0,0,0,0
ASV1242,0,0,0,0,0,0,0,0,0,0,0,0,0,0,0,0,0,0
ASV206,0,0,9.93E-05,0,0,0,0,0,0,0,0,0,0,0,0,0,0,0
ASV274,0,0,0,0,0,0,0,0,0,0,0,0,7.45E-05,0,0,0,0,0
ASV273,0,0,0,0,0,0,0,0,0,0,0,0,0.000124097,0,0,0,0,0
ASV816,0,0,0,0,0,0,0,0,0,0,0,0.000124097,0,0,0,0,0,0
ASV208,0,0,0.000124097,0,0,0,0,0,0,0,0,0,0,0,0,0,0,0
ASV1240,0,0,0,0,0,0,0,0,0,0,0,0,0,0,0,0,0,0
ASV210,0,0,0.000124097,0,0,0,0,0,0,0,0,0,0,0,0,0,0,0
ASV526,0,0,0,0,0,0,0,0,0,0,0,0,0,0,0,0,0.000124097,0
ASV1179,0,0,0,0,0,0,0,0,0,0,0,0,0,0,0,0,0,9.93E-05
ASV151,0,0,0,0,0,0,0,0,0,0,0,0,0,7.45E-05,0,0,0,0
ASV1365,0,0,0,0,0,0,0,0,0,0,0.000124097,0,0,0,0,0,0,0
ASV152,0,0,0,0,0,0,0,0,0,0,0,0,0,9.93E-05,0,0,0,0
ASV1079,0,0,0,0,0,0,0,0,0,0,0,0,0,0,0,0,0,0
ASV1178,0,0,0,0,0,0,0,0,0,0,0,0,0,0,0,0,0,7.45E-05
ASV1084,0,0,0,0,0,0,0,0,0,0,0,0,0,0,0,0,0,0
ASV700,0,0,0,0,0,0,0,9.93E-05,0,0,0,0,0,0,0,0,0,0
ASV892,0,0,0,0,0,0,0,0,4.96E-05,0,0,0,0,0,0,0,0,0
ASV821,0,0,0,0,0,0,0,0,0,0,0,9.93E-05,0,0,0,0,0,0
ASV696,0,0,0,0,0,0,0,9.93E-05,0,0,0,0,0,0,0,0,0,0
ASV1083,0,0,0,0,0,0,0,0,0,0,0,0,0,0,0,0,0,0
ASV665,0,0,0,0,0,0,0,0,0,0,0,0,0,0,0,0.000124097,0,0
ASV992,0,0,0,0,0,0,0,0,0,0,0,0,0,0,0,0,0,0
ASV1080,0,0,0,0,0,0,0,0,0,0,0,0,0,0,0,0,0,0
ASV401,0,0,0,0,0,0,0,0,0,0,0,0,0,0,0,0,0,0
ASV742,0,0,0,0,0,4.96E-05,0,0,0,0,0,0,0,0,0,0,0,0
ASV1143,0,0,0,0,0,0,0,0,0,0,0,0,0,0,7.45E-05,0,0,0
ASV825,0,0,0,0,0,0,0,0,0,0,0,0.000124097,0,0,0,0,0,0
ASV1181,0,0,0,0,0,0,0,0,0,0,0,0,0,0,0,0,0,9.93E-05
ASV313,0,0,0,0,0,0,0,0,0,0,0,0,0,0,0,0,0,0
ASV524,0,0,0,0,0,0,0,0,0,0,0,0,0,0,0,0,0.000124097,0
ASV400,0,0,0,0,0,0,0,0,0,0,0,0,0,0,0,0,0,0
ASV771,9.93E-05,0,0,0,0,0,0,0,0,0,0,0,0,0,0,0,0,0
ASV1183,0,0,0,0,0,0,0,0,0,0,0,0,0,0,0,0,0,7.45E-05
ASV817,0,0,0,0,0,0,0,0,0,0,0,9.93E-05,0,0,0,0,0,0
ASV698,0,0,0,0,0,0,0,0.000124097,0,0,0,0,0,0,0,0,0,0
ASV402,0,0,0,0,0,0,0,0,0,0,0,0,0,0,0,0,0,0
ASV661,0,0,0,0,0,0,0,0,0,0,0,0,0,0,0,9.93E-05,0,0
ASV660,0,0,0,0,0,0,0,0,0,0,0,0,0,0,0,0.000124097,0,0
ASV539,0,0,0,0,0,0,0,0,0,0,0,0,0,0,0,0,7.45E-05,0
ASV158,0,0,0,0,0,0,0,0,0,0,0,0,0,4.96E-05,0,0,0,0
ASV280,0,0,0,0,0,0,0,0,0,0,0,0,9.93E-05,0,0,0,0,0
ASV76,0,0,0,0,4.96E-05,0,0,0,0,0,0,0,0,0,0,0,0,0
ASV709,0,0,0,0,0,0,0,9.93E-05,0,0,0,0,0,0,0,0,0,0
ASV704,0,0,0,0,0,0,0,9.93E-05,0,0,0,0,0,0,0,0,0,0
ASV837,0,0,0,0,0,0,0,0,0,0,0,9.93E-05,0,0,0,0,0,0
ASV1187,0,0,0,0,0,0,0,0,0,0,0,0,0,0,0,0,0,9.93E-05
ASV75,0,0,0,0,7.45E-05,0,0,0,0,0,0,0,0,0,0,0,0,0
ASV535,0,0,0,0,0,0,0,0,0,0,0,0,0,0,0,0,9.93E-05,0
ASV1198,0,0,0,0,0,0,0,0,0,0,0,0,0,0,0,0,0,9.93E-05
ASV1254,0,0,0,0,0,0,0,0,0,0,0,0,0,0,0,0,0,0
ASV536,0,0,0,0,0,0,0,0,0,0,0,0,0,0,0,0,7.45E-05,0
ASV1307,0,0,0,0,0,0,0,0,0,0,0,0,0,0,0,0,0,0
ASV221,0,0,7.45E-05,0,0,0,0,0,0,0,0,0,0,0,0,0,0,0
ASV1186,0,0,0,0,0,0,0,0,0,0,0,0,0,0,0,0,0,9.93E-05
ASV1310,0,0,0,0,0,0,0,0,0,0,0,0,0,0,0,0,0,0
ASV409,0,0,0,0,0,0,0,0,0,0,0,0,0,0,0,0,0,0
ASV601,0,0,0,0,0,0,7.45E-05,0,0,0,0,0,0,0,0,0,0,0
ASV534,0,0,0,0,0,0,0,0,0,0,0,0,0,0,0,0,7.45E-05,0
ASV1189,0,0,0,0,0,0,0,0,0,0,0,0,0,0,0,0,0,4.96E-05
ASV611,0,0,0,0,0,0,9.93E-05,0,0,0,0,0,0,0,0,0,0,0
ASV1148,0,0,0,0,0,0,0,0,0,0,0,0,0,0,9.93E-05,0,0,0
ASV943,0,0,0,7.45E-05,0,0,0,0,0,0,0,0,0,0,0,0,0,0
ASV322,0,0,0,0,0,0,0,0,0,0,0,0,0,0,0,0,0,0
ASV774,9.93E-05,0,0,0,0,0,0,0,0,0,0,0,0,0,0,0,0,0
ASV215,0,0,9.93E-05,0,0,0,0,0,0,0,0,0,0,0,0,0,0,0
ASV1251,0,0,0,0,0,0,0,0,0,0,0,0,0,0,0,0,0,0
ASV1153,0,0,0,0,0,0,0,0,0,0,0,0,0,0,4.96E-05,0,0,0
ASV73,0,0,0,0,4.96E-05,0,0,0,0,0,0,0,0,0,0,0,0,0
ASV1087,0,0,0,0,0,0,0,0,0,0,0,0,0,0,0,0,0,0
ASV1031,0,0,0,0,0,0,0,0,0,4.96E-05,0,0,0,0,0,0,0,0
ASV414,0,0,0,0,0,0,0,0,0,0,0,0,0,0,0,0,0,0
ASV1196,0,0,0,0,0,0,0,0,0,0,0,0,0,0,0,0,0,7.45E-05
ASV831,0,0,0,0,0,0,0,0,0,0,0,9.93E-05,0,0,0,0,0,0
ASV835,0,0,0,0,0,0,0,0,0,0,0,4.96E-05,0,0,0,0,0,0
ASV609,0,0,0,0,0,0,9.93E-05,0,0,0,0,0,0,0,0,0,0,0
ASV706,0,0,0,0,0,0,0,9.93E-05,0,0,0,0,0,0,0,0,0,0
ASV1303,0,0,0,0,0,0,0,0,0,0,0,0,0,0,0,0,0,0
ASV1089,0,0,0,0,0,0,0,0,0,0,0,0,0,0,0,0,0,0
ASV1197,0,0,0,0,0,0,0,0,0,0,0,0,0,0,0,0,0,9.93E-05
ASV707,0,0,0,0,0,0,0,4.96E-05,0,0,0,0,0,0,0,0,0,0
ASV1200,0,0,0,0,0,0,0,0,0,0,0,0,0,0,0,0,0,7.45E-05
ASV217,0,0,9.93E-05,0,0,0,0,0,0,0,0,0,0,0,0,0,0,0
ASV417,0,0,0,0,0,0,0,0,0,0,0,0,0,0,0,0,0,0
ASV995,0,0,0,0,0,0,0,0,0,0,0,0,0,0,0,0,0,0
ASV997,0,0,0,0,0,0,0,0,0,0,0,0,0,0,0,0,0,0
ASV705,0,0,0,0,0,0,0,9.93E-05,0,0,0,0,0,0,0,0,0,0
ASV1188,0,0,0,0,0,0,0,0,0,0,0,0,0,0,0,0,0,7.45E-05
ASV159,0,0,0,0,0,0,0,0,0,0,0,0,0,7.45E-05,0,0,0,0
ASV898,0,0,0,0,0,0,0,0,7.45E-05,0,0,0,0,0,0,0,0,0
ASV79,0,0,0,0,9.93E-05,0,0,0,0,0,0,0,0,0,0,0,0,0
ASV1301,0,0,0,0,0,0,0,0,0,0,0,0,0,0,0,0,0,0
ASV282,0,0,0,0,0,0,0,0,0,0,0,0,9.93E-05,0,0,0,0,0
ASV319,0,0,0,0,0,0,0,0,0,0,0,0,0,0,0,0,0,0
ASV702,0,0,0,0,0,0,0,9.93E-05,0,0,0,0,0,0,0,0,0,0
ASV608,0,0,0,0,0,0,9.93E-05,0,0,0,0,0,0,0,0,0,0,0
ASV669,0,0,0,0,0,0,0,0,0,0,0,0,0,0,0,7.45E-05,0,0
ASV77,0,0,0,0,9.93E-05,0,0,0,0,0,0,0,0,0,0,0,0,0
ASV416,0,0,0,0,0,0,0,0,0,0,0,0,0,0,0,0,0,0
ASV538,0,0,0,0,0,0,0,0,0,0,0,0,0,0,0,0,7.45E-05,0
ASV945,0,0,0,9.93E-05,0,0,0,0,0,0,0,0,0,0,0,0,0,0
ASV81,0,0,0,0,9.93E-05,0,0,0,0,0,0,0,0,0,0,0,0,0
ASV528,0,0,0,0,0,0,0,0,0,0,0,0,0,0,0,0,4.96E-05,0
ASV1194,0,0,0,0,0,0,0,0,0,0,0,0,0,0,0,0,0,9.93E-05
ASV1151,0,0,0,0,0,0,0,0,0,0,0,0,0,0,9.93E-05,0,0,0
ASV537,0,0,0,0,0,0,0,0,0,0,0,0,0,0,0,0,7.45E-05,0
ASV600,0,0,0,0,0,0,9.93E-05,0,0,0,0,0,0,0,0,0,0,0
ASV607,0,0,0,0,0,0,7.45E-05,0,0,0,0,0,0,0,0,0,0,0
ASV1201,0,0,0,0,0,0,0,0,0,0,0,0,0,0,0,0,0,9.93E-05
ASV1149,0,0,0,0,0,0,0,0,0,0,0,0,0,0,7.45E-05,0,0,0
ASV602,0,0,0,0,0,0,7.45E-05,0,0,0,0,0,0,0,0,0,0,0
ASV1367,0,0,0,0,0,0,0,0,0,0,9.93E-05,0,0,0,0,0,0,0
ASV772,7.45E-05,0,0,0,0,0,0,0,0,0,0,0,0,0,0,0,0,0
ASV1030,0,0,0,0,0,0,0,0,0,7.45E-05,0,0,0,0,0,0,0,0
ASV899,0,0,0,0,0,0,0,0,7.45E-05,0,0,0,0,0,0,0,0,0
ASV614,0,0,0,0,0,0,9.93E-05,0,0,0,0,0,0,0,0,0,0,0
ASV156,0,0,0,0,0,0,0,0,0,0,0,0,0,4.96E-05,0,0,0,0
ASV222,0,0,9.93E-05,0,0,0,0,0,0,0,0,0,0,0,0,0,0,0
ASV613,0,0,0,0,0,0,7.45E-05,0,0,0,0,0,0,0,0,0,0,0
ASV1033,0,0,0,0,0,0,0,0,0,7.45E-05,0,0,0,0,0,0,0,0
ASV1092,0,0,0,0,0,0,0,0,0,0,0,0,0,0,0,0,0,0
ASV1090,0,0,0,0,0,0,0,0,0,0,0,0,0,0,0,0,0,0
ASV745,0,0,0,0,0,9.93E-05,0,0,0,0,0,0,0,0,0,0,0,0
ASV531,0,0,0,0,0,0,0,0,0,0,0,0,0,0,0,0,4.96E-05,0
ASV711,0,0,0,0,0,0,0,9.93E-05,0,0,0,0,0,0,0,0,0,0
ASV900,0,0,0,0,0,0,0,0,9.93E-05,0,0,0,0,0,0,0,0,0
ASV218,0,0,7.45E-05,0,0,0,0,0,0,0,0,0,0,0,0,0,0,0
ASV78,0,0,0,0,9.93E-05,0,0,0,0,0,0,0,0,0,0,0,0,0
ASV1311,0,0,0,0,0,0,0,0,0,0,0,0,0,0,0,0,0,0
ASV1086,0,0,0,0,0,0,0,0,0,0,0,0,0,0,0,0,0,0
ASV1250,0,0,0,0,0,0,0,0,0,0,0,0,0,0,0,0,0,0
ASV836,0,0,0,0,0,0,0,0,0,0,0,7.45E-05,0,0,0,0,0,0
ASV612,0,0,0,0,0,0,7.45E-05,0,0,0,0,0,0,0,0,0,0,0
ASV1091,0,0,0,0,0,0,0,0,0,0,0,0,0,0,0,0,0,0
ASV1192,0,0,0,0,0,0,0,0,0,0,0,0,0,0,0,0,0,4.96E-05
ASV1150,0,0,0,0,0,0,0,0,0,0,0,0,0,0,9.93E-05,0,0,0
ASV1085,0,0,0,0,0,0,0,0,0,0,0,0,0,0,0,0,0,0
ASV1146,0,0,0,0,0,0,0,0,0,0,0,0,0,0,9.93E-05,0,0,0
ASV1036,0,0,0,0,0,0,0,0,0,9.93E-05,0,0,0,0,0,0,0,0
ASV603,0,0,0,0,0,0,9.93E-05,0,0,0,0,0,0,0,0,0,0,0
ASV775,9.93E-05,0,0,0,0,0,0,0,0,0,0,0,0,0,0,0,0,0
ASV827,0,0,0,0,0,0,0,0,0,0,0,9.93E-05,0,0,0,0,0,0
ASV1304,0,0,0,0,0,0,0,0,0,0,0,0,0,0,0,0,0,0
ASV777,7.45E-05,0,0,0,0,0,0,0,0,0,0,0,0,0,0,0,0,0
ASV833,0,0,0,0,0,0,0,0,0,0,0,4.96E-05,0,0,0,0,0,0
ASV83,0,0,0,0,9.93E-05,0,0,0,0,0,0,0,0,0,0,0,0,0
ASV410,0,0,0,0,0,0,0,0,0,0,0,0,0,0,0,0,0,0
ASV1193,0,0,0,0,0,0,0,0,0,0,0,0,0,0,0,0,0,9.93E-05
ASV830,0,0,0,0,0,0,0,0,0,0,0,9.93E-05,0,0,0,0,0,0
ASV1195,0,0,0,0,0,0,0,0,0,0,0,0,0,0,0,0,0,9.93E-05
ASV946,0,0,0,7.45E-05,0,0,0,0,0,0,0,0,0,0,0,0,0,0
ASV1252,0,0,0,0,0,0,0,0,0,0,0,0,0,0,0,0,0,0
ASV219,0,0,7.45E-05,0,0,0,0,0,0,0,0,0,0,0,0,0,0,0
ASV212,0,0,7.45E-05,0,0,0,0,0,0,0,0,0,0,0,0,0,0,0
ASV1248,0,0,0,0,0,0,0,0,0,0,0,0,0,0,0,0,0,0
ASV1302,0,0,0,0,0,0,0,0,0,0,0,0,0,0,0,0,0,0
ASV220,0,0,9.93E-05,0,0,0,0,0,0,0,0,0,0,0,0,0,0,0
ASV606,0,0,0,0,0,0,9.93E-05,0,0,0,0,0,0,0,0,0,0,0
ASV318,0,0,0,0,0,0,0,0,0,0,0,0,0,0,0,0,0,0
ASV213,0,0,7.45E-05,0,0,0,0,0,0,0,0,0,0,0,0,0,0,0
ASV413,0,0,0,0,0,0,0,0,0,0,0,0,0,0,0,0,0,0
ASV838,0,0,0,0,0,0,0,0,0,0,0,9.93E-05,0,0,0,0,0,0
ASV320,0,0,0,0,0,0,0,0,0,0,0,0,0,0,0,0,0,0
ASV540,0,0,0,0,0,0,0,0,0,0,0,0,0,0,0,0,9.93E-05,0
ASV668,0,0,0,0,0,0,0,0,0,0,0,0,0,0,0,9.93E-05,0,0
ASV530,0,0,0,0,0,0,0,0,0,0,0,0,0,0,0,0,4.96E-05,0
ASV828,0,0,0,0,0,0,0,0,0,0,0,9.93E-05,0,0,0,0,0,0
ASV1256,0,0,0,0,0,0,0,0,0,0,0,0,0,0,0,0,0,0
ASV407,0,0,0,0,0,0,0,0,0,0,0,0,0,0,0,0,0,0
ASV1305,0,0,0,0,0,0,0,0,0,0,0,0,0,0,0,0,0,0
ASV532,0,0,0,0,0,0,0,0,0,0,0,0,0,0,0,0,9.93E-05,0
ASV996,0,0,0,0,0,0,0,0,0,0,0,0,0,0,0,0,0,0
ASV615,0,0,0,0,0,0,4.96E-05,0,0,0,0,0,0,0,0,0,0,0
ASV944,0,0,0,9.93E-05,0,0,0,0,0,0,0,0,0,0,0,0,0,0
ASV281,0,0,0,0,0,0,0,0,0,0,0,0,9.93E-05,0,0,0,0,0
ASV776,9.93E-05,0,0,0,0,0,0,0,0,0,0,0,0,0,0,0,0,0
ASV610,0,0,0,0,0,0,9.93E-05,0,0,0,0,0,0,0,0,0,0,0
ASV80,0,0,0,0,7.45E-05,0,0,0,0,0,0,0,0,0,0,0,0,0
ASV1190,0,0,0,0,0,0,0,0,0,0,0,0,0,0,0,0,0,7.45E-05
ASV605,0,0,0,0,0,0,9.93E-05,0,0,0,0,0,0,0,0,0,0,0
ASV216,0,0,9.93E-05,0,0,0,0,0,0,0,0,0,0,0,0,0,0,0
ASV896,0,0,0,0,0,0,0,0,2.48E-05,0,0,0,0,0,0,0,0,0
ASV533,0,0,0,0,0,0,0,0,0,0,0,0,0,0,0,0,9.93E-05,0
ASV1308,0,0,0,0,0,0,0,0,0,0,0,0,0,0,0,0,0,0
ASV1309,0,0,0,0,0,0,0,0,0,0,0,0,0,0,0,0,0,0
ASV1147,0,0,0,0,0,0,0,0,0,0,0,0,0,0,7.45E-05,0,0,0
ASV1249,0,0,0,0,0,0,0,0,0,0,0,0,0,0,0,0,0,0
ASV412,0,0,0,0,0,0,0,0,0,0,0,0,0,0,0,0,0,0
ASV832,0,0,0,0,0,0,0,0,0,0,0,9.93E-05,0,0,0,0,0,0
ASV897,0,0,0,0,0,0,0,0,4.96E-05,0,0,0,0,0,0,0,0,0
ASV895,0,0,0,0,0,0,0,0,7.45E-05,0,0,0,0,0,0,0,0,0
ASV82,0,0,0,0,7.45E-05,0,0,0,0,0,0,0,0,0,0,0,0,0
ASV1191,0,0,0,0,0,0,0,0,0,0,0,0,0,0,0,0,0,9.93E-05
ASV1152,0,0,0,0,0,0,0,0,0,0,0,0,0,0,7.45E-05,0,0,0
ASV1306,0,0,0,0,0,0,0,0,0,0,0,0,0,0,0,0,0,0
ASV1035,0,0,0,0,0,0,0,0,0,9.93E-05,0,0,0,0,0,0,0,0
ASV778,7.45E-05,0,0,0,0,0,0,0,0,0,0,0,0,0,0,0,0,0
ASV406,0,0,0,0,0,0,0,0,0,0,0,0,0,0,0,0,0,0
ASV1199,0,0,0,0,0,0,0,0,0,0,0,0,0,0,0,0,0,9.93E-05
ASV1255,0,0,0,0,0,0,0,0,0,0,0,0,0,0,0,0,0,0
ASV746,0,0,0,0,0,7.45E-05,0,0,0,0,0,0,0,0,0,0,0,0
ASV1368,0,0,0,0,0,0,0,0,0,0,9.93E-05,0,0,0,0,0,0,0
ASV703,0,0,0,0,0,0,0,9.93E-05,0,0,0,0,0,0,0,0,0,0
ASV529,0,0,0,0,0,0,0,0,0,0,0,0,0,0,0,0,7.45E-05,0
ASV604,0,0,0,0,0,0,9.93E-05,0,0,0,0,0,0,0,0,0,0,0
ASV72,0,0,0,0,9.93E-05,0,0,0,0,0,0,0,0,0,0,0,0,0
ASV747,0,0,0,0,0,7.45E-05,0,0,0,0,0,0,0,0,0,0,0,0
ASV710,0,0,0,0,0,0,0,9.93E-05,0,0,0,0,0,0,0,0,0,0
ASV829,0,0,0,0,0,0,0,0,0,0,0,9.93E-05,0,0,0,0,0,0
ASV278,0,0,0,0,0,0,0,0,0,0,0,0,9.93E-05,0,0,0,0,0
ASV667,0,0,0,0,0,0,0,0,0,0,0,0,0,0,0,9.93E-05,0,0
ASV839,0,0,0,0,0,0,0,0,0,0,0,9.93E-05,0,0,0,0,0,0
ASV773,9.93E-05,0,0,0,0,0,0,0,0,0,0,0,0,0,0,0,0,0
ASV214,0,0,9.93E-05,0,0,0,0,0,0,0,0,0,0,0,0,0,0,0
ASV599,0,0,0,0,0,0,7.45E-05,0,0,0,0,0,0,0,0,0,0,0
ASV1032,0,0,0,0,0,0,0,0,0,9.93E-05,0,0,0,0,0,0,0,0
ASV1253,0,0,0,0,0,0,0,0,0,0,0,0,0,0,0,0,0,0
ASV279,0,0,0,0,0,0,0,0,0,0,0,0,9.93E-05,0,0,0,0,0
ASV708,0,0,0,0,0,0,0,9.93E-05,0,0,0,0,0,0,0,0,0,0
ASV321,0,0,0,0,0,0,0,0,0,0,0,0,0,0,0,0,0,0
ASV415,0,0,0,0,0,0,0,0,0,0,0,0,0,0,0,0,0,0
ASV834,0,0,0,0,0,0,0,0,0,0,0,9.93E-05,0,0,0,0,0,0
ASV1247,0,0,0,0,0,0,0,0,0,0,0,0,0,0,0,0,0,0
ASV1034,0,0,0,0,0,0,0,0,0,4.96E-05,0,0,0,0,0,0,0,0
ASV451,0,7.45E-05,0,0,0,0,0,0,0,0,0,0,0,0,0,0,0,0
ASV1366,0,0,0,0,0,0,0,0,0,0,9.93E-05,0,0,0,0,0,0,0
ASV1093,0,0,0,0,0,0,0,0,0,0,0,0,0,0,0,0,0,0
ASV701,0,0,0,0,0,0,0,9.93E-05,0,0,0,0,0,0,0,0,0,0
ASV408,0,0,0,0,0,0,0,0,0,0,0,0,0,0,0,0,0,0
ASV1088,0,0,0,0,0,0,0,0,0,0,0,0,0,0,0,0,0,0
ASV1106,0,0,0,0,0,0,0,0,0,0,0,0,0,0,0,0,0,0
ASV751,0,0,0,0,0,4.96E-05,0,0,0,0,0,0,0,0,0,0,0,0
ASV1205,0,0,0,0,0,0,0,0,0,0,0,0,0,0,0,0,0,4.96E-05
ASV429,0,0,0,0,0,0,0,0,0,0,0,0,0,0,0,0,0,0
ASV550,0,0,0,0,0,0,0,0,0,0,0,0,0,0,0,0,7.45E-05,0
ASV619,0,0,0,0,0,0,7.45E-05,0,0,0,0,0,0,0,0,0,0,0
ASV1096,0,0,0,0,0,0,0,0,0,0,0,0,0,0,0,0,0,0
ASV163,0,0,0,0,0,0,0,0,0,0,0,0,0,7.45E-05,0,0,0,0
ASV433,0,0,0,0,0,0,0,0,0,0,0,0,0,0,0,0,0,0
ASV999,0,0,0,0,0,0,0,0,0,0,0,0,0,0,0,0,0,0
ASV288,0,0,0,0,0,0,0,0,0,0,0,0,4.96E-05,0,0,0,0,0
ASV230,0,0,7.45E-05,0,0,0,0,0,0,0,0,0,0,0,0,0,0,0
ASV328,0,0,0,0,0,0,0,0,0,0,0,0,0,0,0,0,0,0
ASV841,0,0,0,0,0,0,0,0,0,0,0,4.96E-05,0,0,0,0,0,0
ASV1043,0,0,0,0,0,0,0,0,0,7.45E-05,0,0,0,0,0,0,0,0
ASV1095,0,0,0,0,0,0,0,0,0,0,0,0,0,0,0,0,0,0
ASV1210,0,0,0,0,0,0,0,0,0,0,0,0,0,0,0,0,0,7.45E-05
ASV901,0,0,0,0,0,0,0,0,4.96E-05,0,0,0,0,0,0,0,0,0
ASV625,0,0,0,0,0,0,4.96E-05,0,0,0,0,0,0,0,0,0,0,0
ASV908,0,0,0,0,0,0,0,0,4.96E-05,0,0,0,0,0,0,0,0,0
ASV618,0,0,0,0,0,0,2.48E-05,0,0,0,0,0,0,0,0,0,0,0
ASV162,0,0,0,0,0,0,0,0,0,0,0,0,0,7.45E-05,0,0,0,0
ASV1317,0,0,0,0,0,0,0,0,0,0,0,0,0,0,0,0,0,0
ASV714,0,0,0,0,0,0,0,7.45E-05,0,0,0,0,0,0,0,0,0,0
ASV624,0,0,0,0,0,0,7.45E-05,0,0,0,0,0,0,0,0,0,0,0
ASV431,0,0,0,0,0,0,0,0,0,0,0,0,0,0,0,0,0,0
ASV906,0,0,0,0,0,0,0,0,7.45E-05,0,0,0,0,0,0,0,0,0
ASV629,0,0,0,0,0,0,7.45E-05,0,0,0,0,0,0,0,0,0,0,0
ASV228,0,0,7.45E-05,0,0,0,0,0,0,0,0,0,0,0,0,0,0,0
ASV846,0,0,0,0,0,0,0,0,0,0,0,2.48E-05,0,0,0,0,0,0
ASV780,4.96E-05,0,0,0,0,0,0,0,0,0,0,0,0,0,0,0,0,0
ASV750,0,0,0,0,0,4.96E-05,0,0,0,0,0,0,0,0,0,0,0,0
ASV1155,0,0,0,0,0,0,0,0,0,0,0,0,0,0,4.96E-05,0,0,0
ASV422,0,0,0,0,0,0,0,0,0,0,0,0,0,0,0,0,0,0
ASV455,0,7.45E-05,0,0,0,0,0,0,0,0,0,0,0,0,0,0,0,0
ASV543,0,0,0,0,0,0,0,0,0,0,0,0,0,0,0,0,4.96E-05,0
ASV913,0,0,0,0,0,0,0,0,4.96E-05,0,0,0,0,0,0,0,0,0
ASV229,0,0,7.45E-05,0,0,0,0,0,0,0,0,0,0,0,0,0,0,0
ASV432,0,0,0,0,0,0,0,0,0,0,0,0,0,0,0,0,0,0
ASV453,0,7.45E-05,0,0,0,0,0,0,0,0,0,0,0,0,0,0,0,0
ASV92,0,0,0,0,7.45E-05,0,0,0,0,0,0,0,0,0,0,0,0,0
ASV1039,0,0,0,0,0,0,0,0,0,4.96E-05,0,0,0,0,0,0,0,0
ASV335,0,0,0,0,0,0,0,0,0,0,0,0,0,0,0,0,0,0
ASV1312,0,0,0,0,0,0,0,0,0,0,0,0,0,0,0,0,0,0
ASV96,0,0,0,0,4.96E-05,0,0,0,0,0,0,0,0,0,0,0,0,0
ASV712,0,0,0,0,0,0,0,7.45E-05,0,0,0,0,0,0,0,0,0,0
ASV551,0,0,0,0,0,0,0,0,0,0,0,0,0,0,0,0,4.96E-05,0
ASV1376,0,0,0,0,0,0,0,0,0,0,7.45E-05,0,0,0,0,0,0,0
ASV1315,0,0,0,0,0,0,0,0,0,0,0,0,0,0,0,0,0,0
ASV957,0,0,0,4.96E-05,0,0,0,0,0,0,0,0,0,0,0,0,0,0
ASV843,0,0,0,0,0,0,0,0,0,0,0,7.45E-05,0,0,0,0,0,0
ASV421,0,0,0,0,0,0,0,0,0,0,0,0,0,0,0,0,0,0
ASV225,0,0,7.45E-05,0,0,0,0,0,0,0,0,0,0,0,0,0,0,0
ASV672,0,0,0,0,0,0,0,0,0,0,0,0,0,0,0,4.96E-05,0,0
ASV713,0,0,0,0,0,0,0,4.96E-05,0,0,0,0,0,0,0,0,0,0
ASV904,0,0,0,0,0,0,0,0,7.45E-05,0,0,0,0,0,0,0,0,0
ASV621,0,0,0,0,0,0,4.96E-05,0,0,0,0,0,0,0,0,0,0,0
ASV552,0,0,0,0,0,0,0,0,0,0,0,0,0,0,0,0,4.96E-05,0
ASV676,0,0,0,0,0,0,0,0,0,0,0,0,0,0,0,7.45E-05,0,0
ASV1323,0,0,0,0,0,0,0,0,0,0,0,0,0,0,0,0,0,0
ASV620,0,0,0,0,0,0,7.45E-05,0,0,0,0,0,0,0,0,0,0,0
ASV94,0,0,0,0,4.96E-05,0,0,0,0,0,0,0,0,0,0,0,0,0
ASV1156,0,0,0,0,0,0,0,0,0,0,0,0,0,0,7.45E-05,0,0,0
ASV1372,0,0,0,0,0,0,0,0,0,0,7.45E-05,0,0,0,0,0,0,0
ASV86,0,0,0,0,7.45E-05,0,0,0,0,0,0,0,0,0,0,0,0,0
ASV1258,0,0,0,0,0,0,0,0,0,0,0,0,0,0,0,0,0,0
ASV90,0,0,0,0,7.45E-05,0,0,0,0,0,0,0,0,0,0,0,0,0
ASV1045,0,0,0,0,0,0,0,0,0,7.45E-05,0,0,0,0,0,0,0,0
ASV1370,0,0,0,0,0,0,0,0,0,0,7.45E-05,0,0,0,0,0,0,0
ASV287,0,0,0,0,0,0,0,0,0,0,0,0,7.45E-05,0,0,0,0,0
ASV430,0,0,0,0,0,0,0,0,0,0,0,0,0,0,0,0,0,0
ASV1097,0,0,0,0,0,0,0,0,0,0,0,0,0,0,0,0,0,0
ASV1044,0,0,0,0,0,0,0,0,0,7.45E-05,0,0,0,0,0,0,0,0
ASV954,0,0,0,4.96E-05,0,0,0,0,0,0,0,0,0,0,0,0,0,0
ASV285,0,0,0,0,0,0,0,0,0,0,0,0,7.45E-05,0,0,0,0,0
ASV330,0,0,0,0,0,0,0,0,0,0,0,0,0,0,0,0,0,0
ASV541,0,0,0,0,0,0,0,0,0,0,0,0,0,0,0,0,7.45E-05,0
ASV782,7.45E-05,0,0,0,0,0,0,0,0,0,0,0,0,0,0,0,0,0
ASV1377,0,0,0,0,0,0,0,0,0,0,7.45E-05,0,0,0,0,0,0,0
ASV952,0,0,0,4.96E-05,0,0,0,0,0,0,0,0,0,0,0,0,0,0
ASV426,0,0,0,0,0,0,0,0,0,0,0,0,0,0,0,0,0,0
ASV1259,0,0,0,0,0,0,0,0,0,0,0,0,0,0,0,0,0,0
ASV548,0,0,0,0,0,0,0,0,0,0,0,0,0,0,0,0,7.45E-05,0
ASV717,0,0,0,0,0,0,0,7.45E-05,0,0,0,0,0,0,0,0,0,0
ASV336,0,0,0,0,0,0,0,0,0,0,0,0,0,0,0,0,0,0
ASV909,0,0,0,0,0,0,0,0,7.45E-05,0,0,0,0,0,0,0,0,0
ASV1209,0,0,0,0,0,0,0,0,0,0,0,0,0,0,0,0,0,7.45E-05
ASV325,0,0,0,0,0,0,0,0,0,0,0,0,0,0,0,0,0,0
ASV627,0,0,0,0,0,0,7.45E-05,0,0,0,0,0,0,0,0,0,0,0
ASV1101,0,0,0,0,0,0,0,0,0,0,0,0,0,0,0,0,0,0
ASV1040,0,0,0,0,0,0,0,0,0,7.45E-05,0,0,0,0,0,0,0,0
ASV622,0,0,0,0,0,0,4.96E-05,0,0,0,0,0,0,0,0,0,0,0
ASV284,0,0,0,0,0,0,0,0,0,0,0,0,7.45E-05,0,0,0,0,0
ASV718,0,0,0,0,0,0,0,4.96E-05,0,0,0,0,0,0,0,0,0,0
ASV1208,0,0,0,0,0,0,0,0,0,0,0,0,0,0,0,0,0,4.96E-05
ASV722,0,0,0,0,0,0,0,4.96E-05,0,0,0,0,0,0,0,0,0,0
ASV424,0,0,0,0,0,0,0,0,0,0,0,0,0,0,0,0,0,0
ASV549,0,0,0,0,0,0,0,0,0,0,0,0,0,0,0,0,4.96E-05,0
ASV842,0,0,0,0,0,0,0,0,0,0,0,7.45E-05,0,0,0,0,0,0
ASV1001,0,0,0,0,0,0,0,0,0,0,0,0,0,0,0,0,0,0
ASV749,0,0,0,0,0,7.45E-05,0,0,0,0,0,0,0,0,0,0,0,0
ASV331,0,0,0,0,0,0,0,0,0,0,0,0,0,0,0,0,0,0
ASV1320,0,0,0,0,0,0,0,0,0,0,0,0,0,0,0,0,0,0
ASV905,0,0,0,0,0,0,0,0,7.45E-05,0,0,0,0,0,0,0,0,0
ASV286,0,0,0,0,0,0,0,0,0,0,0,0,7.45E-05,0,0,0,0,0
ASV1105,0,0,0,0,0,0,0,0,0,0,0,0,0,0,0,0,0,0
ASV1375,0,0,0,0,0,0,0,0,0,0,7.45E-05,0,0,0,0,0,0,0
ASV545,0,0,0,0,0,0,0,0,0,0,0,0,0,0,0,0,4.96E-05,0
ASV948,0,0,0,7.45E-05,0,0,0,0,0,0,0,0,0,0,0,0,0,0
ASV332,0,0,0,0,0,0,0,0,0,0,0,0,0,0,0,0,0,0
ASV840,0,0,0,0,0,0,0,0,0,0,0,7.45E-05,0,0,0,0,0,0
ASV334,0,0,0,0,0,0,0,0,0,0,0,0,0,0,0,0,0,0
ASV1038,0,0,0,0,0,0,0,0,0,7.45E-05,0,0,0,0,0,0,0,0
ASV845,0,0,0,0,0,0,0,0,0,0,0,4.96E-05,0,0,0,0,0,0
ASV1000,0,0,0,0,0,0,0,0,0,0,0,0,0,0,0,0,0,0
ASV953,0,0,0,7.45E-05,0,0,0,0,0,0,0,0,0,0,0,0,0,0
ASV98,0,0,0,0,7.45E-05,0,0,0,0,0,0,0,0,0,0,0,0,0
ASV628,0,0,0,0,0,0,7.45E-05,0,0,0,0,0,0,0,0,0,0,0
ASV227,0,0,7.45E-05,0,0,0,0,0,0,0,0,0,0,0,0,0,0,0
ASV907,0,0,0,0,0,0,0,0,7.45E-05,0,0,0,0,0,0,0,0,0
ASV956,0,0,0,4.96E-05,0,0,0,0,0,0,0,0,0,0,0,0,0,0
ASV844,0,0,0,0,0,0,0,0,0,0,0,7.45E-05,0,0,0,0,0,0
ASV1316,0,0,0,0,0,0,0,0,0,0,0,0,0,0,0,0,0,0
ASV998,0,0,0,0,0,0,0,0,0,0,0,0,0,0,0,0,0,0
ASV784,7.45E-05,0,0,0,0,0,0,0,0,0,0,0,0,0,0,0,0,0
ASV671,0,0,0,0,0,0,0,0,0,0,0,0,0,0,0,4.96E-05,0,0
ASV419,0,0,0,0,0,0,0,0,0,0,0,0,0,0,0,0,0,0
ASV223,0,0,4.96E-05,0,0,0,0,0,0,0,0,0,0,0,0,0,0,0
ASV848,0,0,0,0,0,0,0,0,0,0,0,7.45E-05,0,0,0,0,0,0
ASV1103,0,0,0,0,0,0,0,0,0,0,0,0,0,0,0,0,0,0
ASV1041,0,0,0,0,0,0,0,0,0,7.45E-05,0,0,0,0,0,0,0,0
ASV333,0,0,0,0,0,0,0,0,0,0,0,0,0,0,0,0,0,0
ASV1099,0,0,0,0,0,0,0,0,0,0,0,0,0,0,0,0,0,0
ASV1318,0,0,0,0,0,0,0,0,0,0,0,0,0,0,0,0,0,0
ASV752,0,0,0,0,0,4.96E-05,0,0,0,0,0,0,0,0,0,0,0,0
ASV547,0,0,0,0,0,0,0,0,0,0,0,0,0,0,0,0,7.45E-05,0
ASV423,0,0,0,0,0,0,0,0,0,0,0,0,0,0,0,0,0,0
ASV1102,0,0,0,0,0,0,0,0,0,0,0,0,0,0,0,0,0,0
ASV97,0,0,0,0,4.96E-05,0,0,0,0,0,0,0,0,0,0,0,0,0
ASV949,0,0,0,7.45E-05,0,0,0,0,0,0,0,0,0,0,0,0,0,0
ASV723,0,0,0,0,0,0,0,7.45E-05,0,0,0,0,0,0,0,0,0,0
ASV748,0,0,0,0,0,7.45E-05,0,0,0,0,0,0,0,0,0,0,0,0
ASV425,0,0,0,0,0,0,0,0,0,0,0,0,0,0,0,0,0,0
ASV955,0,0,0,4.96E-05,0,0,0,0,0,0,0,0,0,0,0,0,0,0
ASV720,0,0,0,0,0,0,0,7.45E-05,0,0,0,0,0,0,0,0,0,0
ASV783,7.45E-05,0,0,0,0,0,0,0,0,0,0,0,0,0,0,0,0,0
ASV1322,0,0,0,0,0,0,0,0,0,0,0,0,0,0,0,0,0,0
ASV95,0,0,0,0,4.96E-05,0,0,0,0,0,0,0,0,0,0,0,0,0
ASV91,0,0,0,0,7.45E-05,0,0,0,0,0,0,0,0,0,0,0,0,0
ASV1154,0,0,0,0,0,0,0,0,0,0,0,0,0,0,7.45E-05,0,0,0
ASV1374,0,0,0,0,0,0,0,0,0,0,7.45E-05,0,0,0,0,0,0,0
ASV716,0,0,0,0,0,0,0,7.45E-05,0,0,0,0,0,0,0,0,0,0
ASV1104,0,0,0,0,0,0,0,0,0,0,0,0,0,0,0,0,0,0
ASV1314,0,0,0,0,0,0,0,0,0,0,0,0,0,0,0,0,0,0
ASV1207,0,0,0,0,0,0,0,0,0,0,0,0,0,0,0,0,0,7.45E-05
ASV1319,0,0,0,0,0,0,0,0,0,0,0,0,0,0,0,0,0,0
ASV1206,0,0,0,0,0,0,0,0,0,0,0,0,0,0,0,0,0,4.96E-05
ASV1202,0,0,0,0,0,0,0,0,0,0,0,0,0,0,0,0,0,4.96E-05
ASV903,0,0,0,0,0,0,0,0,2.48E-05,0,0,0,0,0,0,0,0,0
ASV951,0,0,0,7.45E-05,0,0,0,0,0,0,0,0,0,0,0,0,0,0
ASV675,0,0,0,0,0,0,0,0,0,0,0,0,0,0,0,4.96E-05,0,0
ASV781,7.45E-05,0,0,0,0,0,0,0,0,0,0,0,0,0,0,0,0,0
ASV1203,0,0,0,0,0,0,0,0,0,0,0,0,0,0,0,0,0,4.96E-05
ASV1211,0,0,0,0,0,0,0,0,0,0,0,0,0,0,0,0,0,7.45E-05
ASV454,0,7.45E-05,0,0,0,0,0,0,0,0,0,0,0,0,0,0,0,0
ASV87,0,0,0,0,7.45E-05,0,0,0,0,0,0,0,0,0,0,0,0,0
ASV779,7.45E-05,0,0,0,0,0,0,0,0,0,0,0,0,0,0,0,0,0
ASV673,0,0,0,0,0,0,0,0,0,0,0,0,0,0,0,4.96E-05,0,0
ASV224,0,0,7.45E-05,0,0,0,0,0,0,0,0,0,0,0,0,0,0,0
ASV85,0,0,0,0,7.45E-05,0,0,0,0,0,0,0,0,0,0,0,0,0
ASV1098,0,0,0,0,0,0,0,0,0,0,0,0,0,0,0,0,0,0
ASV1157,0,0,0,0,0,0,0,0,0,0,0,0,0,0,4.96E-05,0,0,0
ASV721,0,0,0,0,0,0,0,7.45E-05,0,0,0,0,0,0,0,0,0,0
ASV1002,0,0,0,0,0,0,0,0,0,0,0,0,0,0,0,0,0,0
ASV715,0,0,0,0,0,0,0,4.96E-05,0,0,0,0,0,0,0,0,0,0
ASV323,0,0,0,0,0,0,0,0,0,0,0,0,0,0,0,0,0,0
ASV340,0,0,0,0,0,0,0,0,0,0,0,0,0,0,0,0,0,0
ASV329,0,0,0,0,0,0,0,0,0,0,0,0,0,0,0,0,0,0
ASV617,0,0,0,0,0,0,7.45E-05,0,0,0,0,0,0,0,0,0,0,0
ASV1042,0,0,0,0,0,0,0,0,0,4.96E-05,0,0,0,0,0,0,0,0
ASV616,0,0,0,0,0,0,7.45E-05,0,0,0,0,0,0,0,0,0,0,0
ASV161,0,0,0,0,0,0,0,0,0,0,0,0,0,4.96E-05,0,0,0,0
ASV911,0,0,0,0,0,0,0,0,4.96E-05,0,0,0,0,0,0,0,0,0
ASV326,0,0,0,0,0,0,0,0,0,0,0,0,0,0,0,0,0,0
ASV623,0,0,0,0,0,0,7.45E-05,0,0,0,0,0,0,0,0,0,0,0
ASV626,0,0,0,0,0,0,7.45E-05,0,0,0,0,0,0,0,0,0,0,0
ASV339,0,0,0,0,0,0,0,0,0,0,0,0,0,0,0,0,0,0
ASV753,0,0,0,0,0,7.45E-05,0,0,0,0,0,0,0,0,0,0,0,0
ASV1257,0,0,0,0,0,0,0,0,0,0,0,0,0,0,0,0,0,0
ASV1313,0,0,0,0,0,0,0,0,0,0,0,0,0,0,0,0,0,0
ASV327,0,0,0,0,0,0,0,0,0,0,0,0,0,0,0,0,0,0
ASV1158,0,0,0,0,0,0,0,0,0,0,0,0,0,0,4.96E-05,0,0,0
ASV670,0,0,0,0,0,0,0,0,0,0,0,0,0,0,0,7.45E-05,0,0
ASV324,0,0,0,0,0,0,0,0,0,0,0,0,0,0,0,0,0,0
ASV1094,0,0,0,0,0,0,0,0,0,0,0,0,0,0,0,0,0,0
ASV1159,0,0,0,0,0,0,0,0,0,0,0,0,0,0,7.45E-05,0,0,0
ASV1037,0,0,0,0,0,0,0,0,0,7.45E-05,0,0,0,0,0,0,0,0
ASV231,0,0,7.45E-05,0,0,0,0,0,0,0,0,0,0,0,0,0,0,0
ASV1204,0,0,0,0,0,0,0,0,0,0,0,0,0,0,0,0,0,7.45E-05
ASV947,0,0,0,7.45E-05,0,0,0,0,0,0,0,0,0,0,0,0,0,0
ASV544,0,0,0,0,0,0,0,0,0,0,0,0,0,0,0,0,2.48E-05,0
ASV910,0,0,0,0,0,0,0,0,7.45E-05,0,0,0,0,0,0,0,0,0
ASV1321,0,0,0,0,0,0,0,0,0,0,0,0,0,0,0,0,0,0
ASV719,0,0,0,0,0,0,0,2.48E-05,0,0,0,0,0,0,0,0,0,0
ASV338,0,0,0,0,0,0,0,0,0,0,0,0,0,0,0,0,0,0
ASV341,0,0,0,0,0,0,0,0,0,0,0,0,0,0,0,0,0,0
ASV849,0,0,0,0,0,0,0,0,0,0,0,7.45E-05,0,0,0,0,0,0
ASV452,0,7.45E-05,0,0,0,0,0,0,0,0,0,0,0,0,0,0,0,0
ASV427,0,0,0,0,0,0,0,0,0,0,0,0,0,0,0,0,0,0
ASV902,0,0,0,0,0,0,0,0,4.96E-05,0,0,0,0,0,0,0,0,0
ASV950,0,0,0,4.96E-05,0,0,0,0,0,0,0,0,0,0,0,0,0,0
ASV226,0,0,4.96E-05,0,0,0,0,0,0,0,0,0,0,0,0,0,0,0
ASV93,0,0,0,0,2.48E-05,0,0,0,0,0,0,0,0,0,0,0,0,0
ASV1369,0,0,0,0,0,0,0,0,0,0,7.45E-05,0,0,0,0,0,0,0
ASV337,0,0,0,0,0,0,0,0,0,0,0,0,0,0,0,0,0,0
ASV1371,0,0,0,0,0,0,0,0,0,0,7.45E-05,0,0,0,0,0,0,0
ASV1100,0,0,0,0,0,0,0,0,0,0,0,0,0,0,0,0,0,0
ASV847,0,0,0,0,0,0,0,0,0,0,0,4.96E-05,0,0,0,0,0,0
ASV1373,0,0,0,0,0,0,0,0,0,0,7.45E-05,0,0,0,0,0,0,0
ASV861,0,0,0,0,0,0,0,0,0,0,0,4.96E-05,0,0,0,0,0,0
ASV1121,0,0,0,0,0,0,0,0,0,0,0,0,0,0,0,0,0,0
ASV237,0,0,2.48E-05,0,0,0,0,0,0,0,0,0,0,0,0,0,0,0
ASV1163,0,0,0,0,0,0,0,0,0,0,0,0,0,0,4.96E-05,0,0,0
ASV1339,0,0,0,0,0,0,0,0,0,0,0,0,0,0,0,0,0,0
ASV457,0,4.96E-05,0,0,0,0,0,0,0,0,0,0,0,0,0,0,0,0
ASV246,0,0,4.96E-05,0,0,0,0,0,0,0,0,0,0,0,0,0,0,0
ASV1119,0,0,0,0,0,0,0,0,0,0,0,0,0,0,0,0,0,0
ASV1009,0,0,0,0,0,0,0,0,0,0,0,0,0,0,0,0,0,0
ASV1392,0,0,0,0,0,0,0,0,0,0,4.96E-05,0,0,0,0,0,0,0
ASV242,0,0,2.48E-05,0,0,0,0,0,0,0,0,0,0,0,0,0,0,0
ASV289,0,0,0,0,0,0,0,0,0,0,0,0,4.96E-05,0,0,0,0,0
ASV343,0,0,0,0,0,0,0,0,0,0,0,0,0,0,0,0,0,0
ASV1378,0,0,0,0,0,0,0,0,0,0,4.96E-05,0,0,0,0,0,0,0
ASV456,0,2.48E-05,0,0,0,0,0,0,0,0,0,0,0,0,0,0,0,0
ASV966,0,0,0,2.48E-05,0,0,0,0,0,0,0,0,0,0,0,0,0,0
ASV554,0,0,0,0,0,0,0,0,0,0,0,0,0,0,0,0,2.48E-05,0
ASV758,0,0,0,0,0,4.96E-05,0,0,0,0,0,0,0,0,0,0,0,0
ASV735,0,0,0,0,0,0,0,4.96E-05,0,0,0,0,0,0,0,0,0,0
ASV1048,0,0,0,0,0,0,0,0,0,4.96E-05,0,0,0,0,0,0,0,0
ASV1008,0,0,0,0,0,0,0,0,0,0,0,0,0,0,0,0,0,0
ASV919,0,0,0,0,0,0,0,0,2.48E-05,0,0,0,0,0,0,0,0,0
ASV168,0,0,0,0,0,0,0,0,0,0,0,0,0,2.48E-05,0,0,0,0
ASV1109,0,0,0,0,0,0,0,0,0,0,0,0,0,0,0,0,0,0
ASV365,0,0,0,0,0,0,0,0,0,0,0,0,0,0,0,0,0,0
ASV914,0,0,0,0,0,0,0,0,2.48E-05,0,0,0,0,0,0,0,0,0
ASV169,0,0,0,0,0,0,0,0,0,0,0,0,0,2.48E-05,0,0,0,0
ASV437,0,0,0,0,0,0,0,0,0,0,0,0,0,0,0,0,0,0
ASV557,0,0,0,0,0,0,0,0,0,0,0,0,0,0,0,0,2.48E-05,0
ASV102,0,0,0,0,4.96E-05,0,0,0,0,0,0,0,0,0,0,0,0,0
ASV353,0,0,0,0,0,0,0,0,0,0,0,0,0,0,0,0,0,0
ASV858,0,0,0,0,0,0,0,0,0,0,0,4.96E-05,0,0,0,0,0,0
ASV1261,0,0,0,0,0,0,0,0,0,0,0,0,0,0,0,0,0,0
ASV1125,0,0,0,0,0,0,0,0,0,0,0,0,0,0,0,0,0,0
ASV560,0,0,0,0,0,0,0,0,0,0,0,0,0,0,0,0,2.48E-05,0
ASV1387,0,0,0,0,0,0,0,0,0,0,4.96E-05,0,0,0,0,0,0,0
ASV1114,0,0,0,0,0,0,0,0,0,0,0,0,0,0,0,0,0,0
ASV1264,0,0,0,0,0,0,0,0,0,0,0,0,0,0,0,0,0,0
ASV352,0,0,0,0,0,0,0,0,0,0,0,0,0,0,0,0,0,0
ASV915,0,0,0,0,0,0,0,0,4.96E-05,0,0,0,0,0,0,0,0,0
ASV107,0,0,0,0,4.96E-05,0,0,0,0,0,0,0,0,0,0,0,0,0
ASV459,0,4.96E-05,0,0,0,0,0,0,0,0,0,0,0,0,0,0,0,0
ASV111,0,0,0,0,4.96E-05,0,0,0,0,0,0,0,0,0,0,0,0,0
ASV445,0,0,0,0,0,0,0,0,0,0,0,0,0,0,0,0,0,0
ASV441,0,0,0,0,0,0,0,0,0,0,0,0,0,0,0,0,0,0
ASV677,0,0,0,0,0,0,0,0,0,0,0,0,0,0,0,4.96E-05,0,0
ASV862,0,0,0,0,0,0,0,0,0,0,0,4.96E-05,0,0,0,0,0,0
ASV1165,0,0,0,0,0,0,0,0,0,0,0,0,0,0,4.96E-05,0,0,0
ASV555,0,0,0,0,0,0,0,0,0,0,0,0,0,0,0,0,4.96E-05,0
ASV1052,0,0,0,0,0,0,0,0,0,4.96E-05,0,0,0,0,0,0,0,0
ASV232,0,0,4.96E-05,0,0,0,0,0,0,0,0,0,0,0,0,0,0,0
ASV1331,0,0,0,0,0,0,0,0,0,0,0,0,0,0,0,0,0,0
ASV790,4.96E-05,0,0,0,0,0,0,0,0,0,0,0,0,0,0,0,0,0
ASV644,0,0,0,0,0,0,4.96E-05,0,0,0,0,0,0,0,0,0,0,0
ASV351,0,0,0,0,0,0,0,0,0,0,0,0,0,0,0,0,0,0
ASV1334,0,0,0,0,0,0,0,0,0,0,0,0,0,0,0,0,0,0
ASV1332,0,0,0,0,0,0,0,0,0,0,0,0,0,0,0,0,0,0
ASV1326,0,0,0,0,0,0,0,0,0,0,0,0,0,0,0,0,0,0
ASV734,0,0,0,0,0,0,0,4.96E-05,0,0,0,0,0,0,0,0,0,0
ASV1112,0,0,0,0,0,0,0,0,0,0,0,0,0,0,0,0,0,0
ASV1047,0,0,0,0,0,0,0,0,0,4.96E-05,0,0,0,0,0,0,0,0
ASV291,0,0,0,0,0,0,0,0,0,0,0,0,2.48E-05,0,0,0,0,0
ASV639,0,0,0,0,0,0,4.96E-05,0,0,0,0,0,0,0,0,0,0,0
ASV104,0,0,0,0,4.96E-05,0,0,0,0,0,0,0,0,0,0,0,0,0
ASV754,0,0,0,0,0,4.96E-05,0,0,0,0,0,0,0,0,0,0,0,0
ASV350,0,0,0,0,0,0,0,0,0,0,0,0,0,0,0,0,0,0
ASV235,0,0,2.48E-05,0,0,0,0,0,0,0,0,0,0,0,0,0,0,0
ASV755,0,0,0,0,0,2.48E-05,0,0,0,0,0,0,0,0,0,0,0,0
ASV860,0,0,0,0,0,0,0,0,0,0,0,4.96E-05,0,0,0,0,0,0
ASV364,0,0,0,0,0,0,0,0,0,0,0,0,0,0,0,0,0,0
ASV446,0,0,0,0,0,0,0,0,0,0,0,0,0,0,0,0,0,0
ASV342,0,0,0,0,0,0,0,0,0,0,0,0,0,0,0,0,0,0
ASV576,0,0,0,0,0,0,0,0,0,0,0,0,0,0,0,0,2.48E-05,0
ASV363,0,0,0,0,0,0,0,0,0,0,0,0,0,0,0,0,0,0
ASV1324,0,0,0,0,0,0,0,0,0,0,0,0,0,0,0,0,0,0
ASV570,0,0,0,0,0,0,0,0,0,0,0,0,0,0,0,0,4.96E-05,0
ASV756,0,0,0,0,0,4.96E-05,0,0,0,0,0,0,0,0,0,0,0,0
ASV786,4.96E-05,0,0,0,0,0,0,0,0,0,0,0,0,0,0,0,0,0
ASV1107,0,0,0,0,0,0,0,0,0,0,0,0,0,0,0,0,0,0
ASV1122,0,0,0,0,0,0,0,0,0,0,0,0,0,0,0,0,0,0
ASV970,0,0,0,4.96E-05,0,0,0,0,0,0,0,0,0,0,0,0,0,0
ASV791,4.96E-05,0,0,0,0,0,0,0,0,0,0,0,0,0,0,0,0,0
ASV571,0,0,0,0,0,0,0,0,0,0,0,0,0,0,0,0,4.96E-05,0
ASV444,0,0,0,0,0,0,0,0,0,0,0,0,0,0,0,0,0,0
ASV1118,0,0,0,0,0,0,0,0,0,0,0,0,0,0,0,0,0,0
ASV1124,0,0,0,0,0,0,0,0,0,0,0,0,0,0,0,0,0,0
ASV558,0,0,0,0,0,0,0,0,0,0,0,0,0,0,0,0,4.96E-05,0
ASV244,0,0,4.96E-05,0,0,0,0,0,0,0,0,0,0,0,0,0,0,0
ASV1212,0,0,0,0,0,0,0,0,0,0,0,0,0,0,0,0,0,4.96E-05
ASV100,0,0,0,0,4.96E-05,0,0,0,0,0,0,0,0,0,0,0,0,0
ASV958,0,0,0,4.96E-05,0,0,0,0,0,0,0,0,0,0,0,0,0,0
ASV357,0,0,0,0,0,0,0,0,0,0,0,0,0,0,0,0,0,0
ASV1222,0,0,0,0,0,0,0,0,0,0,0,0,0,0,0,0,0,4.96E-05
ASV245,0,0,4.96E-05,0,0,0,0,0,0,0,0,0,0,0,0,0,0,0
ASV1385,0,0,0,0,0,0,0,0,0,0,4.96E-05,0,0,0,0,0,0,0
ASV575,0,0,0,0,0,0,0,0,0,0,0,0,0,0,0,0,4.96E-05,0
ASV564,0,0,0,0,0,0,0,0,0,0,0,0,0,0,0,0,2.48E-05,0
ASV1004,0,0,0,0,0,0,0,0,0,0,0,0,0,0,0,0,0,0
ASV240,0,0,4.96E-05,0,0,0,0,0,0,0,0,0,0,0,0,0,0,0
ASV574,0,0,0,0,0,0,0,0,0,0,0,0,0,0,0,0,4.96E-05,0
ASV1383,0,0,0,0,0,0,0,0,0,0,4.96E-05,0,0,0,0,0,0,0
ASV733,0,0,0,0,0,0,0,4.96E-05,0,0,0,0,0,0,0,0,0,0
ASV859,0,0,0,0,0,0,0,0,0,0,0,2.48E-05,0,0,0,0,0,0
ASV251,0,0,2.48E-05,0,0,0,0,0,0,0,0,0,0,0,0,0,0,0
ASV857,0,0,0,0,0,0,0,0,0,0,0,4.96E-05,0,0,0,0,0,0
ASV553,0,0,0,0,0,0,0,0,0,0,0,0,0,0,0,0,2.48E-05,0
ASV1384,0,0,0,0,0,0,0,0,0,0,4.96E-05,0,0,0,0,0,0,0
ASV923,0,0,0,0,0,0,0,0,2.48E-05,0,0,0,0,0,0,0,0,0
ASV348,0,0,0,0,0,0,0,0,0,0,0,0,0,0,0,0,0,0
ASV1333,0,0,0,0,0,0,0,0,0,0,0,0,0,0,0,0,0,0
ASV1049,0,0,0,0,0,0,0,0,0,4.96E-05,0,0,0,0,0,0,0,0
ASV177,0,0,0,0,0,0,0,0,0,0,0,0,0,2.48E-05,0,0,0,0
ASV442,0,0,0,0,0,0,0,0,0,0,0,0,0,0,0,0,0,0
ASV855,0,0,0,0,0,0,0,0,0,0,0,4.96E-05,0,0,0,0,0,0
ASV436,0,0,0,0,0,0,0,0,0,0,0,0,0,0,0,0,0,0
ASV679,0,0,0,0,0,0,0,0,0,0,0,0,0,0,0,4.96E-05,0,0
ASV239,0,0,4.96E-05,0,0,0,0,0,0,0,0,0,0,0,0,0,0,0
ASV569,0,0,0,0,0,0,0,0,0,0,0,0,0,0,0,0,4.96E-05,0
ASV1214,0,0,0,0,0,0,0,0,0,0,0,0,0,0,0,0,0,4.96E-05
ASV1379,0,0,0,0,0,0,0,0,0,0,4.96E-05,0,0,0,0,0,0,0
ASV728,0,0,0,0,0,0,0,4.96E-05,0,0,0,0,0,0,0,0,0,0
ASV1340,0,0,0,0,0,0,0,0,0,0,0,0,0,0,0,0,0,0
ASV729,0,0,0,0,0,0,0,4.96E-05,0,0,0,0,0,0,0,0,0,0
ASV1330,0,0,0,0,0,0,0,0,0,0,0,0,0,0,0,0,0,0
ASV99,0,0,0,0,2.48E-05,0,0,0,0,0,0,0,0,0,0,0,0,0
ASV1382,0,0,0,0,0,0,0,0,0,0,4.96E-05,0,0,0,0,0,0,0
ASV172,0,0,0,0,0,0,0,0,0,0,0,0,0,4.96E-05,0,0,0,0
ASV634,0,0,0,0,0,0,4.96E-05,0,0,0,0,0,0,0,0,0,0,0
ASV965,0,0,0,2.48E-05,0,0,0,0,0,0,0,0,0,0,0,0,0,0
ASV640,0,0,0,0,0,0,4.96E-05,0,0,0,0,0,0,0,0,0,0,0
ASV916,0,0,0,0,0,0,0,0,4.96E-05,0,0,0,0,0,0,0,0,0
ASV173,0,0,0,0,0,0,0,0,0,0,0,0,0,4.96E-05,0,0,0,0
ASV1388,0,0,0,0,0,0,0,0,0,0,4.96E-05,0,0,0,0,0,0,0
ASV178,0,0,0,0,0,0,0,0,0,0,0,0,0,2.48E-05,0,0,0,0
ASV562,0,0,0,0,0,0,0,0,0,0,0,0,0,0,0,0,2.48E-05,0
ASV1266,0,0,0,0,0,0,0,0,0,0,0,0,0,0,0,0,0,0
ASV1120,0,0,0,0,0,0,0,0,0,0,0,0,0,0,0,0,0,0
ASV960,0,0,0,4.96E-05,0,0,0,0,0,0,0,0,0,0,0,0,0,0
ASV566,0,0,0,0,0,0,0,0,0,0,0,0,0,0,0,0,2.48E-05,0
ASV856,0,0,0,0,0,0,0,0,0,0,0,2.48E-05,0,0,0,0,0,0
ASV1265,0,0,0,0,0,0,0,0,0,0,0,0,0,0,0,0,0,0
ASV103,0,0,0,0,4.96E-05,0,0,0,0,0,0,0,0,0,0,0,0,0
ASV1262,0,0,0,0,0,0,0,0,0,0,0,0,0,0,0,0,0,0
ASV678,0,0,0,0,0,0,0,0,0,0,0,0,0,0,0,2.48E-05,0,0
ASV1390,0,0,0,0,0,0,0,0,0,0,4.96E-05,0,0,0,0,0,0,0
ASV1054,0,0,0,0,0,0,0,0,0,4.96E-05,0,0,0,0,0,0,0,0
ASV238,0,0,4.96E-05,0,0,0,0,0,0,0,0,0,0,0,0,0,0,0
ASV789,4.96E-05,0,0,0,0,0,0,0,0,0,0,0,0,0,0,0,0,0
ASV458,0,4.96E-05,0,0,0,0,0,0,0,0,0,0,0,0,0,0,0,0
ASV175,0,0,0,0,0,0,0,0,0,0,0,0,0,2.48E-05,0,0,0,0
ASV724,0,0,0,0,0,0,0,4.96E-05,0,0,0,0,0,0,0,0,0,0
ASV234,0,0,4.96E-05,0,0,0,0,0,0,0,0,0,0,0,0,0,0,0
ASV921,0,0,0,0,0,0,0,0,4.96E-05,0,0,0,0,0,0,0,0,0
ASV1006,0,0,0,0,0,0,0,0,0,0,0,0,0,0,0,0,0,0
ASV1325,0,0,0,0,0,0,0,0,0,0,0,0,0,0,0,0,0,0
ASV345,0,0,0,0,0,0,0,0,0,0,0,0,0,0,0,0,0,0
ASV1123,0,0,0,0,0,0,0,0,0,0,0,0,0,0,0,0,0,0
ASV250,0,0,2.48E-05,0,0,0,0,0,0,0,0,0,0,0,0,0,0,0
ASV1164,0,0,0,0,0,0,0,0,0,0,0,0,0,0,4.96E-05,0,0,0
ASV1051,0,0,0,0,0,0,0,0,0,4.96E-05,0,0,0,0,0,0,0,0
ASV165,0,0,0,0,0,0,0,0,0,0,0,0,0,4.96E-05,0,0,0,0
ASV1160,0,0,0,0,0,0,0,0,0,0,0,0,0,0,4.96E-05,0,0,0
ASV1220,0,0,0,0,0,0,0,0,0,0,0,0,0,0,0,0,0,4.96E-05
ASV925,0,0,0,0,0,0,0,0,4.96E-05,0,0,0,0,0,0,0,0,0
ASV922,0,0,0,0,0,0,0,0,2.48E-05,0,0,0,0,0,0,0,0,0
ASV1391,0,0,0,0,0,0,0,0,0,0,4.96E-05,0,0,0,0,0,0,0
ASV920,0,0,0,0,0,0,0,0,4.96E-05,0,0,0,0,0,0,0,0,0
ASV1162,0,0,0,0,0,0,0,0,0,0,0,0,0,0,4.96E-05,0,0,0
ASV1260,0,0,0,0,0,0,0,0,0,0,0,0,0,0,0,0,0,0
ASV1328,0,0,0,0,0,0,0,0,0,0,0,0,0,0,0,0,0,0
ASV1046,0,0,0,0,0,0,0,0,0,4.96E-05,0,0,0,0,0,0,0,0
ASV344,0,0,0,0,0,0,0,0,0,0,0,0,0,0,0,0,0,0
ASV174,0,0,0,0,0,0,0,0,0,0,0,0,0,4.96E-05,0,0,0,0
ASV850,0,0,0,0,0,0,0,0,0,0,0,4.96E-05,0,0,0,0,0,0
ASV1270,0,0,0,0,0,0,0,0,0,0,0,0,0,0,0,0,0,0
ASV785,4.96E-05,0,0,0,0,0,0,0,0,0,0,0,0,0,0,0,0,0
ASV561,0,0,0,0,0,0,0,0,0,0,0,0,0,0,0,0,2.48E-05,0
ASV924,0,0,0,0,0,0,0,0,4.96E-05,0,0,0,0,0,0,0,0,0
ASV243,0,0,4.96E-05,0,0,0,0,0,0,0,0,0,0,0,0,0,0,0
ASV110,0,0,0,0,4.96E-05,0,0,0,0,0,0,0,0,0,0,0,0,0
ASV443,0,0,0,0,0,0,0,0,0,0,0,0,0,0,0,0,0,0
ASV963,0,0,0,2.48E-05,0,0,0,0,0,0,0,0,0,0,0,0,0,0
ASV637,0,0,0,0,0,0,4.96E-05,0,0,0,0,0,0,0,0,0,0,0
ASV167,0,0,0,0,0,0,0,0,0,0,0,0,0,2.48E-05,0,0,0,0
ASV1386,0,0,0,0,0,0,0,0,0,0,4.96E-05,0,0,0,0,0,0,0
ASV568,0,0,0,0,0,0,0,0,0,0,0,0,0,0,0,0,2.48E-05,0
ASV101,0,0,0,0,4.96E-05,0,0,0,0,0,0,0,0,0,0,0,0,0
ASV1217,0,0,0,0,0,0,0,0,0,0,0,0,0,0,0,0,0,4.96E-05
ASV233,0,0,4.96E-05,0,0,0,0,0,0,0,0,0,0,0,0,0,0,0
ASV927,0,0,0,0,0,0,0,0,2.48E-05,0,0,0,0,0,0,0,0,0
ASV236,0,0,4.96E-05,0,0,0,0,0,0,0,0,0,0,0,0,0,0,0
ASV567,0,0,0,0,0,0,0,0,0,0,0,0,0,0,0,0,2.48E-05,0
ASV435,0,0,0,0,0,0,0,0,0,0,0,0,0,0,0,0,0,0
ASV248,0,0,4.96E-05,0,0,0,0,0,0,0,0,0,0,0,0,0,0,0
ASV241,0,0,2.48E-05,0,0,0,0,0,0,0,0,0,0,0,0,0,0,0
ASV1003,0,0,0,0,0,0,0,0,0,0,0,0,0,0,0,0,0,0
ASV1327,0,0,0,0,0,0,0,0,0,0,0,0,0,0,0,0,0,0
ASV438,0,0,0,0,0,0,0,0,0,0,0,0,0,0,0,0,0,0
ASV559,0,0,0,0,0,0,0,0,0,0,0,0,0,0,0,0,4.96E-05,0
ASV926,0,0,0,0,0,0,0,0,2.48E-05,0,0,0,0,0,0,0,0,0
ASV1218,0,0,0,0,0,0,0,0,0,0,0,0,0,0,0,0,0,4.96E-05
ASV1338,0,0,0,0,0,0,0,0,0,0,0,0,0,0,0,0,0,0
ASV851,0,0,0,0,0,0,0,0,0,0,0,4.96E-05,0,0,0,0,0,0
ASV354,0,0,0,0,0,0,0,0,0,0,0,0,0,0,0,0,0,0
ASV928,0,0,0,0,0,0,0,0,4.96E-05,0,0,0,0,0,0,0,0,0
ASV1117,0,0,0,0,0,0,0,0,0,0,0,0,0,0,0,0,0,0
ASV1161,0,0,0,0,0,0,0,0,0,0,0,0,0,0,4.96E-05,0,0,0
ASV635,0,0,0,0,0,0,4.96E-05,0,0,0,0,0,0,0,0,0,0,0
ASV572,0,0,0,0,0,0,0,0,0,0,0,0,0,0,0,0,2.48E-05,0
ASV247,0,0,2.48E-05,0,0,0,0,0,0,0,0,0,0,0,0,0,0,0
ASV573,0,0,0,0,0,0,0,0,0,0,0,0,0,0,0,0,2.48E-05,0
ASV1267,0,0,0,0,0,0,0,0,0,0,0,0,0,0,0,0,0,0
ASV632,0,0,0,0,0,0,4.96E-05,0,0,0,0,0,0,0,0,0,0,0
ASV1108,0,0,0,0,0,0,0,0,0,0,0,0,0,0,0,0,0,0
ASV757,0,0,0,0,0,4.96E-05,0,0,0,0,0,0,0,0,0,0,0,0
ASV788,4.96E-05,0,0,0,0,0,0,0,0,0,0,0,0,0,0,0,0,0
ASV170,0,0,0,0,0,0,0,0,0,0,0,0,0,4.96E-05,0,0,0,0
ASV1380,0,0,0,0,0,0,0,0,0,0,4.96E-05,0,0,0,0,0,0,0
ASV918,0,0,0,0,0,0,0,0,4.96E-05,0,0,0,0,0,0,0,0,0
ASV1110,0,0,0,0,0,0,0,0,0,0,0,0,0,0,0,0,0,0
ASV440,0,0,0,0,0,0,0,0,0,0,0,0,0,0,0,0,0,0
ASV732,0,0,0,0,0,0,0,2.48E-05,0,0,0,0,0,0,0,0,0,0
ASV1393,0,0,0,0,0,0,0,0,0,0,4.96E-05,0,0,0,0,0,0,0
ASV643,0,0,0,0,0,0,4.96E-05,0,0,0,0,0,0,0,0,0,0,0
ASV1113,0,0,0,0,0,0,0,0,0,0,0,0,0,0,0,0,0,0
ASV1111,0,0,0,0,0,0,0,0,0,0,0,0,0,0,0,0,0,0
ASV1337,0,0,0,0,0,0,0,0,0,0,0,0,0,0,0,0,0,0
ASV360,0,0,0,0,0,0,0,0,0,0,0,0,0,0,0,0,0,0
ASV854,0,0,0,0,0,0,0,0,0,0,0,4.96E-05,0,0,0,0,0,0
ASV346,0,0,0,0,0,0,0,0,0,0,0,0,0,0,0,0,0,0
ASV358,0,0,0,0,0,0,0,0,0,0,0,0,0,0,0,0,0,0
ASV1263,0,0,0,0,0,0,0,0,0,0,0,0,0,0,0,0,0,0
ASV961,0,0,0,2.48E-05,0,0,0,0,0,0,0,0,0,0,0,0,0,0
ASV105,0,0,0,0,4.96E-05,0,0,0,0,0,0,0,0,0,0,0,0,0
ASV727,0,0,0,0,0,0,0,4.96E-05,0,0,0,0,0,0,0,0,0,0
ASV1007,0,0,0,0,0,0,0,0,0,0,0,0,0,0,0,0,0,0
ASV461,0,4.96E-05,0,0,0,0,0,0,0,0,0,0,0,0,0,0,0,0
ASV362,0,0,0,0,0,0,0,0,0,0,0,0,0,0,0,0,0,0
ASV968,0,0,0,4.96E-05,0,0,0,0,0,0,0,0,0,0,0,0,0,0
ASV641,0,0,0,0,0,0,2.48E-05,0,0,0,0,0,0,0,0,0,0,0
ASV1219,0,0,0,0,0,0,0,0,0,0,0,0,0,0,0,0,0,4.96E-05
ASV1053,0,0,0,0,0,0,0,0,0,2.48E-05,0,0,0,0,0,0,0,0
ASV645,0,0,0,0,0,0,2.48E-05,0,0,0,0,0,0,0,0,0,0,0
ASV730,0,0,0,0,0,0,0,4.96E-05,0,0,0,0,0,0,0,0,0,0
ASV355,0,0,0,0,0,0,0,0,0,0,0,0,0,0,0,0,0,0
ASV642,0,0,0,0,0,0,4.96E-05,0,0,0,0,0,0,0,0,0,0,0
ASV1389,0,0,0,0,0,0,0,0,0,0,4.96E-05,0,0,0,0,0,0,0
ASV962,0,0,0,2.48E-05,0,0,0,0,0,0,0,0,0,0,0,0,0,0
ASV1381,0,0,0,0,0,0,0,0,0,0,4.96E-05,0,0,0,0,0,0,0
ASV726,0,0,0,0,0,0,0,4.96E-05,0,0,0,0,0,0,0,0,0,0
ASV108,0,0,0,0,4.96E-05,0,0,0,0,0,0,0,0,0,0,0,0,0
ASV852,0,0,0,0,0,0,0,0,0,0,0,4.96E-05,0,0,0,0,0,0
ASV176,0,0,0,0,0,0,0,0,0,0,0,0,0,4.96E-05,0,0,0,0
ASV1329,0,0,0,0,0,0,0,0,0,0,0,0,0,0,0,0,0,0
ASV967,0,0,0,4.96E-05,0,0,0,0,0,0,0,0,0,0,0,0,0,0
ASV969,0,0,0,4.96E-05,0,0,0,0,0,0,0,0,0,0,0,0,0,0
ASV1221,0,0,0,0,0,0,0,0,0,0,0,0,0,0,0,0,0,2.48E-05
ASV1216,0,0,0,0,0,0,0,0,0,0,0,0,0,0,0,0,0,4.96E-05
ASV460,0,4.96E-05,0,0,0,0,0,0,0,0,0,0,0,0,0,0,0,0
ASV787,4.96E-05,0,0,0,0,0,0,0,0,0,0,0,0,0,0,0,0,0
ASV347,0,0,0,0,0,0,0,0,0,0,0,0,0,0,0,0,0,0
ASV439,0,0,0,0,0,0,0,0,0,0,0,0,0,0,0,0,0,0
ASV964,0,0,0,2.48E-05,0,0,0,0,0,0,0,0,0,0,0,0,0,0
ASV434,0,0,0,0,0,0,0,0,0,0,0,0,0,0,0,0,0,0
ASV171,0,0,0,0,0,0,0,0,0,0,0,0,0,4.96E-05,0,0,0,0
ASV356,0,0,0,0,0,0,0,0,0,0,0,0,0,0,0,0,0,0
ASV1336,0,0,0,0,0,0,0,0,0,0,0,0,0,0,0,0,0,0
ASV853,0,0,0,0,0,0,0,0,0,0,0,4.96E-05,0,0,0,0,0,0
ASV1213,0,0,0,0,0,0,0,0,0,0,0,0,0,0,0,0,0,2.48E-05
ASV556,0,0,0,0,0,0,0,0,0,0,0,0,0,0,0,0,4.96E-05,0
ASV1115,0,0,0,0,0,0,0,0,0,0,0,0,0,0,0,0,0,0
ASV106,0,0,0,0,4.96E-05,0,0,0,0,0,0,0,0,0,0,0,0,0
ASV462,0,4.96E-05,0,0,0,0,0,0,0,0,0,0,0,0,0,0,0,0
ASV636,0,0,0,0,0,0,4.96E-05,0,0,0,0,0,0,0,0,0,0,0
ASV1215,0,0,0,0,0,0,0,0,0,0,0,0,0,0,0,0,0,4.96E-05
ASV633,0,0,0,0,0,0,4.96E-05,0,0,0,0,0,0,0,0,0,0,0
ASV565,0,0,0,0,0,0,0,0,0,0,0,0,0,0,0,0,4.96E-05,0
ASV349,0,0,0,0,0,0,0,0,0,0,0,0,0,0,0,0,0,0
ASV725,0,0,0,0,0,0,0,4.96E-05,0,0,0,0,0,0,0,0,0,0
ASV249,0,0,4.96E-05,0,0,0,0,0,0,0,0,0,0,0,0,0,0,0
ASV959,0,0,0,4.96E-05,0,0,0,0,0,0,0,0,0,0,0,0,0,0
ASV917,0,0,0,0,0,0,0,0,4.96E-05,0,0,0,0,0,0,0,0,0
ASV731,0,0,0,0,0,0,0,2.48E-05,0,0,0,0,0,0,0,0,0,0
ASV1335,0,0,0,0,0,0,0,0,0,0,0,0,0,0,0,0,0,0
ASV361,0,0,0,0,0,0,0,0,0,0,0,0,0,0,0,0,0,0
ASV1268,0,0,0,0,0,0,0,0,0,0,0,0,0,0,0,0,0,0
ASV1269,0,0,0,0,0,0,0,0,0,0,0,0,0,0,0,0,0,0
